movieId,title,release_date,overview,popularity,vote_average,vote_count,tmdb_id
1,Toy Story (1995),11/22/1995,"Led by Woody, Andy's toys live happily in his room until Andy's birthday brings Buzz Lightyear onto the scene. Afraid of losing his place in Andy's heart, Woody plots against Buzz. But when circumstances separate Buzz and Woody from their owner, the duo eventually learns to put aside their differences.",29.4626,7.97,19082,862
2,Jumanji (1995),12/15/1995,"When siblings Judy and Peter discover an enchanted board game that opens the door to a magical world, they unwittingly invite Alan -- an adult who's been trapped inside the game for 26 years -- into their living room. Alan's only hope for freedom is to finish the game, which proves risky as all three find themselves running from giant rhinoceroses, evil monkeys and other terrifying creatures.",3.2037,7.24,10881,8844
3,Grumpier Old Men (1995),12/22/1995,"A family wedding reignites the ancient feud between next-door neighbors and fishing buddies John and Max. Meanwhile, a sultry Italian divorcée opens a restaurant at the local bait shop, alarming the locals who worry she'll scare the fish away. But she's less interested in seafood than she is in cooking up a hot time with Max.",2.4286,6.467,403,15602
4,Waiting to Exhale (1995),12/22/1995,"Cheated on, mistreated and stepped on, the women are holding their breath, waiting for the elusive ""good man"" to break a string of less-than-stellar lovers. Friends and confidants Vannah, Bernie, Glo and Robin talk it all out, determined to find a better way to breathe.",1.4808,6.267,174,31357
5,Father of the Bride Part II (1995),12/8/1995,"Just when George Banks has recovered from his daughter's wedding, he receives the news that she's pregnant ... and that George's wife is expecting too. He was planning on selling their home, but that's a plan that—like George—will have to change with the arrival of both a grandchild and a kid of his own.",1.6454,6.252,763,11862
6,Heat (1995),12/15/1995,Obsessive master thief Neil McCauley leads a top-notch crew on various daring heists throughout Los Angeles while determined detective Vincent Hanna pursues him without rest. Each man recognizes and respects the ability and the dedication of the other even though they are aware their cat-and-mouse game may end in violence.,15.9774,7.921,7772,949
7,Sabrina (1995),7/12/2018,A toy manufacturer and his wife are terrorized by a demon after their orphaned niece tries to call her late mother's spirit.,1.6443,5.333,189,503902
8,Tom and Huck (1995),12/22/1995,"A mischievous young boy, Tom Sawyer, witnesses a murder by the deadly Injun Joe. Tom becomes friends with Huckleberry Finn, a boy with no future and no family. Tom has to choose between honoring a friendship or honoring an oath because the town alcoholic is accused of the murder. Tom and Huck go through several adventures trying to retrieve evidence.",0.7341,5.3,198,45325
9,Sudden Death (1995),11/7/2021,A kid is riding a bike to his home and realising that he’s not alone,0.0362,10,1,895601
10,GoldenEye (1995),11/16/1995,"When a powerful satellite system falls into the hands of Alec Trevelyan, AKA Agent 006, a former ally-turned-enemy, only James Bond can save the world from a dangerous space weapon that -- in one short pulse -- could destroy the earth! As Bond squares off against his former compatriot, he also battles Xenia Onatopp, an assassin who uses pleasure as her ultimate weapon.",10.5017,6.895,4084,710
11,"American President, The (1995)",11/17/1995,"Widowed U.S. president Andrew Shepherd, one of the world's most powerful men, can have anything he wants -- and what he covets most is Sydney Ellen Wade, a Washington lobbyist. But Shepherd's attempts at courting her spark wild rumors and decimate his approval ratings.",3.1793,6.534,743,9087
12,Dracula: Dead and Loving It (1995),12/22/1995,"When a lawyer shows up at the vampire's doorstep, he falls prey to his charms and joins him in his search for fresh blood. Enter Professor Van Helsing, who may be the only one able to vanquish the Count.",2.5438,6.092,1025,12110
13,Balto (1995),12/22/1995,"An outcast half-wolf risks his life to prevent a deadly epidemic from ravaging Nome, Alaska.",1.7794,7.303,2098,21032
14,Nixon (1995),12/22/1995,A look at President Richard M. Nixon—a man carrying the fate of the world on his shoulders while battling the self-destructive demands from within—spanning his troubled boyhood in California to the shocking Watergate scandal that would end his Presidency.,3.8181,6.871,379,10858
15,Cutthroat Island (1995),12/22/1995,"Morgan Adams and her slave, William Shaw, are on a quest to recover the three portions of a treasure map. Unfortunately, the final portion is held by her murderous uncle, Dawg. Her crew is skeptical of her leadership abilities, so she must complete her quest before they mutiny against her. This is made yet more difficult by the efforts of the British crown to end her pirate raids.",1.7769,5.8,581,1408
16,Casino (1995),11/22/1995,"In early-1970s Las Vegas, Sam ""Ace"" Rothstein gets tapped by his bosses to head the Tangiers Casino. At first, he's a great success in the job, but over the years, problems with his loose-cannon enforcer Nicky Santoro, his ex-hustler wife Ginger, her con-artist ex Lester Diamond and a handful of corrupt politicians put Sam in ever-increasing danger.",9.1255,7.997,6160,524
17,Sense and Sensibility (1995),2/24/2024,"A period adaptation of Jane Austen's Sense and Sensibility. After a change in circumstances, Marianne is torn between two men, while Elinor longs for a man beyond reach.",0.422,5,9,1221680
18,Four Rooms (1995),12/9/1995,It's Ted the Bellhop's first night on the job...and the hotel's very unusual guests are about to place him in some outrageous predicaments. It seems that this evening's room service is serving up one unbelievable happening after another.,2.7338,5.869,2722,5
19,Ace Ventura: When Nature Calls (1995),11/10/1995,"Summoned from an ashram in Tibet, Ace finds himself on a perilous journey into the jungles of Africa to find Shikaka, the missing sacred animal of the friendly Wachati tribe. He must accomplish this before the wedding of the Wachati's Princess to the prince of the warrior Wachootoos. If Ace fails, the result will be a vicious tribal war.",8.4875,6.3,4317,9273
20,Money Train (1995),11/21/1995,"When a vengeful New York transit cop decides to steal a trainload of subway fares, his foster brother—a fellow cop—tries to protect him.",3.8046,5.9,806,11517
21,Get Shorty (1995),10/20/1995,"Chili Palmer is a Miami mobster who gets sent to L.A. to collect a bad debt from Harry Zimm, a Hollywood producer who specializes in cheesy horror films. When Chili meets Harry's leading lady, the romantic sparks fly. After pitching his own life story as a movie idea, Chili learns that being a mobster and being a Hollywood producer really aren't all that different.",3.4679,6.511,1120,8012
22,Copycat (1995),10/27/1995,An agoraphobic psychologist and a female detective must work together to take down a serial killer who copies serial killers from the past.,8.7906,6.5,1130,1710
23,Assassins (1995),8/12/2021,"True crime meets global spy thriller in this gripping account of the assassination of Kim Jong-nam, the half brother of the North Korean leader. The film follows the trial of the two female assassins, probing the question: were the women trained killers or innocent pawns of North Korea?",0.6087,6.81,29,653740
24,Powder (1995),10/27/1995,"Harassed by classmates who won't accept his shocking appearance, a shy young man known as ""Powder"" struggles to fit in. But the cruel taunts stop when Powder displays a mysterious power that allows him to do incredible things. This phenomenon changes the lives of all those around him in ways they never could have imagined.",3.0911,7.001,686,12665
25,Leaving Las Vegas (1995),10/27/1995,"Ben Sanderson, an alcoholic Hollywood screenwriter who lost everything because of his drinking, arrives in Las Vegas to drink himself to death. There, he meets and forms an uneasy friendship and non-interference pact with prostitute Sera.",5.9171,7.253,1532,451
26,Othello (1995),12/23/2001,"With freshly rechristened characters and brand-new dialogue, this British TV production of Othello is a ""rethinking"" of Shakespeare's play, albeit still retaining the original's power and potency. The story is set in the London of the near future, a crime-ridden metropolis virtually torn apart by racial hostilities. By order of the Prime Minister, black police officer John Othello (Eamonn Walker) is promoted to Commissioner, a post dearly coveted by Othello's friend, mentor and fellow officer Ben Jago (Christopher Eccleston). Seething with jealousy, Jago contrives to discredit Othello in the eyes of the public, and to destroy John's interracial marriage to the lily-white Dessie (Keeley Hawes). Among those used as unwitting dupes to gain Jago's ends are Othello's trusted lieutenant, Michael Cass (Richard Coyle), scrupulously honest police constable Alan Roderick (Del Synnott), and Jago's own wife, Lulu (Rachael Stirling).",1.1866,6.6,10,116808
27,Now and Then (1995),10/8/2023,"While moving house, a middle-aged Muslim woman finds a box of old tapes filled with the memories of her husband's previous relationship and becomes increasingly obsessed.",0.0311,5,1,1165708
28,Persuasion (1995),5/1/1995,"Anne Elliot, the daughter of a financially troubled aristocratic family, is persuaded to break her engagement to Frederick Wentworth, a young sea captain of meager means. Years later, money troubles force Anne's father to rent out the family estate to Admiral Croft, and Anne is again thrown into company with Frederick -- who is now rich, successful, and perhaps still in love with Anne.",1.9292,7.093,134,17015
29,"City of Lost Children, The (Cité des enfants perdus, La) (1995)",5/17/1995,"A scientist in a surrealist society kidnaps children to steal their dreams, hoping that they slow his aging process.",2.0955,7.249,1149,902
30,Shanghai Triad (Yao a yao yao dao waipo qiao) (1995),9/14/1995,"Shanghai, China, 1930. When young Shuisheng arrives from the countryside, his uncle Liushu puts him at the service of Bijou, the mistress of Laoda, supreme boss of the Tang Triad, constantly threatened by his enemies, both those he knows and those lurking in the shadows.",2.2158,6.8,98,37557
31,Dangerous Minds (1995),8/11/1995,"Former Marine Louanne Johnson lands a gig teaching in a pilot program for bright but underachieving teens at a notorious inner-city high school. After having a terrible first day, she decides she must throw decorum to the wind. When Johnson returns to the classroom, she does so armed with a no-nonsense attitude informed by her military training and a fearless determination to better the lives of her students -- no matter what the cost.",3.6899,6.978,1194,9909
32,Twelve Monkeys (a.k.a. 12 Monkeys) (1995),12/29/1995,"In the year 2035, convict James Cole reluctantly volunteers to be sent back in time to discover the origin of a deadly virus that wiped out nearly all of the earth's population and forced the survivors into underground communities. But when Cole is mistakenly sent to 1990 instead of 1996, he's arrested and locked up in a mental hospital. There he meets psychiatrist Dr. Kathryn Railly and the son of a famous virus expert who may hold the key to the Army of the 12 Monkeys; thought to be responsible for unleashing the killer disease.",14.9325,7.6,8678,63
34,Babe (1995),7/18/1995,"Babe is a little pig who doesn't quite know his place in the world. With a bunch of odd friends, like Ferdinand the duck who thinks he is a rooster and Fly the dog he calls mum, Babe realises that he has the makings to become the greatest sheep pig of all time, and Farmer Hoggett knows it. With the help of the sheep dogs, Babe learns that a pig can be anything that he wants to be.",5.1376,6.249,2993,9598
36,Dead Man Walking (1995),12/29/1995,A death row inmate turns for spiritual guidance to a local nun in the days leading up to his scheduled execution for the murders of a young couple.,1.9263,7.327,1412,687
38,It Takes Two (1995),11/17/1995,"Identical 9-year-olds from very different backgrounds: orphaned Amanda and wealthy Alyssa meet at summer camp and decide to switch places -- and play matchmaker between Alyssa's dad, Roger, and the kind social worker who cares for Amanda.",3.0677,6.511,924,33689
39,Clueless (1995),7/19/1995,"Shallow, rich and socially successful Cher is at the top of her Beverly Hills high school's pecking scale. Seeing herself as a matchmaker, Cher first coaxes two teachers into dating each other. Emboldened by her success, she decides to give hopelessly klutzy new student Tai a makeover. When Tai becomes more popular than she is, Cher realizes that her disapproving ex-stepbrother was right about how misguided she was -- and falls for him.",10.319,7.27,4600,9603
40,"Cry, the Beloved Country (1995)",12/15/1995,A South-African preacher goes to search for his wayward son who has committed a crime in the big city.,2.3073,6.7,26,34615
41,Richard III (1995),1/1/1986,Richard of Gloucester uses murder and manipulation to claim England's throne.,0.1012,0,0,869261
42,Dead Presidents (1995),9/29/1995,On the streets they call cash dead presidents. And that's just what a Vietnam veteran is after when he returns home from the war only to find himself drawn into a life of crime. With the aid of his fellow vets he plans the ultimate heist -- a daring robbery of an armored car filled with unmarked U.S. currency!,2.2797,6.656,305,11443
43,Restoration (1995),12/29/1995,"An aspiring young physician, Robert Merivel found himself in the service of King Charles II and saves the life of someone close to the King. Merivel joins the King's court and lives the high life provided to someone of his position. Merivel is ordered to marry his King's mistress in order to divert the queens suspicions. He is given one order by the king and that is not to fall in love. The situation worsens when Merivel finds himself in love with his new wife. Eventually, the King finds out and relieves Merivel of his position and wealth. His fall from grace leaves Merivel where he first started. And through his travels and reunions with an old friend, he rediscovers his love for true medicine and what it really means to be a physician.",2.3516,6.052,124,35196
44,Mortal Kombat (1995),4/7/2021,"Washed-up MMA fighter Cole Young, unaware of his heritage, and hunted by Emperor Shang Tsung's best warrior, Sub-Zero, seeks out and trains with Earth's greatest champions as he prepares to stand against the enemies of Outworld in a high stakes battle for the universe.",11.0023,7.012,6050,460465
45,To Die For (1995),9/22/1995,"Suzanne Stone wants to be a world-famous news anchor and she is willing to do anything to get what she wants. What she lacks in intelligence, she makes up for in cold determination and diabolical wiles. As she pursues her goal with relentless focus, she is forced to destroy anything and anyone that may stand in her way, regardless of the ultimate cost or means necessary.",2.541,6.6,827,577
46,How to Make an American Quilt (1995),10/6/1995,"Soon-to-be-wed graduate student Finn Dodd develops cold feet when she suspects her fiancé is cheating on her. In order to clear her head, Finn visits her grandmother, Hy, and great aunt, Glady Joe Cleary, in Grasse, Calif. There, Finn learns that Hy and Glady Joe are members of a group of passionate quilters, and over the course of her visit she is regaled with tales of love and life by women who have collected rich experiences and much wisdom.",3.0895,6.412,188,11861
47,Seven (a.k.a. Se7en) (1995),5/1/1996,Seven short stories.,0.7181,9.5,1,475009
48,Pocahontas (1995),6/14/1995,"Pocahontas, daughter of a Native American tribe chief, falls in love with an English soldier as colonists invade 17th century Virginia.",9.5075,6.914,5862,10530
49,When Night Is Falling (1995),2/1/1995,"Camille is a professor at a Protestant college and is in a long-term relationship Martin, a respected minister and fellow professor. When Camille meets Petra, a bold and flamboyant performer in a circus troupe, she is inexplicably drawn. Pursuing Petra, Camille throws her whole conservative life into disarray.",2.4814,6.318,85,8391
50,"Usual Suspects, The (1995)",7/19/1995,"Held in an L.A. interrogation room, Verbal Kint attempts to convince the feds that a mythic crime lord, Keyser Soze, not only exists, but was also responsible for drawing him and his four partners into a multi-million dollar heist that ended with an explosion in San Pedro harbor – leaving few survivors. Verbal lures his interrogators with an incredible story of the crime lord's almost supernatural prowess.",12.5601,8.173,10840,629
52,Mighty Aphrodite (1995),9/13/1995,"When Lenny and his wife, Amanda, adopt a baby, Lenny realizes that his son is a genius and becomes obsessed with finding the boy's biological mother in hopes that she will be brilliant too. But when he learns that Max's mother is Linda Ash, a kindhearted prostitute and porn star, Lenny is determined to reform her immoral lifestyle. A Greek chorus chimes in to relate the plot to Greek mythology in this quirky comedy.",1.9531,6.728,712,11448
53,Lamerica (1994),9/9/1994,"Fiore, an Italian conman, arrives in post Communist Albania with Gino, his young apprentice, to set up a shoe factory that will never open. The con requires a native Albanian, so they designate Spiro, an impoverished and confused former political prisoner as chairman of the board. When Fiore returns to Italy to get government funds for the project, Spiro unexpectedly disappears and Gino sets out on a journey to find him. The search leads him to discover Spiro's tragic personal history and witness Albanian poverty firsthand.",2.3402,7.1,60,49133
54,"Big Green, The (1995)",9/29/1995,"In a depressed Texas town, British foreign exchange teacher Anna attempts to inject some life into her hopeless kids by introducing them to soccer. They're terrible at first, but Anna and her football-hero assistant whip them into shape. As they work overtime, the pair help kids build their self-esteem and also get involved in solving family squabbles.",1.1626,5.554,191,26441
55,Georgia (1995),5/19/1995,"Sadie looks up to her older sister Georgia, a successful folk singer. Unfortunately it is this very obsession — coupled with her self-destructive tendencies and rampant drug abuse — that keeps her spiraling down the drain.",3.1571,5.818,44,97406
57,Home for the Holidays (1995),12/18/2017,"""Home for the Holidays"" is the third stand-alone two hour Christmas special of the ""Murdoch Mysteries"" that first aired on December 18, 2017 on CBC, followed by a second airing on December 25, 2017 in Canada.  Murdoch and Ogden travel to Victoria, B.C. to visit Murdoch’s brother, RCMP officer Jasper Linney. There, they investigate a murder connected to an archaeologist Megan Byrne who has uncovered an ancient Indigenous settlement, leading to a trek through the rugged beauty of British Columbia and encounters with the Songhees and Haida nations.  Meanwhile, the Brackenreids are offered a surefire investment opportunity that may not be all it seems. At the Station House, Crabtree and Higgins prepare for a ski-chalet holiday in Vermont with their girlfriends Nina and Ruth, but learn it may be more dangerous than expected.",0.8787,8.571,7,555303
58,"Postman, The (Postino, Il) (1994)",10/15/2019,A happy go lucky postman stumbles upon an empty house.,0.1617,8,1,775180
60,"Indian in the Cupboard, The (1995)",7/14/1995,A nine-year-old boy gets a plastic Indian and a cupboard for his birthday and finds himself involved in adventure when the Indian comes to life and befriends him.,1.7725,6.464,650,11359
61,Eye for an Eye (1996),8/30/2019,"Mario, an exemplary man, lives in a village on the Galician coast. In the old people’s home, where he works as a nurse, everyone appreciates him. When the best known narco in the area, Antonio Padín, recently released from prison, enters the residence, Mario tries to make Antonio feel at home.  Now, Padín's two sons, Kike and Toño, are in charge of the family business. The failure of an operation will put Kike in jail and cause them to owe a large debt to a Colombian supplier. Toño will turn to the nurse to try to convince his father to assume the debt. But Mario has his own plans.",2.5204,6.676,315,574376
62,Mr. Holland's Opus (1995),12/29/1995,"In 1965, passionate musician Glenn Holland takes a day job as a high school music teacher, convinced it's just a small obstacle on the road to his true calling: writing a historic opus. As the decades roll by with the composition unwritten but generations of students inspired through his teaching, Holland must redefine his life's purpose.",2.1412,6.959,431,2054
63,Don't Be a Menace to South Central While Drinking Your Juice in the Hood (1996),1/12/1996,"When Ashtray moves to South Central L.A. to live with his father (who appears to be the same age he is) and grandmother (who likes to talk tough and smoke reefer), he falls in with his gang-banging cousin Loc Dog, who along with the requisite pistols and Uzi carries a thermo-nuclear warhead for self-defense. Will Ashtray be able to keep living the straight life?",7.231,7,1398,10607
64,Two if by Sea (1996),1/12/1996,"Frank O'Brien, a petty thief, and his 7-year-long girlfriend Roz want to put an end to their unsteady lifestyle and just do that last job, which involves stealing a valuable painting. Frank takes Roz to an island on the coast of New England, where he wants to sell the painting and also hopes that their sagging relationship will get a positive push back up. Not everything goes as planned.",1.2662,4.969,96,19760
65,Bio-Dome (1996),1/12/1996,"Moronic best friends get themselves locked inside the Bio-Dome, a science experiment, along with a group of environmental scientists for one year.",1.7332,4.5,381,9536
66,Lawnmower Man 2: Beyond Cyberspace (1996),1/12/1996,"After being rescued from the ruins of Virtual Space Industries, Jobe is rebuilt and reconnected to virtual reality by corporate mogul Jonathan Walker. Years later, teenage hacker Peter Parkette helps Jobe locate Benjamin Trace, the original creator of virtual reality, only to uncover Jobe’s plan to launch a new world order using Walker’s tech. Now, Peter, Trace, Cori, and a band of runaways must stop Jobe and Walker before they enslave humanity through cyberspace.",3.9398,3.3,161,11525
68,French Twist (Gazon maudit) (1995),1/18/1995,"After learning of her husband's infidelities, a housewife invites an itinerant lesbian to move in with them. None of their lives will ever be the same again.",2.2192,6.1,313,4482
69,Friday (1995),4/26/1995,"Craig and Smokey are two guys in Los Angeles hanging out on their porch on a Friday afternoon, smoking and drinking, looking for something to do.",5.8223,7.1,1907,10634
70,From Dusk Till Dawn (1996),1/19/1996,"After kidnapping a father and his two kids, the Gecko brothers head south to a seedy Mexican bar to hide out in safety, unaware of its notorious vampire clientele.",9.9315,7.027,6175,755
71,Fair Game (1995),11/3/1995,"Max Kirkpatrick is a cop who protects Kate McQuean, a civil law attorney, from a renegade KGB team out to terminate her",2.2816,5.1,315,11859
72,Kicking and Screaming (1995),10/6/1995,"After college graduation, Grover's girlfriend Jane tells him she's moving to Prague to study writing. Grover declines to accompany her, deciding instead to move in with several friends, all of whom can't quite work up the inertia to escape their university's pull. Nobody wants to make any big decisions that would radically alter his life, yet none of them wants to end up like Chet, the professional student who tends bar and is in his tenth year of university studies.",1.9974,6.171,222,28387
73,"Misérables, Les (1995)",12/27/1978,"In 19th century France, Jean Valjean, a man imprisoned for stealing bread, must flee a relentless policeman named Javert. The pursuit consumes both men's lives, and soon Valjean finds himself in the midst of the student revolutions in France.",3.3156,7.132,34,4479
74,Bed of Roses (1996),1/26/1996,"The seeds of love are planted when Lisa, a high-powered investment banker, receives flowers from a secret admirer. But when his fairy-tale fantasies clash with her workaholic ways, they soon find out that sometimes, it's harder than it seems for love to conquer all.",1.1742,5.86,118,20927
75,Big Bully (1996),1/26/1996,"A writer returns to his hometown where he faces the childhood nemesis whose life he ultimately ruined, only the bully wants to relive their painful past by torturing him once again.",1.0748,4.5,75,36929
76,Screamers (1995),12/8/2006,Internationally known director Carla Garapedian follows the rock band System of a Down as they tour Europe and the US pointing out the horrors of modern genocide that began in Armenia in 1915 up though Darfur today.,0.4903,4.2,5,45057
77,Nico Icon (1995),9/8/1995,"A look into the many lives of Christa Päffgen, otherwise known as Nico; from cutie German mädchen to the first of the supermodels, to glamorous diva of the Velvet Underground, to cult item, junkie and hag. Many faces for the same woman, whom, you realize, just couldn't bring herself to care enough to live.",0.94,7.5,10,124626
78,"Crossing Guard, The (1995)",9/3/1975,"Based on the idea by Roland Topor (screenwriter of Roman Polanski's The Tenant), this very curious completely silent melodrama tells the story of Mona, who has left her father, the railway gatekeeper, after being raped on the train track. She is kidnapped and taken to a Parisian whorehouse. However, a disinherited prince, Dudu who tries to rescue her, is himself kidnapped and forced to serve as a male prostitute. The two captives meet there and fall in love. They are taken away by different rich people - he to an Arab ""harem,"" she to a surgeon's home.",0.7029,0,0,328753
79,"Juror, The (1996)",4/18/1962,"In a moment of madness a middle-aged, married and respectable pharmacist kills a young woman who is sun-bathing by a lake. Unable to take in what he has done, he flees from the scene of the crime and behaves as if nothing has happened. Eventually her boyfriend is charged with the crime and, in a strange twist of fate, the killer finds himself serving on the jury.",0.4207,6.877,61,21070
80,"White Balloon, The (Badkonake sefid) (1995)",1/2/1995,Several people try to take advantage of a little girl's innocence to hustle money her mom gave to her to buy a goldfish with.,0.9587,7.4,97,46785
81,Things to Do in Denver When You're Dead (1995),12/1/1995,Five different criminals face imminent death after botching a job quite badly.,1.3413,6.436,401,400
82,Antonia's Line (Antonia) (1995),9/21/1995,"After World War II, Antonia and her daughter, Danielle, go back to their Dutch hometown, where Antonia's late mother has bestowed a small farm upon her. There, Antonia settles down and joins a tightly-knit but unusual community. Those around her include quirky friend Crooked Finger, would-be suitor Bas and, eventually for Antonia, a granddaughter and great-granddaughter who help create a strong family of empowered women.",0.9697,7.034,131,880
83,Once Upon a Time... When We Were Colored (1995),1/26/1996,A narrator tells the story of his childhood years in a tightly knit Afro-American community in the deep south under racial segregation.,0.9028,4.2,4,146599
85,Angels and Insects (1995),9/10/1995,"In Victorian England, wealthy patriarch Sir Harald Alabaster invites an impoverished biologist, William Adamson, into his home. There, William tries to continue his work, but is distracted by Alabaster's seductive daughter, Eugenia. William and Eugenia begin a torrid romance, but as the couple become closer, the young scientist begins to realize that dark, disturbing things are happening behind the closed doors of the Alabaster manor.",1.7462,6.26,52,8447
86,White Squall (1996),2/2/1996,"In 1960, a hardy group of prep school students boards an old-fashioned sailing ship. With Capt. Christopher Sheldon at the helm, the oceangoing voyage is intended to teach the boys fortitude and discipline. But the youthful crew are about to get some unexpected instruction in survival when they get caught in the clutches of a white squall storm.",1.5791,6.29,378,10534
87,Dunston Checks In (1996),1/12/1996,"Hotel manager Robert Grant is forced by his boss to postpone his family vacation when a hotel critic checks in. Trouble is, the critic is really a villainous jewel thief with an orangutan assistant named Dunston. When Dunston gets loose and tries to escape a life of crime -- aided by Robert's sons -- havoc, hijinks and lots of laughs abound!",1.5132,5.374,235,17414
88,Black Sheep (1996),5/1/2018,"After the high-profile killing of Damilola Taylor, Cornelius' family move out of London. But when they discover their new town is run by racists, Cornelius takes a drastic step to survive.",0.6182,7.3,50,543803
89,Nick of Time (1995),11/22/1995,An ordinary man is suddenly forced into a plot to kill a politician in exchange for his kidnapped daughter's freedom.,3.6619,6.2,756,2086
92,Mary Reilly (1996),2/23/1996,"A housemaid falls in love with Dr. Jekyll and his darkly mysterious counterpart, Mr. Hyde.",1.5114,5.786,329,9095
93,Vampire in Brooklyn (1995),10/26/1995,"Detective Rita Veder is assigned to a baffling serial murder case. After examining the crime scene — a corpse-filled ship found adrift at sea — she meets Maximilian, a smooth-talking Caribbean playboy determined to romance her.",2.2304,5.094,601,12158
94,Beautiful Girls (1996),2/9/1996,"During a snowy winter in the small fictional town of Knight's Ridge, Massachusetts, a group of lifelong buddies hang out, drink and struggle to connect with the women who affect their decisions, dreams and desires.",1.034,6.641,375,9283
95,Broken Arrow (1996),1/1/2001,"Since 1950, there have been 32 nuclear weapon accidents, known as ""Broken Arrows."" A Broken Arrow is defined as an unexpected event involving nuclear weapons that result in the accidental launching, firing, detonating, theft or loss of the weapon. To date, six nuclear weapons have been lost and never recovered.Now, recently declassified documents reveal the history and secrecy surrounding the events known as ""Broken Arrows"". There have been 32 nuclear weapon accidents since 1950. Six of these nuclear weapons have been lost and never recovered. What does this say about our defense system? What does this mean to our threatened environment? What do we do to rectify these monumental ""mistakes""? Using spectacular special effects, newly uncovered and recently declassified footage, filmmaker Peter Kuran explores the accidents, incidents and exercises in the secret world of nuclear weapons.",0.1223,3.8,2,54071
96,In the Bleak Midwinter (1995),9/29/1995,"Out of work actor Joe volunteers to help try and save his sister's local church for the community by putting on a Christmas production of Hamlet, somewhat against the advice of his agent Margaretta. As the cast he assembles are still available even at Christmas and are prepared to do it on a 'profit sharing' basis (that is, they may not get paid anything) he cannot expect - and does not get - the cream of the cream. But although they all bring their own problems and foibles along, something bigger starts to emerge in the perhaps aptly named village of Hope.",2.2475,7.085,41,40154
97,"Hate (Haine, La) (1995)",11/11/2020,"Humza is desperately attempting to turn his back on the violence in his life. Alas, in a society where hate is omnipresent, there’s no escape.",0.8605,5.813,8,763233
99,Heidi Fleiss: Hollywood Madam (1995),12/27/1995,"A documentary crew from the BBC arrives in L.A. intent on interviewing Heidi Fleiss, a year after her arrest for running a brothel but before her trial. Several months elapse before the interview, so the crew searches for anyone who'll talk about the young woman. Two people have a lot to say to the camera: a retired madam named Alex for whom Fleiss once worked and Fleiss's one-time boyfriend, Ivan Nagy, who introduced her to Alex. Alex and Nagy don't like each other, so the crew shuttles between them with ""she said"" and ""he said."" When they finally interview Fleiss, they spend their time reciting what Alex and Nagy have had to say and asking her reaction.",0.0907,6.6,14,63076
100,City Hall (1996),2/16/1996,"The accidental shooting of a boy in New York City leads to an investigation by the Deputy Mayor, and unexpectedly far-reaching consequences.",1.53,5.9,297,11062
101,Bottle Rocket (1996),,"Peter sends a bottle rocket into space and tells his friend Thomas, to their surprise, the bottle goes to space. The film then follows their attempt to reclaim the bottle rocket to avoid federal prison.",0.0168,0,0,1169787
102,Mr. Wrong (1996),2/16/1996,"A single and lonely woman finds the seemingly perfect man to date, but soon regrets it when his deranged and possessive other personality emerges and worst still, she cannot convince anyone else of his Jekyll/Hyde true nature.",2.9492,3.9,60,47475
103,Unforgettable (1996),8/16/2010,"Brad Williams is only the second person ever studied by neurologists for the newly-identified syndrome called ""hyperthymesia"", an extremely detailed form of autobiographical memory for events both global and personal, monumental and trivial. UNFORGETTABLE follows Brad's adventures as his rare mental gifts vault him from small-town anonymity to sudden mid-life notoriety.",0.138,5,1,286800
104,Happy Gilmore (1996),2/16/1996,"Failed hockey player-turned-golf whiz Happy Gilmore — whose unconventional approach and antics on the green courts the ire of rival Shooter McGavin — is determined to win a PGA tournament so he can save his granny's house with the prize money. Meanwhile, an attractive tour publicist tries to soften Happy's image.",11.3169,6.67,3072,9614
105,"Bridges of Madison County, The (1995)",6/2/1995,Photographer Robert Kincaid wanders into the life of housewife Francesca Johnson for four days in the 1960s.,6.226,7.72,2246,688
106,Nobody Loves Me (Keiner liebt mich) (1994),1/1/2017,"High in Lake Titicaca in the Andes Mountains, a large and homely frog once thrived, a species endemic to altitude and cold water named Telmatobius culeus. But over-collecting for human consumption, pollution and predation by introduced species have devastated the Titicaca water frog — which has a hard enough life as is, given its resemblance to a certain human sexual organ and the many unflattering nicknames that has spawned. In 2016, 10,000 frogs died all at once, and it wasn’t the first mass die-off this critically endangered species has experienced. This short film from The Redford Center shines a new light on these underappreciated animals, showing their amazing adaptability, crucial role in the aquatic ecosystem and what’s at stake — unless humans intervene.",0.0071,0,0,483879
107,Muppet Treasure Island (1996),2/14/1996,"Muppet Sing Alongs: Muppet Treasure Island is a 1996 video produced just before the release of the feature film Muppet Treasure Island. Kermit is joined by Polly Lobster, Clueless Morgan, Mad Monty and the other pirates from Muppet Treasure Island in this half hour of pirate songs.",0.1437,6,1,698609
108,Catwalk (1996),1/1/1972,"""The film stars Bone, originally named Basil Catbone, a creature who survived several life threatening events to die at the age of 17. He was one of my mentors and a cherished friend. When this film was shown in Europe many years ago, someone called him the 'Charles Bronson of cats'. Dogs feared him, but with humans he was gentle. [...] A little girl awaits a school bus. A spider awaits its prey. Through it all, Bone, a feline Zen master, walks stolidly ahead, implying, perhaps, that there might be a means to resolve this, and we see him choose to balance himself and move on down the line, walking the path of the middle way."" –Abbott Meader",0.0071,6,1,636379
110,Braveheart (1995),5/24/1995,"Enraged at the slaughter of Murron, his new bride and childhood love, Scottish warrior William Wallace slays a platoon of the local English lord's soldiers. This leads the village to revolt and, eventually, the entire country to rise up against English rule.",12.47,7.943,10566,197
111,Taxi Driver (1976),2/9/1976,A mentally unstable Vietnam War veteran works as a night-time taxi driver in New York City where the perceived decadence and sleaze feed his urge for violent action.,11.453,8.135,12837,103
112,Rumble in the Bronx (Hont faan kui) (1995),1/21/1995,"Keong comes from Hong Kong to visit New York for his uncle's wedding. His uncle runs a market in the Bronx and Keong offers to help out while Uncle is on his honeymoon. During his stay in the Bronx, Keong befriends a neighbor kid and beats up some neighborhood thugs who cause problems at the market. One of those petty thugs in the local gang stumbles into a criminal situation way over his head.",5.4331,6.819,1085,33542
113,Before and After (1996),10/5/1979,Patty Duke loses weight and discovers her husband has been cheating on her.,0.3268,2.7,3,504191
116,Anne Frank Remembered (1995),6/8/1995,"Using previously unreleased archival material in addition to contemporary interviews, this Academy Award-winning documentary tells the story of the Frank family and presents the first fully-rounded portrait of their brash and free-spirited daughter Anne, perhaps the world's most famous victim of the Holocaust.",0.6503,7.696,23,51352
117,"Young Poisoner's Handbook, The (1995)",1/20/1995,"Graham Young is a teenage misfit living in suburban London in the 1960s. He hates his stepmother but loves chemistry, and the two impulses unite in a wicked plot to slowly poison her. After she dies, he's found guilty and sent to a psychiatric hospital, where an idealistic doctor thinks he can be cured.",1.2865,6.578,51,16934
118,If Lucy Fell (1996),3/8/1996,"Joe and Lucy are roommates and best friends. Lucy, whose love life is embarrassingly dull, convinces Joe, who is infatuated with a neighbor he's never met, that if they don't have stable romances within a month, they must jump off the Brooklyn Bridge.",1.5726,5.164,55,10324
119,"Steal Big, Steal Little (1995)",9/29/1995,"Ruben and Robby are twin brothers, adopted by Mona, one of the wealthiest - and most eccentric - women in Santa Barbara. Ruben is devoted to Mona, but Robby is more devoted to her money. So when Mona leaves her fortune and estate to Ruben it starts a battle between brothers that soon leads to madness, mayhem, and even attempted murder. On Ruben's side is Lou Perilli an ex-Chicago cop and used car dealer who knows the law - and how to get around it. On Robby's side is ruthless businessman Reed Tyler, who is out to turn a swift profit on Mona's property. Walking a shifty line between them is Eddie Agopian, the family lawyer, who doesn't care which side wins as long as he's on the winner's side. But whether they're stealing big or stealing little, they're all stealing in this hilarious comedy about greed, power... and brotherly love.",2.7259,4.3,22,78406
121,"Boys of St. Vincent, The (1992)",12/7/1992,"Fifteen years after the events of The Boys of St. Vincent took place, the various boys involved are brought in to testify against the brothers, now finally standing trial, who assaulted them when they were children.",3.2669,6.147,17,77840
122,Boomerang (1992),9/23/2015,"When Antoine returns to the island of Noirmoutier, secrets kept in the past resurfaces and threatens to change his family’s present.",3.3176,6.239,136,352187
123,Chungking Express (Chung Hing sam lam) (1994),7/14/1994,"Two melancholic Hong Kong policemen fall in love: one with a mysterious underworld figure, the other with a beautiful and ethereal server at a late-night restaurant.",9.0346,7.97,1994,11104
125,Flirting With Disaster (1996),3/22/1996,"Adopted as a child, new father Mel Colpin decides he cannot name his son until he knows his birth parents, and determines to make a cross-country quest to find them. Accompanied by his wife, Nancy, and an inept yet gorgeous adoption agent, Tina, he departs on an epic road trip that quickly devolves into a farce of mistaken identities, wrong turns, and overzealous and love-struck ATF agents.",4.0132,6.2,256,2074
126,"NeverEnding Story III, The (1994)",10/26/1994,A young boy must restore order when a group of bullies steal the magical book that acts as a portal between Earth and the imaginary world of Fantasia.,3.4683,4.455,401,27793
128,Jupiter's Wife (1994),9/8/1995,"Michel Negroponte, a documentary filmmaker, meets Maggie one day in Central Park. Maggie claims to be married to the god Jupiter and the daughter of actor Robert Ryan. Michel gets to know Maggie over the next couple of years, and attempts to use her often outlandish stories as clues to reconstruct her past.",0.0899,7.1,7,290157
129,Pie in the Sky (1996),4/9/1935,"At a skid row mission, a cleric opines as men wait to eat. After his sermon, he brings out a pie and cuts it into small slices. The two men at the end of the line get none. They leave the mission and head for a garbage dump where junk becomes props for their play. A dress form becomes Mae West; a rusted car gives them a wild ride. Then, one dresses as a priest and promises pie in the sky. By the end, they sport metal halos.",0.2529,6.375,8,184522
132,Jade (1995),5/5/2024,"Jade presents the story of a woman who comes between a powerful businessman and a gang leader in their search for a hard drive that could damage the operations of Interpol. Despite grieving for the brother she accidentally killed, the woman is required to use her unique set of skills to retrieve the drive and protect her brother's unborn child being carried by another woman.",1.1704,4.932,22,849509
135,Down Periscope (1996),3/1/1996,"Maverick Navy Lieutenant Commander Tom Dodge will never be a textbook officer, but he's a brilliant seaman who's always wanted to command a nuclear submarine — he's been given one last chance to clean up his record. Unfortunately, Admiral Graham, his nemesis, would rather sink the fleet than give Dodge his own boat. So, Graham stacks the deck against him and assigns Dodge to the Stingray, a diesel-powered WW2 submarine that can barely keep afloat. To make matters worse, Dodge's crew is a collection of maladjusted, mistake-prone misfits. Then, he's tagged the ""enemy"" in a crucial war game, and ordered to take on the U.S. Navy's best.",2.5648,6.369,487,9101
137,Man of the Year (1995),10/9/2006,"The irreverent host of a political satire talk show decides to run for president and expose corruption in Washington. His stunt goes further than he expects when he actually wins the election, but a software engineer suspects that a computer glitch is responsible for his surprising victory.",1.1944,5.9,470,9895
140,Up Close and Personal (1996),11/2/2000,"During four years of shooting in the icy waters that surround the volcanic archipelago of the Crozet Islands, we have followed the trial and tribulations of Delphine, a young female adolescent killer whale. Living and growing within her family group she gradually learns how to find her bearings, how to hunt king penguins or Minke rorquals and how to get stranded in order to catch sea elephants. Directed by Bertrand Loyer.",0.0388,7.833,3,1032192
141,"Birdcage, The (1996)",3/8/1996,A gay cabaret owner and his drag queen partner agree to put up a false heterosexual front so that their son can introduce them to his fiancée's conservative parents.,4.3867,7,1233,11000
144,"Brothers McMullen, The (1995)",8/9/1995,"Deals with the lives of the three Irish Catholic McMullen brothers from Long Island, New York, over three months, as they grapple with basic ideas and values — love, sex, marriage, religion and family — in the 1990s. Directed, written, produced by and starring Edward Burns.",1.0968,6,93,16388
145,Bad Boys (1995),4/7/1995,"Marcus Burnett is a henpecked family man. Mike Lowrey is a footloose and fancy free ladies' man. Both Miami policemen, they have 72 hours to reclaim a consignment of drugs stolen from under their station's nose. To complicate matters, in order to get the assistance of the sole witness to a murder, they have to pretend to be each other.",11.9302,6.824,6649,9737
146,"Amazing Panda Adventure, The (1995)",8/25/1995,"Far from home in the lush bamboo forests of China, ten-year-old Ryan Tyler, with the help of a young girl, goes on a wonderful journey to rescue a baby panda taken by poachers.",2.0253,5.7,92,30765
147,"Basketball Diaries, The (1995)",4/21/1995,A high school basketball player’s life turns upside down after free-falling into the harrowing world of drug addiction.,5.8881,7.408,2090,10474
148,"Awfully Big Adventure, An (1995)",5/11/1995,"Liverpool. 1947. Right after World War II, a star struck naive teenage girl joins a shabby theatre troupe in Liverpool. During a winter production of Peter Pan, the play quickly turns into a dark metaphor for youth as she becomes drawn into a web of sexual politics and intrigue and learns about the grown-up world of the theater.",2.2085,6.559,64,22279
149,Amateur (1994),8/5/1994,"A man wakes up in an alley, bleeding and with no memory of who he is. He stumbles into a coffee shop and is befriended by a charitable ex-nun who is failing in her attempts to write marketable pornography.",0.4898,6.229,96,30157
150,Apollo 13 (1995),6/30/1995,"The true story of technical troubles that scuttle the Apollo 13 lunar mission in 1970, risking the lives of astronaut Jim Lovell and his crew, with the failed journey turning into a thrilling saga of heroism. Drifting more than 200,000 miles from Earth, the astronauts work furiously with the ground crew to avert tragedy.",7.1541,7.45,5594,568
151,Rob Roy (1995),1/1/1987,"The tale of Scottish legend Rob Roy MacGregor is retold in beautiful animation. Rob Roy borrows money from the local nobility to buy cattle to increase his status in life. When the money is stolen, he must use the fighting skills he's tried to avoid in order to escape the powerful men who believe he stole the money. Rob Roy begins by fighting for his own survival, as well as his family's, but pretty soon he is fighting for the people of Scotland. Heroism, courage, and sacrifice are at the center of this stirring tale. Rob Roy is a worthy addition to any film library.",1.815,6,3,212072
152,"Addiction, The (1995)",11/24/2021,"A newlywed couple moved to a new house with big dreams. However, it was Hong-yeon, the landlord of Saek-gwang who was waiting for them. A strange atmosphere flows between Hong-yeon, who secretly seduces Jeong-woo, Jeong-woo, who is struggling not to fall for it, Yoon-gi, a slave man wearing a husband's mask, and Yoon-mi, who knows nothing. Will Jeong-woo be able to protect his family amid the endless temptation of the landlord?",1.4582,0,0,1016072
153,Batman Forever (1995),6/16/1995,"Batman faces off against two foes: the schizophrenic, horribly scarred former District Attorney Harvey Dent, aka Two-Face, and the Riddler, a disgruntled ex-Wayne Enterprises inventor seeking revenge against his former employer by unleashing his brain-sucking weapon on Gotham City's residents. As the caped crusader also copes with tortured memories of his parents' murder, he has a new romance, with psychologist Chase Meridian.",7.2355,5.442,5351,414
154,Beauty of the Day (Belle de jour) (1967),2/4/2021,"Yeon-i who runs a small salon is shaken by Geon-dal’s suggestion to run the salon as an adult service business when customers start to run out. After experiencing the sales method that enables customers to touch female employees while being shampooed and while receiving other services, Yeon-i leaves the salon, but after a few months, she suffers from living difficulties and visits Geon-dal again",1.2082,7.3,3,823883
155,Beyond Rangoon (1995),8/25/1995,Dr. Laura Bowman is a young widow who's unwittingly drawn into political turmoil while vacationing in Burma in the late 1980s. Bowman initially left San Francisco with her sister in an attempt to escape painful memories of her husband and son's violent deaths. But her fight to escape to Thailand could prove just as harrowing.,1.0922,6.6,81,1873
156,Blue in the Face (1995),9/15/1995,"A wacky group of locals visit the neighborhood cigar shop, looking for good times and finding plenty of hilarious fun. But when the greedy owner threatens to close the shop for good and turn it into a trendy vegetarian restaurant, the neighborhood proves they'll do just about anything to save their favorite hangout.",1.2711,6.5,170,5894
157,Canadian Bacon (1995),6/8/1995,"The U.S. President, low in the opinion polls, gets talked into raising his popularity by trying to start a cold war with Canada.",2.6977,5.8,225,1775
158,Casper (1995),5/26/1995,"Casper is a kind young ghost who peacefully haunts a mansion in Maine. When specialist James Harvey arrives to communicate with Casper and his fellow spirits, he brings along his teenage daughter, Kat. Casper quickly falls in love with Kat, but their budding relationship is complicated not only by his transparent state, but also by his troublemaking apparition uncles and their mischievous antics.",8.406,6.3,4714,8839
159,Clockers (1995),9/15/1995,"Strike is a young city drug pusher under the tutelage of drug lord Rodney Little. When a night manager at a fast-food restaurant is found with four bullets in his body, Strike’s older brother turns himself in as the killer. Detective Rocco Klein doesn’t buy the story, however, setting out to find the truth, and it seems that all the fingers point toward Strike & Rodney.",1.445,6.7,330,20649
160,Congo (1995),6/9/1995,"Eight people embark on an expedition into the Congo, a mysterious expanse of unexplored Africa where human greed and the laws of nature have gone berserk. When the thrill-seekers -- some with ulterior motives -- stumble across a race of killer apes.",5.0809,5.6,921,10329
161,Crimson Tide (1995),5/12/1995,"After the Cold War, a breakaway Russian republic with nuclear warheads becomes a possible worldwide threat. U.S. submarine Capt. Frank Ramsey signs on a relatively green but highly recommended Lt. Cmdr. Ron Hunter to the USS Alabama, which may be the only ship able to stop a possible Armageddon. When Ramsey insists that the Alabama must act aggressively, Hunter, fearing they will start rather than stop a disaster, leads a potential mutiny to stop him.",6.6993,7.183,1863,8963
162,Crumb (1994),9/10/1994,"This movie chronicles the life and times of R. Crumb. Robert Crumb is the cartoonist/artist who drew Keep On Truckin', Fritz the Cat, and played a major pioneering role in the genesis of underground comix. Through interviews with his mother, two brothers, wife, ex-wife and ex-girlfriends, as well as selections from his vast quantity of graphic art, we are treated to a darkly comic ride through one man's subconscious mind.",0.7358,7.5,263,26564
163,Desperado (1995),8/25/1995,"El Mariachi plunges headfirst into the dark border underworld when he follows a trail of blood to the last of the infamous Mexican drug lords, Bucho, for an action-packed, bullet-riddled showdown. With the help of his friend and a beautiful bookstore owner, El Mariachi tracks Bucho, takes on his army of desperados, and leaves his own trail of blood.",7.2929,6.928,2975,8068
164,Devil in a Blue Dress (1995),9/29/1995,"In late 1940s Los Angeles, Easy Rawlins is an unemployed black World War II veteran with few job prospects. At a bar, Easy meets DeWitt Albright, a mysterious white man looking for someone to investigate the disappearance of a missing white woman named Daphne Monet, who he suspects is hiding out in one of the city's black jazz clubs. Strapped for money and facing house payments, Easy takes the job, but soon finds himself in over his head.",1.2746,6.472,430,8512
165,Die Hard: With a Vengeance (1995),5/19/1995,"New York detective John McClane is back and kicking bad-guy butt in the third installment of this action-packed series, which finds him teaming with civilian Zeus Carver to prevent the loss of innocent lives. McClane thought he'd seen it all, until a genius named Simon engages McClane, his new ""partner"" -- and his beloved city -- in a deadly game that demands their concentration.",9.9019,7.272,6353,1572
166,"Doom Generation, The (1995)",10/20/1995,"Jordan White and Amy Blue, two troubled teens, pick up an adolescent drifter, Xavier Red. Together, the threesome embarks on a sex- and violence-filled journey through a United States of psychos and quickie marts.",2.4412,6.495,286,13552
168,First Knight (1995),7/7/1995,"The timeless tale of King Arthur and the legend of Camelot are retold in this passionate period drama. Arthur is reluctant to hand the crown to Lancelot, and Guinevere is torn between her loyalty to her husband and her growing love for his rival. But Lancelot must balance his loyalty to the throne with the rewards of true love.",4.2942,6.107,1262,6520
169,Free Willy 2: The Adventure Home (1995),7/19/1995,Jesse becomes reunited with Willy three years after the whale's jump to freedom as the teenager tries to rescue the killer whale and other orcas from an oil spill.,1.3336,5.9,598,9073
170,Hackers (1995),9/14/1995,"Along with his new friends, a teenager who was arrested by the US Secret Service and banned from using a computer for writing a computer virus discovers a plot by a nefarious hacker, but they must use their computer skills to find the evidence while being pursued by the Secret Service and the evil computer genius behind the virus.",7.3755,6.381,1367,10428
171,Jeffrey (1995),7/15/2023,The lives of Harpy and Jeffrey,0.3358,0,0,1225367
172,Johnny Mnemonic (1995),5/26/1995,"In a dystopian 2021, Johnny is a data trafficker who has an implant that allows him to securely store data too sensitive for regular computer networks. On one delivery run, he accepts a package that not only exceeds the implant's safety limits—and will kill him if the data is not removed in time—but also contains information far more important and valuable than he had ever imagined. On a race against time, he must avoid the assassins sent to kill him and remove the data before it, too, ends his life.",1.749,5.759,1428,9886
173,Judge Dredd (1995),6/4/2016,Short film that presents an alternate take on the origins of Judge Dredd's arch-nemesis - a demonic creature known as Judge Death that sees life itself as a crime. Can Dredd survive a clash with such foe and save his niece?,0.304,0,0,1022705
174,Jury Duty (1995),4/12/1995,"When jobless Tommy Collins discovers that sequestered jurors earn free room and board as well as $5-a-day, he gets himself assigned to a jury in a murder trial. Once there, he does everything he can to prolong the trial and deliberations and make the sequestration more comfortable for himself.",1.8512,4.386,123,19326
175,Kids (1995),7/28/1995,"A day in the life of a group of teens as they travel around New York City skating, drinking, smoking and deflowering virgins.",2.9245,6.898,1201,9344
176,Living in Oblivion (1995),7/21/1995,"Low-budget independent filmmaker Nick Reve tries to keep everything together as his production is plagued with an insecure actress, a megalomaniac star, a pretentious beret-wearing director of photography, and lousy catering.",1.466,7.2,298,9071
177,Lord of Illusions (1995),8/25/1995,"During a routine case in L.A., NY private investigator Harry D'Amour stumbles over members of a fanatic cult who are preparing for the resurrection of their leader Nix, a powerful magician who was killed 13 years earlier.",2.6524,5.963,352,8973
178,Love & Human Remains (1993),7/22/1994,"In a Canadian metropolis, failed actor David shares a place with the bookish Candy, whom he dated before coming out as gay. While David, who now waits tables, pursues an aimless romance with a younger coworker, Candy dabbles in both same-sex and heterosexual affairs. As David and Candy's odd assortment of friends — including a telepathic sex worker and an ill-tempered yuppie — pass in and out of their beds, a serial murder stalks the city's women.",2.9001,5.852,44,15730
179,Mad Love (1995),5/26/1995,"Matt falls for Casey, the new girl in school. She's fun-loving and eccentric, but there's a darkness to her whimsy that Matt can't begin to comprehend. When Casey attempts to commit suicide, her parents place her in a mental institution. Matt springs her out, and together the young lovers head on a road trip. They believe their love can ""cure"" Casey's problems. Matt starts to wonder, though, if are they inspired or misguided.",1.9903,5.2,116,47608
180,Mallrats (1995),10/20/1995,"Both dumped by their girlfriends, two best friends seek refuge in the local mall. Eventually, they decide to try and win back their significant others and take care of their respective nemeses.",1.7783,6.755,1298,2293
181,Mighty Morphin Power Rangers: The Movie (1995),6/30/1995,"Six incredible teens out-maneuver and defeat evil everywhere as the Mighty Morphin Power Rangers, but this time the Power Rangers may have met their match when they face off with Ivan Ooze, the most sinister monster the galaxy has ever seen.",2.2653,5.855,734,9070
183,Mute Witness (1994),9/15/1995,"Billy is mute, but it hasn't kept her from becoming a successful makeup artist. While in Russia, working on a film directed by her sister's boyfriend, Andy, Billy finds herself trapped in the studio one night and is horrified to see a snuff film being made. Billy escapes and, with the help of her sister, Kate, alerts authorities about what she saw. Unfortunately, in doing so, she makes an enemy of the Russian mafia, who funded the snuff film.",1.0441,6.4,145,48787
184,Nadja (1994),9/1/1995,"In a contemporary New York City, members of a dysfunctional family of vampires are trying to come to terms with each other, in the wake of their father's death. Meanwhile, they are being hunted by Dr. Van Helsing and his hapless nephew. As in all good vampire movies, forces of love are pitted against forces of destruction.",0.6788,5.7,52,34574
185,"Net, The (1995)",11/4/2010,"Maria suffers from Alzheimer's disease. Luis, Maria's fifteen-year-old grandson, doesn't say very much either; he shuts himself off in his own silent world to escape his parent's marital crisis, spending time instead picking up stray cats and dogs off the street. His father, Miguel, wants to put a stop to this eccentric behavior, but his protective mother Alice indulges him. Nevertheless, the animals begin to appear at home in increasing numbers, making life complicated for the family in their flat.",1.4552,5.5,15,83345
186,Nine Months (1995),7/12/1995,"When he finds out his longtime girlfriend is pregnant, a commitment-phobe realizes he might have to change his lifestyle for better or much, much worse.",2.5456,5.705,668,11472
187,Party Girl (1995),10/28/1958,"Slick lawyer Thomas Farrell has made a career of defending mobsters in trials. It's not until he meets a lovely showgirl at a mob party that he realizes that there's more to life than winning trials. Farrell tries to quit the racket, but mob boss Rico Angelo threatens to hurt the showgirl if Farrell leaves him.",1.1404,6.8,66,25633
188,"Prophecy, The (1995)",7/23/2025,"Kim Dok-ja, an ordinary man in his 20s, is the only reader of an obscure web novel titled ""Three Ways to Survive the Apocalypse"". After having read the last chapter, the novel suddenly becomes reality, and its omnipotent hero Yu Jung-hyeok appears before Kim. As the only person who knows how to survive in this world, Kim and his companions strive to save the world by writing his own, new ending.",5.5818,7.7,9,1131759
189,Reckless (1995),2/3/1984,"Teenager Johnny Rourke is reckless. Born on the wrong side of the tracks, he breaks the law and girls' hearts with equal cool. Cheerleader Tracey Prescott is reckless too. She dumps her conventional life and boring boyfriend to follow Johnny wherever his dangerous path leads.",2.9565,5.8,32,38702
190,Safe (1995),4/16/2012,"After a former elite agent rescues a 12-year-old Chinese girl who's been abducted, they find themselves in the middle of a standoff between Triads, the Russian Mafia and high-level corrupt New York City politicians and police.",7.6696,6.496,2550,72387
191,"Scarlet Letter, The (1995)",10/28/2004,A cop's desire for love gets in the way of his job and his professional life. Secret love affairs begin to dangerously collide as he gets assigned to a new homicide case.,2.5447,6.4,42,56485
193,Showgirls (1995),9/22/1995,"Fresh to Las Vegas with no connections, Nomi Malone takes a job as an exotic dancer. Her talents are quickly noticed by Cristal, a headlining dancer who senses an opportunity to bolster her own act. But Nomi won’t play second fiddle and soon begins her venomous path to the top, ruthlessly backstabbing anyone who gets in her way.",8.3139,5.573,1300,10802
194,Smoke (1995),6/9/1995,"Writer Paul Benjamin is nearly hit by a bus when he leaves Auggie Wren's smoke shop. Stranger Rashid Cole  saves his life, and soon middle-aged Paul tells homeless Rashid that he wouldn't mind a short-term housemate. Still grieving over his wife's murder, Paul is moved by both Rashid's quest to reconnect with his father and Auggie's discovery that a woman who might be his daughter is about to give birth.",2.5912,7.197,503,10149
195,Something to Talk About (1995),8/4/1995,"Grace King Bichon, who is managing her father's riding-stable, discovers that her husband Eddie is deceiving her with another woman. After confronting him in the middle of the night on the streets of their small home town, she decides to stay at her sister Emma Rae's house for a while to make up her mind. Breaking out of her everyday life, she starts to question the authority of everyone.",1.0795,5.7,245,18402
196,Species (1995),7/7/1995,"In 1993, the Search for Extra Terrestrial Intelligence Project receives a transmission detailing an alien DNA structure, along with instructions on how to splice it with human DNA. The result is Sil, a sensual but deadly creature who can change from a beautiful woman to an armour-plated killing machine in the blink of an eye.",5.5295,5.972,1726,9348
198,Strange Days (1995),10/13/1995,"Former policeman Lenny Nero has moved into a more lucrative trade: the illegal sale of virtual reality-like recordings that allow users to experience the emotions and past experiences of others. While they typically contain tawdry incidents, Nero is shocked when he receives one showing a murder.",7.454,7.006,1427,281
199,"Umbrellas of Cherbourg, The (Parapluies de Cherbourg, Les) (1964)",5/18/2008,"Television documentary about the making of Jacques Demy's 1964 film ""The Umbrellas of Cherbourg"".",0.6131,8,1,470224
201,Three Wishes (1995),10/27/1995,"While Jane Holman is driving with her two sons, she accidentally runs into a drifter, Jack McCloud, who breaks his leg. Being responsible, Jane invites Jack, and his dog, to stay at her home until his leg has healed. Jack struggles to adapt their lifestyle, and finds himself loved by the family.",1.2307,6.2,81,47939
202,Total Eclipse (1995),11/3/1995,"Young, wild poet Arthur Rimbaud and his mentor Paul Verlaine engage in a fierce, forbidden romance while feeling the effects of a hellish artistic lifestyle.",1.2257,6.438,537,36834
203,"To Wong Foo, Thanks for Everything! Julie Newmar (1995)",9/8/1995,"Manhattan drag queens Vida Boheme and Noxeema Jackson impress regional judges in competition, securing berths in the Nationals in Los Angeles. When the two meet pathetic drag novice Chi-Chi Rodriguez — one of the losers that evening — the charmed Vida and Noxeema agree to take the hopeless youngster under their joined wing. Soon the three set off on a madcap road trip across America and struggle to make it to Los Angeles in time.",3.8445,7.378,704,9090
204,Under Siege 2: Dark Territory (1995),7/13/1995,"A passenger train has been hijacked by an electronics expert and turned into an untraceable command center for a weapons satellite. He has planned to blow up Washington DC and only one man can stop him, former Navy SEAL Casey Ryback.",5.2764,5.856,952,3512
205,Unstrung Heroes (1995),9/15/1995,"Steven Lidz, unhappy with his home life since his mother became sick, moves in with his two eccentric uncles. As Steven grows closer to his uncles, he learns how to cope with his emotions and to value his own uniqueness.",1.6091,5.9,29,52856
206,Unzipped (1995),11/12/2021,"Determined to pursue a new style, a teenager designs and sews a dress, defying tradition.",0.0264,0,0,969574
207,"Walk in the Clouds, A (1995)",5/27/1995,World War II vet Paul Sutton falls for a pregnant and unwed woman who persuades him -- during their first encounter -- to pose as her husband so she can face her family.,6.5478,7.347,1074,9560
208,Waterworld (1995),7/28/1995,"In a futuristic world where the polar ice caps have melted and made Earth a liquid planet, a beautiful barmaid rescues a mutant seafarer from a floating island prison. They escape, along with her young charge, Enola, and sail off aboard his ship. But the trio soon becomes the target of a menacing pirate who covets the map to 'Dryland'—which is tattooed on Enola's back.",8.3086,6.228,3846,9804
209,White Man's Burden (1995),12/1/1995,"The story takes place in alternative America where the blacks are members of social elite, and whites are inhabitants of inner city ghettos. Louis Pinnock is a white worker in a chocolate factory, loving husband and father of two children. While delivering a package for black CEO Thaddeus Thomas, he is mistaken for a voyeur and, as a result, loses his job, gets beaten by black cops and his family gets evicted from their home. Desperate Pinnock takes a gun and kidnaps Thomas, demanding justice.",1.9925,5.1,81,31611
210,Wild Bill (1995),10/21/2011,"Out on parole after 8 years inside Bill Hayward returns home to find his now 11 and 15 year old sons abandoned by their mother and fending for themselves. Unwilling to play Dad, an uncaring Bill is determined to move on.",1.5966,6.771,190,86593
211,"Browning Version, The (1994)",6/8/1994,"Andrew Crocker-Harris is an embittered and disliked teacher of Greek and Latin at a British prep school. After nearly 20 years of service, he is being forced to retire for 'health reasons', and perhaps may not even be given a pension. The boys regard him as a Hitler, with some justification. His unfaithful wife Laura tries to hurt him in any way she can. Andrew must come to terms with his failed life and at least regain his own self-esteem.",1.2056,6.574,54,49805
212,Bushwhacked (1995),8/4/1995,"A inept courier realises he has been used by criminals to deliver money. On the run from both the criminals and police, he poses as a Scout leader and leads a scout group on a hike through the mountains.",1.3742,5.334,121,26258
213,Burnt by the Sun (Utomlyonnye solntsem) (1994),5/1/1994,"Russia, 1936: revolutionary hero Colonel Kotov is spending an idyllic summer in his dacha with his young wife and six-year-old daughter Nadia and other assorted family and friends. Things change dramatically with the unheralded arrival of Cousin Dmitri from Moscow, who charms the women and little Nadia with his games and pianistic bravura. But Kotov isn't fooled: this is the time of Stalin's repression, with telephone calls in the middle of the night spelling doom - and he knows that Dmitri isn't paying a social call...",2.093,7,189,50797
214,Before the Rain (Pred dozhdot) (1994),7/14/2018,"When Sam loses Molly to suicide, her sister Mae helps her to cope by rebuilding memories of Molly.",0.0286,0,0,651980
215,Before Sunrise (1995),1/27/1995,"A young man and woman meet on a train in Europe, and wind up spending one evening together in Vienna. Unfortunately, both know that this will probably be their only night together.",6.4491,7.965,4391,76
216,Billy Madison (1995),2/10/1995,"Billy Madison is the 27 year-old son of Bryan Madison, a very rich man who has made his living in the hotel industry. Billy stands to inherit his father's empire, but only if he can make it through all 12 grades, 2 weeks per grade, to prove that he has what it takes to run the family business.",4.0148,6.2,1708,11017
217,"Babysitter, The (1995)",1/9/2021,"Elaine, an injured dancer, catches the eye of a deranged psychologist who believes her to be the perfect woman. Realizing he is manipulating her mind and using her injury against her; Elaine must escape with the children before she becomes another casualty in his psychotic study.",1.8908,4.818,11,784876
218,Boys on the Side (1995),2/3/1995,"After breaking up with her girlfriend, a nightclub singer, Jane, answers a personal ad from Robin, a real estate agent with AIDS, seeking a cross-country travel partner. On their journey from New York City to Los Angeles, the two stop by Pittsburgh to pick up Jane's friend Holly, who is trying to escape an abusive relationship. With three distinct personalities, the women must overcome their differences to help one another.",1.5424,6.367,236,9382
219,"Cure, The (1995)",6/29/2004,,0.2815,0,0,771297
220,Castle Freak (1995),12/4/2020,"After she’s permanently blinded in a tragic car accident, Rebecca receives some bizarre news: her long-lost mother has recently passed away, leaving her their family’s ancestral castle in rural Albania. Traveling to the estate with a group of friends, Rebecca hopes it will be an opportunity for her to reconnect with a past she never knew and a mother who seemingly left her behind. When mysterious events begin to occur and her friends begin to die, Rebecca must unravel the secrets of her family’s history before she too falls prey to the Castle Freak.",0.7982,4.415,71,593655
222,Circle of Friends (1995),4/7/1995,"Three girlhood friends now at college share first loves, first kisses and first betrayals. At the center of it all is the best-looking boy on campus. Can a self-conscious dreamer hook the biggest fish in the pond?",0.4929,6.288,92,22625
223,Clerks (1994),10/19/1994,"Convenience and video store clerks Dante and Randal are sharp-witted, potty-mouthed and bored out of their minds. So in between needling customers, the counter jockeys play hockey on the roof, visit a funeral home and deal with their love lives.",1.7189,7.389,2607,2292
224,Don Juan DeMarco (1995),10/12/1994,"John Arnold DeMarco is a man who believes he is Don Juan, the greatest lover in the world. Clad in a cape and mask, DeMarco undergoes psychiatric treatment with Dr. Jack Mickler to cure him of his apparent delusion. But the psychiatric sessions have an unexpected effect on the psychiatric staff and, most profoundly, Dr Mickler, who rekindles the romance in his complacent marriage.",2.0024,6.734,766,1909
225,Disclosure (1994),6/19/2020,"An investigation of how Hollywood's fabled stories have deeply influenced how Americans feel about transgender people, and how transgender people have been taught to feel about themselves.",3.3952,7.909,138,653610
227,Drop Zone (1994),12/8/1994,"A daring prison break from an airliner at 30,000 feet leaves U.S. Marshal Pete Nessip mourning a brother and gunning for revenge. After being ordered to turn in his badge, he seeks out Jessie Crossman, a noted skydiver, and offers to sponsor her crew for the annual Independence Day parachuting show in Washington, D.C., if she trains him. Meanwhile, the mastermind behind the mid-air jailbreak is planning a daring computer theft on Independence Day.",2.0985,5.716,428,4954
228,Destiny Turns on the Radio (1995),4/28/1995,"Johnny Destiny burns into Las Vegas in his hot Plymouth RoadRunner, stopping only to pick up a stranger stranded in the desert. But then, things aren't always as they seem. Anything can happen in that town of many possibilities...especially since there's been some weird electrical disturbances. As the stranger, fresh out of prison, tries to put his life back together--to recover his money from an old bank heist and the girl he lost in doing the job--something keeps interfering with his plans. Is it fate...or just Destiny?",1.7391,5.116,43,62488
229,Death and the Maiden (1994),10/7/2016,"Vienna, Austria, 1910. The young painter Egon Schiele is a rising artist, provocative and free, whose work, characterized by eroticism, shocks as much as it fascinates art lovers.",3.189,6.823,96,416574
230,Dolores Claiborne (1995),3/24/1995,"Dolores Claiborne was accused of killing her abusive husband twenty years ago, but the court's findings were inconclusive and she was allowed to walk free. Now she has been accused of killing her employer, Vera Donovan, and this time there is a witness who can place her at the scene of the crime. Things look bad for Dolores when her daughter Selena, a successful Manhattan magazine writer, returns to cover the story.",4.9377,7.276,811,11929
231,Dumb & Dumber (Dumb and Dumber) (1994),4/14/2003,"This wacky prequel to the 1994 blockbuster goes back to the lame-brained Harry and Lloyd's days as classmates at a Rhode Island high school, where the unprincipled principal puts the pair in remedial courses as part of a scheme to fleece the school.",2.3349,4.1,859,10152
232,Eat Drink Man Woman (Yin shi nan nu) (1994),8/3/1994,"Retired and widowed Chinese master chef Chu lives in modern day Taipei, with his three attractive daughters, all of whom are unattached. Soon, each daughter encounters a new man in their lives. When these new relationships blossom, stereotypes are broken and the living situation within the family changes.",1.8996,7.6,368,10451
233,Exotica (1994),9/29/1994,"In the upscale Toronto strip club Exotica, dancer Christina is visited nightly by the obsessive Francis, a depressed tax auditor. Her ex-boyfriend, the club's MC, Eric, still jealously pines for her even as he introduces her onstage, but Eric is having his own relationship problems with the club's female owner. Thomas, a mysterious pet-shop owner, is about to become unexpectedly involved in their lives.",1.4166,6.6,364,20156
234,Exit to Eden (1994),10/14/1994,"Photographer Elliot Slater has inadvertently snapped the only existing photos of elusive jewel thief Omar. When Elliot leaves for a private vacation on an S&M island, he is followed by Omar, Omar's partner, Nina, and undercover police officers Fred and Sheila. Unaware of the number of people chasing him, Elliot enjoys his stay at the resort, and finds himself falling in love with head dominatrix Lisa.",2.103,4.054,93,18395
235,Ed Wood (1994),9/28/1994,"The mostly true story of the legendary ""worst director of all time"", who, with the help of his strange friends, filmed countless B-movies without ever becoming famous or successful.",3.9972,7.49,2405,522
236,French Kiss (1995),5/5/1995,"After her fiancee admits to infidelity while on a business trip in France, a woman attempts to get her lover back and marry him by traveling to Paris despite her crippling fear of flying.  On the way she unwittingly smuggles something of value that has a charming crook chasing her across France as she chases after her future husband.",1.9148,6.465,755,397
237,Forget Paris (1995),5/19/1995,"Mickey Gordon is a basketball referee who travels to France to bury his father. Ellen Andrews is an American living in Paris who works for the airline he flies on. They meet and fall in love, but their relationship goes through many difficult patches.",1.5075,6.3,159,10525
238,Far From Home: The Adventures of Yellow Dog (1995),1/13/1995,"Teenager Angus adopts a stray dog and names him Yellow. Several days later, while travelling along the coast of British Columbia with Angus's father, John, the boy and dog become stranded when turbulent waters capsize their boat. Angus's parents relentlessly badger rescue teams. Angus, schooled by his father in wilderness survival skills, and assisted by the intelligent Yellow Dog, tries to attract rescuers.",3.3521,6,87,27985
239,"Goofy Movie, A (1995)",4/7/1995,"An endearing modern-day story about how the lovable Goof bonds with his teenage son Max on a hilarious cross-country road trip. En route to the ol' fishing hole, they find themselves up to their floppy ears in misadventure!",7.8999,7,1834,15789
240,Hideaway (1995),3/3/1995,"Hatch Harrison, his wife, Lindsey, and their daughter, Regina, are enjoying a pleasant drive when a car crash leaves wife and daughter unharmed but kills Hatch. However, an ingenious doctor, Jonas Nyebern, manages to revive Hatch after two lifeless hours. But Hatch does not come back unchanged. He begins to suffer horrible visions of murder -- only to find out the visions are the sights of a serial killer.",4.4556,5.2,163,27303
241,Fluke (1995),6/2/1995,"Workaholic Thomas Johnson dies in an auto accident and reincarnates as a dog. Remembering some of his previous being, he returns to his wife and son to protect them from the man who caused his accident. But, as time goes by, his memories return, and Thomas realizes he wasn't such a good husband and father.",2.4447,7.112,269,21183
242,Farinelli: il castrato (1994),12/1/1994,"The life and career of Italian opera singer Farinelli, considered one of the greatest castrato singers of all time.",1.0334,6.614,176,10954
243,Gordy (1995),5/12/1995,A talking pig named Gordy becomes involved in a quest to save his family from the slaughterhouse.,1.5047,5.3,32,47867
246,Hoop Dreams (1994),9/12/1994,"Every school day, African-American teenagers William Gates and Arthur Agee travel 90 minutes each way from inner-city Chicago to St. Joseph High School in Westchester, Illinois, a predominately white suburban school well-known for the excellence of its basketball program. Gates and Agee dream of NBA stardom, and with the support of their close-knit families, they battle the social and physical obstacles that stand in their way. This acclaimed documentary was shot over the course of five years.",1.0502,7.596,314,14275
247,Heavenly Creatures (1994),9/12/1994,"Precocious teenager Juliet moves to New Zealand with her family and soon befriends the quiet, brooding Pauline through their shared love of fantasy and literature. This friendship gradually develops into an intense and obsessive bond.",2.1826,6.976,962,1024
248,Houseguest (1994),1/6/1995,"In hot water with the mob over an unpaid debt, a con man poses as a family friend in an affluent Pennsylvania suburb.",1.149,5.487,75,17207
249,Immortal Beloved (1994),12/16/1994,"A chronicle of the life of infamous classical composer Ludwig van Beethoven and his painful struggle with hearing loss. Following Beethoven's death in 1827, his assistant, Schindler, searches for an elusive woman referred to in the composer's love letters as ""immortal beloved."" As Schindler solves the mystery, a series of flashbacks reveal Beethoven's transformation from passionate young man to troubled musical genius.",2.6448,7.1,348,13701
250,Heavyweights (Heavy Weights) (1995),2/17/1995,"Camp Hope is a summer retreat for overweight boys run by a kindly couple who make the campers feel comfortable with their extra pounds. But when tyrannical fitness guru Tony buys the camp, he puts the kids on a cruel regimen that goes too far. Sick of the endless weeks of ""all work and no play,"" the kids stage a coup and reclaim their summer of fun.",1.8931,6.137,391,14819
251,"Hunted, The (1995)",10/30/1997,The Hunted Hunter is a Hong Kong Crime movie starring Yuen Biao,2.3626,5,2,495954
252,I.Q. (1994),12/24/1994,Albert Einstein helps a young man who's in love with Einstein's niece to catch her attention by pretending temporarily to be a great physicist.,1.248,6.025,464,11777
253,Interview with the Vampire: The Vampire Chronicles (1994),11/11/1994,"A vampire relates his epic life story of love, betrayal, loneliness, and dark hunger to an over-curious reporter.",10.3325,7.381,6100,628
254,Jefferson in Paris (1995),3/31/1995,"His wife having recently died, Thomas Jefferson accepts the post of United States ambassador to pre-revolutionary France, though he finds it difficult to adjust to life in a country where the aristocracy subjugates an increasingly restless peasantry. In Paris, he becomes smitten with cultured artist Maria Cosway, but, when his daughter visits from Virginia accompanied by her attractive slave, Sally Hemings, Jefferson's attentions are diverted.",1.524,5.128,43,87729
255,"Jerky Boys, The (1995)",2/3/1995,"When two unemployed telephone pranksters decide to use their vocal ""talents"" to impersonate a Chicago mob boss and curry favor with organized crime in New York, the trouble begins. It isn't long before Johnny and Kamal (the ""Jerky Boys"" of crank call fame) are wanted by the local mafia, the police, and their neighbor.",0.4658,4.25,32,18713
256,Junior (1994),11/22/1994,"A research scientist becomes the world's first pregnant man in order to test a drug he and a colleague have designed for expectant women. To carry out the trial, he has an embryo implant, believing that he will only carry the baby for three months – hardly expecting to face the prospect of giving birth.",3.4322,5.2,1551,6280
257,Just Cause (1995),2/17/1995,A Harvard professor is lured back into the courtroom after twenty-five years to take the case of a young black man condemned to death for the horrific murder of a child.,2.8556,6.239,587,9061
258,"Kid in King Arthur's Court, A (1995)",8/11/1995,"A Southern California kid named Calvin Fuller is magically transported to the medieval kingdom of Camelot through a crack in the ground caused by an earthquake. Once there, he learns he was summoned by the wizard Merlin, who needs Calvin to save Camelot. Using dazzling modern inventions, can Calvin help King Arthur retain his crown and thwart the evil Lord Belasco?",2.2209,4.954,183,37108
259,Kiss of Death (1995),3/23/2024,"When forced to take out a notorious crime boss, a devoted wife, mother and secret hit woman will do anything in her power to protect her identity and save her family.",0.0795,3,2,1252866
260,Star Wars: Episode IV - A New Hope (1977),5/25/1977,Princess Leia is captured and held hostage by the evil Imperial forces in their effort to take over the galactic Empire. Venturesome Luke Skywalker and dashing captain Han Solo team together with the loveable robot duo R2-D2 and C-3PO to rescue the beautiful princess and restore peace and justice in the Empire.,18.2438,8.205,21437,11
261,Little Women (1994),12/25/2019,Four sisters come of age in America in the aftermath of the Civil War.,10.5268,7.862,6530,331482
262,"Little Princess, A (1995)",12/4/2019,"Mal-soon is poor 72-years-old granny and enjoys her single life. One day, Gong-ju and her baby sister appear in front of Mal-soon. Gong-ju introduces herself as Mal-soon's granddaughter. Since then, Mal-soon's peaceful life changes.",0.9793,6.6,16,575722
263,Ladybird Ladybird (1994),1/2/1999,"In 'Ladybird', sperm donations are gratefully received by eager recipients.",0.2925,4.8,4,257847
265,Like Water for Chocolate (Como agua para chocolate) (1992),1/19/2023,"Tita, who lives on a ranch in Mexico, falls in love with a boy, Pedro, who lives nearby; but when they want to get married, Tita's family prevents it, because she must remain single to take care of her mother.",0.7715,5.2,4,1011397
266,Legends of the Fall (1994),12/23/1994,"In early 20th-century Montana, Col. William Ludlow lives on a ranch in the wilderness with his sons, Alfred, Tristan, and Samuel. Eventually, the unconventional but close-knit family are bound by loyalty, tested by war, and torn apart by love, as told over the course of several decades in this epic saga.",5.2369,7.395,2710,4476
267,Major Payne (1995),3/24/1995,"Major Benson Winifred Payne is being discharged from the Marines. Payne is a killin' machine, but the wars of the world are no longer fought on the battlefield. A career Marine, he has no idea what to do as a civilian, so his commander finds him a job - commanding officer of a local school's JROTC program, a bunch of ragtag losers with no hope.",3.2887,6.45,838,11008
269,My Crazy Life (Mi vida loca) (1993),6/8/1994,"Mousie and Sad Girl are childhood best friends in a contemporary Los Angeles poor Hispanic neighborhood. But when Sad Girl becomes pregnant by Mousie's boyfriend, a drug dealer named Ernesto, the two become bitter enemies. While their dispute escalates towards violence, the violence of the world around them soon also impacts their lives.",0.6588,6.557,35,32325
270,Love Affair (1994),10/30/2014,"Ga-hee appeared in front of Seong-min who was bored running a book store after retiring.  Ga-hee runs a ballet school and wasn""t on very good terms with her husband, which led to her and Seong-min falling madly in love together.  They know they shouldn""t be together, but that""s what makes everything even better. Later on, their love reaches the point of destruction...",11.6276,6,22,302945
271,Losing Isaiah (1995),3/17/1995,"Khaila Richards, a crack-addicted single mother, accidentally leaves her baby in a dumpster while high and returns the next day in a panic to find he is missing. In reality, the baby has been adopted by a warm-hearted social worker, Margaret Lewin, and her husband, Charles. Years later, Khaila has gone through rehab and holds a steady job. After learning that her child is still alive, she challenges Margaret for the custody.",2.0036,6.456,102,28313
272,"Madness of King George, The (1994)",12/28/1994,"Aging King George III of England is exhibiting signs of madness, a problem little understood in 1788. As the monarch alternates between bouts of confusion and near-violent outbursts of temper, his hapless doctors attempt the ineffectual cures of the day. Meanwhile, Queen Charlotte and Prime Minister William Pitt the Younger attempt to prevent the king's political enemies, led by the Prince of Wales, from usurping the throne.",1.4775,6.786,245,11318
273,Mary Shelley's Frankenstein (Frankenstein) (1994),11/4/1994,"Victor Frankenstein is a promising young doctor who, devastated by the death of his mother during childbirth, becomes obsessed with bringing the dead back to life. His experiments lead to the creation of a monster, which Frankenstein has put together with the remains of corpses. It's not long before Frankenstein regrets his actions.",7.3173,6.438,1274,3036
274,Man of the House (1995),2/25/2005,Texas Ranger Roland Sharp is assigned to protect the only witnesses to the murder of a key figure in the prosecution of a drug kingpin -- a group of University of Texas cheerleaders. Sharp must now go undercover as an assistant cheerleading coach and move in with the young women.,1.6504,5.77,476,13498
275,Mixed Nuts (1994),3/8/1922,"Nuts in May, re-cut, with added footage and outtakes from _Pest, The (1922)_ , combined with newly shot sequences to bridge the scenes.",0.0673,5,1,175531
276,Milk Money (1994),8/31/1994,"Three young boys pool their money and pay V, a kindhearted prostitute, to strip for them. Afterward, she drives them home to the suburbs -- but then her car breaks down. It's just as well, though, because a mobster named Waltzer is after her, and V realizes the suburbs are the perfect place to hide. But things get a lot more complicated when V falls in love with Tom, a single father who is unaware of her real profession.",3.4361,6.37,289,8986
277,Miracle on 34th Street (1994),11/27/1959,"In this charming TV adaptation of the 1947 film classic, a kindly old gentleman (Ed Wynn) working as a Macy's department store Santa causes a commotion when he claims to be the real St. Nick. Forced to prove his sanity, he is taken to court where he must convince the judge and his friends that he actually is Santa Claus. The faith of one skeptical little girl (Susan Gordon) and a Christmas miracle are the keys to his true identity.",1.0217,7,1,765873
278,Miami Rhapsody (1995),1/27/1995,"Even though Gwyn Marcus is engaged to her boyfriend, Matt, she is still afraid of commitment. While she admires her parents' loving relationship, she discovers that her family has not always been faithful in marriage, making it harder than ever to settle down. As her mother pressures her to get married, and plenty of attractive men appear in her life, Gwyn learns that she must balance her career, relationships and marriage to be truly happy.",1.0424,5.254,57,17402
279,My Family (1995),5/3/1995,"Traces over three generations an immigrant family's trials, tribulations, tragedies, and triumphs. Maria and Jose, the first generation, come to Los Angeles, meet, marry, face deportation all in the 1930s. They establish their family in East L.A., and their children Chucho, Paco, Memo, Irene, Toni, and Jimmy deal with youth culture and the L.A. police in the '50s. As the second generation become adults in the '60s, the focus shifts to Jimmy, his marriage to Isabel (a Salvadorian refugee), their son, and Jimmy's journey to becoming a responsible parent.",0.9058,7.5,79,38722
280,Murder in the First (1995),1/20/1995,"A young, inexperienced public defender is assigned to defend an inmate accused of committing murder while behind bars.",1.9148,7.2,583,8438
281,Nobody's Fool (1994),12/23/1994,"A rascally nearing-retirement man juggles a workers' compensation suit while secretly working for his nemesis and flirting with his nemesis' young wife. As his estranged son returns, he faces new family responsibilities, while a banker plots to evict him from his home.",2.6324,6.9,318,11593
282,Nell (1994),12/23/1994,"In a remote woodland cabin, a small town doctor discovers Nell — a beautiful young hermit woman with many secrets.",1.2154,6.57,521,1945
283,New Jersey Drive (1995),4/19/1995,"Jason and Midget are two young, black teenagers living in Newark, New Jersey, the unofficial car theft capital of the world. Their favourite pastime is that of everybody in their neighbourhood: stealing cars and joyriding. The trouble starts when they steal a police car and the cops launch a violent offensive that involves beating and even shooting suspects.",0.7208,6.2,44,39310
284,New York Cop (Nyû Yôku no koppu) (1993),1/1/1991,A samurai travels through to the future to kill a New York cop.,0.1905,0,0,1423474
285,Beyond Bedlam (1993),4/22/1994,An experiment gone awry places a neurologist and a homicide detective in a psychopath's nightmarish world.,4.4911,4.6,9,56428
287,Nina Takes a Lover (1994),3/3/1995,"Laura San Giacomo stars in this sexy comedy about adultery. When Nina's (San Giacomo) husband goes out of town for several weeks on a business trip, Nina hooks up with a photographer. Told from a reporter's point of view, his interviews with Nina and the photographer provide comic insights. Stars Laura San Giacomo, Paul Rhys, Michael O'Keefe, Fisher Stevens and more.",2.154,5.654,13,131957
288,Natural Born Killers (1994),8/26/1994,Two victims of traumatized childhoods become lovers and serial murderers irresponsibly glorified by the mass media.,5.7903,7.055,3580,241
289,Only You (1994),3/4/1994,"Two childhood paranormal incidents have convinced schoolteacher Faith Corvatch that her true love is a guy named ""Damon Bradley,"" but she has yet to meet him. Preparing to marry podiatrist Dwayne in 10 days, Faith receives a phone call from Dwayne's old classmate named Damon Bradley who is on his way to Venice. Faith tries to catch him at the airport but just misses him so she impulsively decides to fly to Venice hoping to finally encounter the man of her dreams; accompanying her on the trip is her sister-in-law and childhood best friend, Kate, who has just left her husband, Faith's brother Larry.",3.2243,6.766,536,9058
290,Once Were Warriors (1994),9/2/1994,"A drama about a Maori family living in Auckland, New Zealand. Lee Tamahori tells the story of Beth Heke’s strong will to keep her family together during times of unemployment and abuse from her violent and alcoholic husband.",1.0904,7.387,454,527
291,Poison Ivy II (1996),4/26/1996,"A young and naive college art student becomes obsessed with assuming the identity and personality of a departed coed who used to live in her room, and in so doing causes complications that result in two men, a student and her art professor, lusting after her.",2.7331,4.545,132,18220
292,Outbreak (1995),3/10/1995,"A deadly airborne virus finds its way into the USA and starts killing off people at an epidemic rate. Col. Sam Daniels' job is to stop the virus spreading from a small town, which must be quarantined, and to prevent an over reaction by the White House.",7.559,6.568,2353,6950
293,Léon: The Professional (a.k.a. The Professional) (Léon) (1994),9/14/1994,"Léon, the top hit man in New York, has earned a rep as an effective ""cleaner"". But when his next-door neighbors are wiped out by a loose-cannon DEA agent, he becomes the unwilling custodian of 12-year-old Mathilda. Before long, Mathilda's thoughts turn to revenge, and she considers following in Léon's footsteps.",17.6466,8.3,15413,101
294,"Perez Family, The (1995)",5/4/1949,"Gumaro Pérez must fulfill all the whims of his wife, who is sworn lady of society even though the Pérez are not a wealthy family. In order not to look bad with his wife, Gumaro asks for a loan, but when he receives it, all his co-workers take it from him since he owes everyone money.",1.9982,6.1,16,345806
295,"Pyromaniac's Love Story, A (1995)",4/28/1995,"A pastry boy and the son of a hair-piece mogul become involved in an arson scandal. Sergio is offered a bribe in exchange for taking the blame for the fire that destroys his workplace. Garet, the real arsonist, is apalled that someone else would try to take credit for his act of love. Before long, Sergio and Garet become entangled in a zany love-quadrangle involving Hattie and Stephanie. Written by Brian Whiting",1.8856,5.1,15,2307
296,Pulp Fiction (1994),9/10/1994,"A burger-loving hit man, his philosophical partner, a drug-addled gangster's moll and a washed-up boxer converge in this sprawling, comedic crime caper. Their adventures unfurl in three stories that ingeniously trip back and forth in time.",20.3106,8.487,29021,680
298,Pushing Hands (Tui shou) (1992),12/7/1991,"Mr. Chu is an elderly widower who teaches tai chi chuan in Beijing. He moves to America to live with his son's family, but finds the cultural adjustment difficult. Since his daughter-in-law is a white woman who does not speak Chinese, Mr. Chu's son, Alex, must mediate.",1.1706,7.3,80,25296
299,Priest (1994),5/5/2011,"In an alternate world, humanity and vampires have warred for centuries. After the last Vampire War, the veteran Warrior Priest lives in obscurity with other humans inside one of the Church's walled cities. When the Priest's niece is kidnapped by vampires, the Priest breaks his vows to hunt them down. He is accompanied by the niece's boyfriend, who is a wasteland sheriff, and a former Warrior Priestess.",6.8769,5.8,2375,38321
300,Quiz Show (1994),8/25/1994,"Herbert Stempel's transformation into an unexpected television personality unfolds as he secures victory on the cherished American game show, 'Twenty-One.' However, when the show introduces the highly skilled contestant Charles Van Doren to replace Stempel, it compels Stempel to let out his frustrations and call out the show as rigged. Lawyer Richard Goodwin steps in and attempts to uncover the orchestrated deception behind the scenes.",1.3183,7.3,935,11450
301,Picture Bride (Bijo photo) (1994),5/5/1995,"Riyo, an orphaned 17-year old, sails from Yokohama to Hawaii in 1918 to marry Matsuji, a man she has never met. Hoping to escape a troubled past and start anew, Riyo is bitterly disappointed upon her arrival: her husband is twice her age. The miserable girl finds solace with her new friend Kana, a young mother who helps Riyo accept her new life.",1.6971,6.396,24,30304
302,"Queen Margot (Reine Margot, La) (1994)",5/13/1994,"Paris, Kingdom of France, August 18, 1572. To avoid the outbreak of a religious war, the Catholic princess Marguerite de Valois, sister of the feeble King Charles IX, marries the Huguenot King Henry III of Navarre.",1.4023,7.2,395,10452
303,"Quick and the Dead, The (1995)",2/9/1995,"A mysterious woman comes to compete in a quick-draw elimination tournament, in a town taken over by a notorious gunman.",7.9664,6.554,1827,12106
304,Roommates (1995),6/1/2006,"Ramakrishna (Allari Naresh) is the son of a temple priest, Sekhar (Baladitya) is an orphan brought up by his maternal uncle, Seshu (Srinivasa Reddy), who was brought up by his grandmother and Bunty (Suman Setty) is the son of a toddy-taper. Ramakrishna is a Flutist; Sekhar plays Mridangam/drums, Bunty fond of playing keyboard while Seshu is a good Guitarist.",0.0866,0,0,347363
305,Ready to Wear (Pret-A-Porter) (1994),8/5/2021,A woman goes into a boutique clothes shop staffed by two snooty assistants.,0.0214,6,1,918743
306,Three Colors: Red (Trois couleurs: Rouge) (1994),5/12/1994,"Part-time model Valentine unexpectedly befriends a retired judge after she runs over his dog. At first, the grumpy man shows no concern about the dog, and Valentine decides to keep it. But the two form a bond when she returns to his house and catches him listening to his neighbors’ phone calls.",3.2507,7.913,1464,110
307,Three Colors: Blue (Trois couleurs: Bleu) (1993),9/8/1993,"The wife of a famous composer survives a car accident that kills her husband and daughter. Now alone, she shakes off her old identity and explores her newfound freedom but finds that she is unbreakably bound to other humans, including her husband’s mistress, whose existence she never suspected.",2.7737,7.652,1772,108
308,Three Colors: White (Trzy kolory: Bialy) (1994),1/26/1994,"Polish immigrant Karol Karol finds himself out of a marriage, a job and a country when his French wife, Dominique, divorces him after six months due to his impotence. Forced to leave France after losing the business they jointly owned, Karol enlists fellow Polish expatriate Mikołaj to smuggle him back to their homeland.",3.5629,7.451,1247,109
310,Rent-a-Kid (1995),1/1/1995,"Harry Habert, owner of a rental company, has an original idea—to rent baby's from a nearby orphanage to local families. He rents the Ward siblings, 2 boys and a girl, to his first customers.",0.7669,5.507,68,36357
311,Relative Fear (1994),10/3/1995,"Linda and Peter Pratman's son Adam is autistic, but they still love him and hope that he'll at least start talking some day. However he's teased and abused by the kids of the neighborhood and his grandpa . When several people around Adam die an unexpected death, his parents start to suspect Adam - is he just simulating to be so ignorant about his environment?",0.2427,4.333,6,92769
312,Stuart Saves His Family (1995),4/12/1995,A self-help advocate struggles to put his dysfunctional family in its place.,1.56,5.2,25,28033
313,"Swan Princess, The (1994)",5/15/2023,"Before becoming queen, Uberta lived a humble life with her husband Maximillian when she is suddenly thrust into royalty. Through triumph and tragedy, she learns the lessons needed to become a beloved Queen, all while raising the next generation of rulers. When it's time for Uberta to pass the royal scepter to Odette and Derek, rival Queen Wixom has plans of her own to ruin the kingdom's greatest coronation.",1.5716,5.947,38,1118203
314,"Secret of Roan Inish, The (1994)",5/14/1994,"Ten-year-old Fiona is sent to live with her grandparents in a small fishing village in Donegal, Ireland. She soon learns the local legend that an ancestor of hers married a Selkie – a seal who can turn into a human. Years earlier, her baby brother was washed out to sea and never seen again, so when Fiona spies a naked little boy on the abandoned Isle of Roan Inish, she is compelled to investigate.",2.5218,6.654,91,14334
315,"Specialist, The (1994)",9/13/2006,"Suave Harvard Medical School grad Ray Howard seems destined to specialize in womanizing. That is, until he heads to Florida to intern under the tutelage of chief resident Dr. Sidney Zachary. With help from his girlfriend, ""Dr. Z"" sets out to mold Ray into a caring, responsible doctor. Along the way, he shares some important truths and a whole lot of humor in this sexy romantic comedy",0.9336,4.6,6,77430
316,Stargate (1994),10/28/1994,"An interstellar teleportation device, found in Egypt, leads to a planet with humans resembling ancient Egyptians who worship the god Ra.",11.3947,7.012,3582,2164
317,"Santa Clause, The (1994)",11/2/2006,"Now that Santa and Mrs. Claus have the North Pole running smoothly, the Counsel of Legendary Figures has called an emergency meeting on Christmas Eve! The evil Jack Frost has been making trouble, looking to take over the holiday! So he launches a plan to sabotage the toy factory and compel Scott to invoke the little-known Escape Clause and wish he'd never become Santa.",3.7162,5.548,1113,13767
318,"Shawshank Redemption, The (1994)",9/23/1994,"Imprisoned in the 1940s for the double murder of his wife and her lover, upstanding banker Andy Dufresne begins a new life at the Shawshank prison, where he puts his accounting skills to work for an amoral warden. During his long stretch in prison, Dufresne comes to be admired by the other inmates -- including an older prisoner named Red -- for his integrity and unquenchable sense of hope.",27.8702,8.712,28805,278
319,Shallow Grave (1994),12/22/1994,"When David, Juliet, and Alex find their new roommate dead with a large sum of money, they agree to hide the body and keep the cash. However, this newfound fortune gradually corrodes their friendship.",2.8303,7,1067,9905
320,Suture (1993),9/14/1993,"Brothers Vincent and Clay meet up for the first time after their father's funeral and remark on how similar they look. But unknown to Clay, Vince is actually plotting to kill him with a car bomb and pass the corpse off as his own, planning to start a new life elsewhere with his father's inheritance. But Clay survives the blast and has his face, memory and identity restored in hospital... but are they the right ones?",1.4469,6.368,38,87078
321,Strawberry and Chocolate (Fresa y chocolate) (1993),12/1/1993,"Set in 1979, following a young Communist man's relationship with a gay Catholic writer, exploring tolerance, inclusion, homophobia and challenging its Cuban audience with great humour. Based on the short story by Cuban writer Senel Paz.",0.4941,7.09,78,12527
322,Swimming with Sharks (1995),9/10/1994,"Guy is a young film executive who's willing to do whatever it takes to make it in Hollywood. He begins working for famed producer Buddy Ackerman, a domineering, manipulative, coldhearted boss. When Guy also finds out that his cynical girlfriend, Dawn, has been using sex as a career move, he reaches his limit. Guy decides to exact revenge on Buddy by kidnapping him and subjecting him to cruel and unusual punishment.",2.3511,6.613,326,20306
324,"Sum of Us, The (1994)",11/24/2020,"A couple, a common space and a social network as a third party.",0.0356,0,0,826187
325,National Lampoon's Senior Trip (1995),9/8/1995,"While on detention, a group of misfits and slackers have to write a letter to the President explaining what is wrong with the education system. There is only one problem, the President loves it! Hence, the group must travel to Washington to meet the Main Man.",1.7335,5.4,97,27993
326,To Live (Huozhe) (1994),3/13/2013,"Adapted from the novel Bid Me To Live by the poet H.D. (written 1933–50, published 1960) and shot in houses occupied by military families on Governors Island, NYC, from the 1770s to the 1960s, To Live is about what happens on the fringes of a war, and the extremes and estrangements that war produces—how dancing on “the last-straw edge of everything” makes us strangers not only to each other but also to ourselves. It is propelled by a text that spirals through a perpetual state of siege, suspension and postponement, marking the inroads that the state makes on our ability to love and to live.",0.0143,0,0,953534
327,Tank Girl (1995),3/31/1995,"After a comet disrupts the rain cycle of Earth, the planet has become a desolate, barren desert by the year 2033. With resources scarce, Kesslee, head of the powerful and evil Water & Power Corporation, the de facto government, has taken control of the water supply. Unwilling to cower under Kesslee's tyrannical rule, a pair of outlaws known as Tank Girl and Jet Girl rise up, joining the mysterious rebel Rippers to destroy the corrupt system.",2.6623,5.427,531,9067
328,Tales from the Crypt Presents: Demon Knight (1995),1/13/1995,"Ex-soldier Frank Brayker is the guardian of an ancient key that can unlock tremendous evil; the sinister Collector is a demon who wants the key so he can initiate the apocalypse. On the run from wicked mercenaries for almost 90 years, Brayker finally stops in at a boarding house in New Mexico where — with the help of its residents — he plans to face off against the Collector and his band of ghouls, preventing them from ever seizing the key.",2.0659,6.869,513,9059
329,Star Trek: Generations (1994),11/18/1994,Captain Jean-Luc Picard and the crew of the Enterprise-D find themselves at odds with the renegade scientist Soran who is destroying entire star systems. Only one man can help Picard stop Soran's scheme...and he's been dead for seventy-eight years.,3.4644,6.5,1397,193
330,Tales from the Hood (1995),5/24/1995,A strange mortician tells four horrific tales to three drug dealers that he traps in their local funeral parlor.,1.5901,6.3,173,25066
331,Tom & Viv (1994),4/15/1994,"The story of the marriage of the poet T. S. Eliot to socialite Vivienne Haigh-Wood, which had to cope with her gynaecological and emotional problems and his growing fame.",1.0543,6.094,32,46797
332,Village of the Damned (1995),4/28/1995,"An American village is visited by some unknown life form which leaves the women of the village pregnant. Nine months later, the babies are born, and they all look normal, but it doesn't take the ""parents"" long to realize that the kids are not human or humane.",4.7171,6.1,864,12122
333,Tommy Boy (1995),3/31/1995,"To save the family business, two ne’er-do-well traveling salesmen hit the road with disastrously funny consequences.",1.8923,6.794,999,11381
334,Vanya on 42nd Street (1994),10/19/1994,"An uninterrupted rehearsal of Chekhov's 1899 play ""Uncle Vanya"" played out by a company of actors. The setting is their run down theater with an unusable stage and crumbling ceiling. The play is shown act by act with the briefest of breaks to move props or for refreshments. The lack of costumes, real props and scenery is soon forgotten.",0.6335,6.6,84,32636
335,Underneath (1995),3/29/2020,"When the husband, Keith, starts his new job as a ride-sharing driver things couldn't be better for the couple - until Keith comes to find a kidnapping in progress of his wife, Samantha. What follows is a series of shocking revelations that will shatter their worlds forever.",0.0311,0,0,687765
336,"Walking Dead, The (1995)",2/15/2024,"Stars of ""The Walking Dead,"" Andrew Lincoln and Danai Gurira, walk down memory lane and visit iconic locations where pivotal moments between their characters, Rick and Michonne, were filmed.",4.3878,7.31,116,1246596
337,What's Eating Gilbert Grape (1993),12/17/1993,"Gilbert Grape is a small-town young man with a lot of responsibility. Chief among his concerns are his mother, who is so overweight that she can't leave the house, and his mentally impaired younger brother, Arnie, who has a knack for finding trouble. Settled into a job at a grocery store and an ongoing affair with local woman Betty Carver, Gilbert finally has his life shaken up by the free-spirited Becky.",6.3013,7.665,4091,1587
338,Virtuosity (1995),8/4/1995,"The Law Enforcement Technology Advancement Centre (LETAC) has developed SID version 6.7: a Sadistic, Intelligent, and Dangerous virtual reality entity which is synthesized from the personalities of more than 150 serial killers, and only one man can stop him.",4.8038,5.51,564,9271
339,While You Were Sleeping (1995),4/21/1995,"A transit worker pulls commuter Peter off railway tracks after he's mugged, but—while he's in a coma—his family mistakenly thinks she's Peter's fiancée, and she doesn't correct them. Things get more complicated when she falls for his brother, who's not quite sure that she's who she claims to be.",2.8012,7.022,1893,2064
340,"War, The (1994)",7/29/2025,"Will Radford is a top analyst for Homeland Security who tracks potential threats through a mass surveillance program, until one day an attack by an unknown entity leads him to question whether the government is hiding something from him... and from the rest of the world.",949.0707,4.3,466,755898
341,Double Happiness (1994),10/15/2001,Dan leads a hard life running the family's Chinese take-away. One day he meets Gemma and needs to make a decision between love and family loyalty.,0.3187,0,0,878437
342,Muriel's Wedding (1994),9/29/1994,"A young social outcast in Australia steals money from her parents to finance a vacation where she hopes to find happiness, and perhaps love.",1.7881,6.8,470,236
343,"Baby-Sitters Club, The (1995)",8/18/1995,Seven junior-high-school girls organize a daycare camp for children while at the same time experiencing classic adolescent growing pains.,1.0553,5.385,96,48287
344,Ace Ventura: Pet Detective (1994),2/4/1994,"He's Ace Ventura: Pet Detective. Jim Carrey is on the case to find the Miami Dolphins' missing mascot and quarterback Dan Marino. He goes eyeball to eyeball with a man-eating shark, stakes out the Miami Dolphins and woos and wows the ladies. Whether he's undercover, under fire or underwater, he always gets his man… or beast!",11.0636,6.57,6049,3049
345,"Adventures of Priscilla, Queen of the Desert, The (1994)",5/31/1994,Two drag performers and a transgender woman travel across the desert to perform their unique style of cabaret.,7.2188,7.275,855,2759
346,Backbeat (1993),4/1/1994,"Chronicles the early days of The Beatles in Hamburg, Germany. The film focuses primarily on the relationship between Stuart Sutcliffe, John Lennon, and Sutcliffe's girlfriend Astrid Kirchherr.",0.6675,6.1,106,12635
347,Bitter Moon (1992),9/2/1992,A passenger on a cruise ship develops an irresistible infatuation with an eccentric paraplegic's wife.,3.9851,7.109,800,10497
348,Bullets Over Broadway (1994),10/14/1994,"After young playwright, David Shayne obtains funding for his play from gangster Nick Valenti, Nick's girlfriend Olive miraculously lands the role of a psychiatrist—but not only is she a bimbo who could never pass for a psychiatrist—she's a dreadful actress. David puts up with the leading man who is a compulsive eater, the grand dame who wants her part jazzed up, and Olive's interfering hitman/bodyguard—but, eventually he must decide whether art or life is more important.",1.9235,7.095,639,11382
349,Clear and Present Danger (1994),8/3/1994,"Agent Jack Ryan becomes acting Deputy Director of Intelligence for the CIA when Admiral Greer is diagnosed with cancer. When an American businessman, and friend of the president, is murdered on his yacht, Ryan starts discovering links between the man and drug dealers. As former CIA agent John Clark is sent to Colombia to kill drug cartel kingpins in retaliation, Ryan must fight through multiple cover-ups to figure out what happened and who's responsible.",4.8331,6.7,1582,9331
350,"Client, The (1994)",7/20/1994,"A street-wise kid, Mark Sway, sees the suicide of Jerome Clifford, a prominent Louisiana lawyer, whose current client is Barry 'The Blade' Muldano, a Mafia hit-man. Before Jerome shoots himself, he tells Mark where the body of a Senator is buried. Clifford shoots himself and Mark is found at the scene, and both the FBI and the Mafia quickly realize that Mark probably knows more than he says.",9.2488,6.702,1233,10731
351,"Corrina, Corrina (1994)",8/12/1994,"When Manny Singer's wife dies, his young daughter Molly becomes mute and withdrawn. To help cope with looking after Molly, he hires sassy housekeeper Corrina Washington, who coaxes Molly out of her shell and shows father and daughter a whole new way of life. Manny and Corrina's friendship delights Molly and enrages the other townspeople.",3.2435,6.684,432,10464
352,Crooklyn (1994),5/13/1994,"From Spike Lee comes this vibrant semi-autobiographical portrait of a school-teacher, her stubborn jazz-musician husband and their five kids living in '70s Brooklyn.",1.5911,6.825,151,34152
353,"Crow, The (1994)",8/21/2024,"Soulmates Eric and Shelly are brutally murdered when the demons of her dark past catch up with them. Given the chance to save his true love by sacrificing himself, Eric sets out to seek merciless revenge on their killers, traversing the worlds of the living and the dead to put the wrong things right.",15.1096,5.8,1115,957452
354,Cobb (1994),12/2/1994,"Al Stump is a famous sports-writer chosen by Ty Cobb to co-write his official, authorized 'autobiography' before his death. Cobb, widely feared and despised, feels misunderstood and wants to set the record straight about 'the greatest ball-player ever,' in his words.",0.9403,6,88,29973
355,"Flintstones, The (1994)",5/27/1994,Modern Stone Age family the Flintstones hit the big screen in this live-action version of the classic cartoon. Fred helps Barney adopt a child. Barney sees an opportunity to repay him when Slate Mining tests its employees to find a new executive. But no good deed goes unpunished.,6.3273,5.355,2525,888
356,Forrest Gump (1994),6/23/1994,"A man with a low IQ has accomplished great things in his life and been present during significant historic events—in each case, far exceeding what anyone imagined he could do. But despite all he has achieved, his one true love eludes him.",20.5363,8.465,28575,13
357,Four Weddings and a Funeral (1994),3/9/1994,"Over the course of five social occasions, a committed bachelor must consider the notion that he may have discovered love.",5.9737,6.775,2830,712
358,Higher Learning (1995),1/11/1995,"African-American student Malik is on a track scholarship; academics are not his strong suit, and he goes in thinking that his athletic abilities will earn him a free ride through college. Fudge, a ""professional student"" who has been at Columbus for six years so far, becomes friendly with Malik and challenges his views about race and politics in America.",1.0404,6.3,225,16295
359,I Like It Like That (1994),10/14/1994,"After her husband is arrested for looting, Lisette struggles for independence while dealing with her transgender sibling, her critical mother-in-law and assorted neighborhood eccentrics.",0.3032,6.4,19,48992
360,I Love Trouble (1994),6/29/1994,Rival Chicago reporters Sabrina Peterson and Peter Brackett join forces to uncover a train wreck conspiracy.,1.8517,5.491,220,10879
361,It Could Happen to You (1994),7/16/1994,"Charlie Lang is a simple, kindhearted New York City cop. When he realizes he has no money to tip waitress Yvonne Biasi, Lang offers her half the winnings of his lottery ticket. Amazingly, the ticket happens to be a winner, in the sum of $4 million. True to his word, Lang proceeds to share the prize money with Biasi, which infuriates his greedy wife, Muriel. Not content with the arrangement, Muriel begins scheming to take all the money.",2.3237,6.697,847,10660
362,"Jungle Book, The (1994)",5/20/2014,"The jungle is roaring with excitement when Mowgli, Baloo and all their animal friends stir up fun and pandemonium in this party packed adventure. Baloo becomes royalty, bouncing baby elephants everywhere and Mowgli holds both a fishing and a fitness contest!",0.0398,6.5,2,291700
363,"Wonderful, Horrible Life of Leni Riefenstahl, The (Macht der Bilder: Leni Riefenstahl, Die) (1993)",9/11/1993,"This documentary recounts the life and work of one of most famous, and yet reviled, German film directors in history, Leni Riefenstahl. The film recounts the rise of her career from a dancer, to a movie actor to the most important film director in Nazi Germany who directed such famous propaganda films as Triumph of the Will and Olympiad. The film also explores her later activities after Nazi Germany's defeat in 1945 and her disgrace for being so associated with it which includes her amazingly active life over the age of 90.",0.1648,7.286,28,41647
364,"Lion King, The (1994)",7/20/1994,"Leo is the lion king of the jungle, but unfortunately he doesn't know well what a king's job is. He believes it is his right to do as he pleases, even if it means disrupting the peace of others or being plain rude to them, as a king, Leo thinks everyone should look out for his well-being and comfort. One day, Leo meets a lion cub named Tooey whose mother has been recently taken away and who comes to Leo for help, being as selfish as he is, Leo turns the young lion away. However, after several different adventures, Leo learns what his place as a king is and how he must behave and treat the creatures who have almost lost all faith in him. Leo rallies the jungle animals to the rescue, and in the epilogue, the narrator Michael Donovan says that Leo asked Tooey's mother to be his queen, and the cub himself grew into a strong young lion, now called Leo II and one day he would be the Jungle King.",1.4495,6.882,17,256285
365,Little Buddha (1993),12/1/1993,"After the death of Lama Dorje, Tibetan Buddhist monks find three children — one American and two Nepalese — who may be the rebirth of their great teacher.",2.5095,6.3,426,1689
366,"Wes Craven's New Nightmare (Nightmare on Elm Street Part 7: Freddy's Finale, A) (1994)",10/13/1994,Cast and crew from A Nightmare on Elm Street are terrorized by Freddy Krueger and his razor-fingered glove as he crosses over into the real world.,5.1317,6.5,1485,11596
367,"Mask, The (1994)",5/22/2020,The story of an ancient mask that possesses the human form to commit visceral sacrifices of vengeance for the incarnation of its God.,0.7176,5.5,34,704269
368,Maverick (1994),5/20/1994,"Bret Maverick is a gambler who would rather con someone than fight them, and needs an additional $3k in order to enter a winner-takes-all poker game beginning in a few days. He joins forces with a woman with a marvelous Southern accent, and the two try and enter the game.",4.8314,6.887,1659,9359
369,Mrs. Parker and the Vicious Circle (1994),9/7/1994,"Dorothy Parker remembers the heyday of the Algonquin Round Table, a circle of friends whose barbed wit, like hers, was fueled by alcohol and flirted with despair.",7.4403,5.8,55,23333
370,Naked Gun 33 1/3: The Final Insult (1994),3/18/1994,"Frank Drebin is persuaded out of retirement to go undercover in a state prison. There he has to find out what top terrorist, Rocco, has planned for when he escapes. Adding to his problems, Frank's wife, Jane, is desperate for a baby.",7.864,6.5,2278,36593
371,"Paper, The (1994)",8/30/2020,Three middle aged men polish their martial arts skills to avenge their fallen master.,1.0245,6.763,114,731738
372,Reality Bites (1994),2/18/1994,"A small circle of friends suffering from post-collegiate blues must confront the hard truth about life, love and the pursuit of gainful employment. As they struggle to map out survival guides for the future, the Gen-X quartet soon begins to realize that reality isn't all it's cracked up to be.",1.9136,6.573,758,2788
373,Red Rock West (1992),5/14/1993,"When a promised job for Texan Michael fails to materialize in Wyoming, Mike is mistaken by Wayne to be the hitman he hired to kill his unfaithful wife, Suzanne. Mike takes full advantage of the situation, collects the money, and runs. During his getaway, things go wrong, and soon get worse when he runs into the real hitman, Lyle.",1.7346,6.734,369,10427
374,Richie Rich (1994),12/8/2017,"A journalist sets out to uncover the truth behind an incident, through the perspectives of different people, unraveling how they and their lives are intertwined with it.",4.3532,4.1,7,410190
376,"River Wild, The (1994)",9/30/1994,"Gail and Tom Hartman are struggling to stay together and decide to take a white-water rafting holiday adventure in Montana for their son Roarke's 10th birthday, only to meet up with a pair of mysterious men whose desperation grows, turning their vacation into a nightmare.",7.7075,6.436,912,8987
377,Speed (1994),6/9/1994,"Jack Traven, an LAPD cop on SWAT detail, and veteran SWAT officer Harry Temple thwart an extortionist-bomber's scheme for a $3 million ransom. As they corner the bomber, he flees and detonates a bomb vest, seemingly killing himself. Weeks later, Jack witnesses a mass transit city bus explode and nearby a pay phone rings. On the phone is that same bomber looking for vengeance and the money he's owed. He gives a personal challenge to Jack: a bomb is rigged on another city bus - if it slows down below 50 mph, it will explode - bad enough any day, but a nightmare in LA traffic. And that's just the beginning...",8.2528,7.143,6472,1637
378,Speechless (1994),11/23/2015,"Desmond has a secret he cannot share with anyone. His grades are slipping, rumors are swirling and he feels powerless, especially when he sees his sister being hurt, too. With the support of his father and a new friend, Desmond is able to tell his story of being sexually assaulted and end the cycle of abuse. Desmond regains his power when he uses his voice.",0.4479,6.4,7,250400
379,Timecop (1994),9/15/1994,"In 2004, an officer for a security agency that regulates time travel must fend for his life against a shady politician who has a tie to his past.",4.6119,6,1223,8831
380,True Lies (1994),8/28/2024,"In a world of lies, Julie, a young woman, takes her boyfriend, Anthony, to a specialist. This appointment is her last hope to cure him of the strange ailment tormenting him: he has stopped lying.",0.0575,0,0,1336208
381,When a Man Loves a Woman (1994),4/29/1994,"An airline pilot and his wife are forced to face the consequences of her alcoholism when her addictions threaten her life and their daughter's safety. While the woman enters detox, her husband must face the truth of his enabling behavior.",1.7608,6.615,364,10449
382,Wolf (1994),9/13/2019,"Great Britain. 150AD. When four messengers sent by Rome to a plague infected Caledonia, with a message of peace and help for their King, go missing Rome has no choice but to send ten of their finest across Hadrian's Wall to find and bring them back. Led by their Captain, Domitius, (George McCluskey, ""The Zombie King""), and two of their strongest warriors, Grackus, (Stuart Brennan, ""Risen"") and Nerva, (Mark Paul Wake, ""Plan Z""), the legion soon realise that what lays in wait for them is something much worse than any plague or army known to man - And with them being picked off one by one on their journey back to the wall by a beast none of them can match, and survival being their only hope, will there be anyone left to warn Rome of the dangers it may now face. Fight For Rome. Fight For Caesar. Fight To Survive.",0.4034,4.5,23,549773
383,Wyatt Earp (1994),6/24/1994,"From Wichita to Dodge City, to the O.K. Corral in Tombstone, Wyatt Earp is taught that nothing matters more than family and the law. Joined by his brothers and Doc Holliday, Earp wages war on the dreaded Clanton and McLaury gangs.",4.0287,6.773,880,12160
384,Bad Company (1995),6/7/2002,"When a Harvard-educated CIA agent is killed during an operation, the secret agency recruits his twin brother.",2.949,5.502,809,3132
385,"Man of No Importance, A (1994)",12/24/1994,"Alfie Byrne is a middle-aged bus conductor in Dublin in 1963. He would appear to live a life of quiet desperation: he's gay, but firmly closeted, and his sister is always trying to find him ""the right girl"". His passion is Oscar Wilde, his hobby is putting on amateur theatre productions in the local church hall. We follow him as he struggles with temptation, friendship, disapproval, and the conservative yet oddly lyrical world of Ireland in the early 1960s.",0.7833,6.278,18,52038
386,S.F.W. (1994),9/15/1994,An alienated and misanthropic teenager gains sudden and unwanted celebrity status after he's taken hostage by terrorists where his indifference to their threats to kill him makes news headlines.,1.0275,6,105,29444
387,"Low Down Dirty Shame, A (1994)",11/23/1994,"A black detective becomes embroiled in a web of danger while searching for a fortune in missing drug money. During the course of his investigation, he encounters various old connections, ultimately confronting the criminal responsible for Shame's expulsion from the force. He must also deal with two women, Angela, a beautiful old flame, and Peaches, his energetic but annoying sidekick.",2.1236,5.616,112,26352
388,Boys Life (1995),9/30/1994,"Each of the three short films in this collection presents a young gay man at the threshold of adulthood. In ""Pool Days,"" Justin is a 17-year old Bethesda lad, hired as the evening life guard at a fitness center. In the course of the summer, he realizes and embraces that he's gay. In ""A Friend of Dorothy,"" Winston arrives from upstate for his freshman year at NYU. He has to figure out, with some help from Anne, a hometown friend, how to build a social life as a young gay man in the city. In ""The Disco Years,"" Tom looks back on 1978, the year in high school that he came out of the closet after one joyful and several painful encounters",0.9344,4.8,12,39953
389,"Colonel Chabert, Le (1994)",12/1/1943,"The story of a French officer who is assumed dead during the Napoleonic Wars, but returns ten years later to a very different France, both on a political and personal level. The film is based on the novel Colonel Chabert by Honoré de Balzac.",0.4307,6.9,8,340079
390,Faster Pussycat! Kill! Kill! (1965),8/6/1965,"A trio of thrill-seeking go-go dancers kidnap a young girl and attempt to seduce an old rancher and his two sons out of their small fortune, but their scheme doesn't play out as intended.",1.2335,6.337,340,315
391,Jason's Lyric (1994),5/22/1994,The story of a young man who must confront his own fears about love as well as his relationships with family and friends.,3.9572,6.833,54,22067
393,Street Fighter (1994),12/23/1994,Colonel Guile and various other martial arts heroes fight against the tyranny of dictator M. Bison and his cohorts.,4.7685,4.6,1539,11667
405,Highlander III: The Sorcerer (a.k.a. Highlander: The Final Dimension) (1994),11/29/1994,"Starts off in the 15th century, with Connor McLeod training with another immortal swordsman, the Japanese sorcerer Nakano. When an evil immortal named Kane kills the old wizard, the resulting battle leaves him buried in an underground cave. When Kane resurfaces in the 20th century to create havoc, it's up to McLeod to stop him.",1.9855,4.75,519,8011
406,Federal Hill (1994),2/24/1995,"In Providence's Italian neighborhood, Federal Hill, five young are immersed in drugs, crime and violence. Everything changes when one of the guys in the band know love.",1.1298,4.8,9,171857
407,In the Mouth of Madness (1995),2/3/1995,An insurance investigator begins discovering the impact a horror writer's books has on his fans is more than inspirational.,5.3367,7.214,1760,2654
408,8 Seconds (1994),2/27/2015,"Esra leads two parallel lives. In her daily life the vivacious and spirited Esra adores her family but feels caged in her relationships. In her dream life, she yearns to discover the identity of the man who visits her dreams. While in waking life she struggles in vain, in her dream life she evolves in secret. But what if waking and dreaming were never separate and the real secret is shored by all?",0.8636,6.063,16,348750
409,Above the Rim (1994),3/23/1994,"Story of a promising high school basketball star and his relationships with two brothers, one a drug dealer and the other a former basketball star fallen on hard times and now employed as a security guard.",2.0344,6.971,208,19092
410,Addams Family Values (1993),11/19/1993,"Siblings Wednesday and Pugsley Addams will stop at nothing to get rid of Pubert, the new baby boy adored by parents Gomez and Morticia. Things go from bad to worse when the new ""black widow"" nanny, Debbie Jellinsky, launches her plan to add Fester to her collection of dead husbands.",10.0773,6.969,3146,2758
412,"Age of Innocence, The (1993)",9/10/1993,"In 19th century New York high society, a young lawyer falls in love with a woman separated from her husband, while he is engaged to the woman's cousin.",2.0394,6.977,1148,10436
413,Airheads (1994),8/5/1994,The Lone Rangers have heavy-metal dreams and a single demo tape they can't get anyone to play. The solution: Hijack an FM rock radio station and hold the deejays hostage until they agree to broadcast the band's tape.,3.2858,6.158,774,13595
414,"Air Up There, The (1994)",1/7/1994,"Jimmy Dolan is a college basketball coach who wants a big promotion. To get it, he needs to make a dramatic find. He ends up deep in Africa, hoping to recruit Saleh, a huge basketball prodigy Jimmy glimpsed in a home movie. But Saleh is the chief's son and has responsibilities at home, since the tribe's land is threatened by a mining company with its own hotshot basketball team.",1.7602,6.1,156,46094
415,Another Stakeout (1993),7/22/1993,A pair of immature detectives are joined by a pesky assistant district attorney in staking out a lakeside home where an important Mafia trial witness is believed to be heading.,1.337,5.463,232,9409
416,Bad Girls (1994),2/10/2021,"After robbing a strip club, three desperate teenage girls lead a misogynistic Federal Agent on a lysergic cross-country chase, scoring a duffle bag full of money, drugs, and a crew of willing kidnapees along the way.",0.3006,3.8,6,794699
417,Barcelona (1994),7/29/1994,"During the 1980s, uptight Ted Boynton is a salesman working in the Barcelona office of a Chicago-based company. He receives an unexpected visit from his cousin Fred, a naval officer who has come to Spain on a public relations mission for a U.S. fleet. Not exactly friends in the past, Ted and Fred strike up relationships with women in the Spanish city and experience conflicts -- Ted with his employer, and Fred with the Barcelona community.",1.7559,6.274,84,16771
418,Being Human (1993),,"As a group of aliens try to infiltrate Earth and adapt to Human norms, one of them gets distracted with a newly found passion.",0,0,0,1105328
419,"Beverly Hillbillies, The (1993)",10/15/1993,"Jed Clampett and kin move from Arkansas to Beverly Hills when he becomes a billionaire, after an oil strike. The country folk are very naive with regard to life in the big city, so when Jed starts a search for a new wife there are inevitably plenty of takers and con artists ready to make a fast buck",3.6805,6.326,563,11041
420,Beverly Hills Cop III (1994),5/24/1994,"When his boss is killed, Detroit cop Axel Foley finds evidence that the murderer had ties to a California amusement park called Wonder World. Returning to sunny Beverly Hills once more, Foley reunites with Detective Billy Rosewood to solve the case. Along with Billy's new partner, Detective Jon Flint, they discover that Wonder World is being used as a front for a massive counterfeiting ring.",2.8098,5.9,1996,306
421,Black Beauty (1994),5/9/1995,Black Beauty lives with Squire Gordon and his stable girl Jenny. Squire Gordon is forced to sell Black Beauty to a cruel society lady. He is a sweet-tempered horse who through the course of his life encounters many trying experiences. He endures through his unyielding courage and faith.,0.8188,5.8,13,83300
422,Blink (1994),3/13/2022,"After being violently pushed from a window, Mary wakes up in the hospital, almost completely paralyzed. Trapped inside the prison of her own body, Mary's only way to communicate is by blinking her eyes. She tries to warn the nurse that a sinister, inhuman force is trying to kill her. But when strange things begin happening around her, she realizes it may be too late to stop it.",5.4261,7.196,23,934707
423,Blown Away (1994),12/23/2014,"Cyclone Tracy 40 years on, exploring the myths and revealing new perspectives on one of the worst natural disasters in Australia's history.",0.4142,0,0,1235371
424,Blue Chips (1994),2/18/1994,"Pete Bell, a college basketball coach is under a lot of pressure. His team isn't winning and he cannot attract new players. The stars of the future are secretly being paid by boosters. This practice is forbidden in the college game, but Pete is desperate and has pressures from all around.",1.8319,6.073,192,19819
425,Blue Sky (1994),9/16/1994,"Hank Marshall is a tough, square-jawed, straitlaced Army engineer and nuclear science expert, assigned to help conduct weapons testing in 1950s America. Hank has become a thorn in the side of the Army, though, for a couple of very different reasons. He is an outspoken opponent of atmospheric testing, though his superiors hold contrary views and want to squelch his concerns...and his reports. The other problem is his wife, Carly. She is voluptuous and volatile, wreaking havoc in his personal life and stirring up intrigue at each new Army base.",2.6936,6.092,142,57834
426,Body Snatchers (1993),6/9/1993,"When Environmental Protection Agency inspector Steve Malone travels to a remote military base in order to check for toxic materials, he brings his family along for the ride. After arriving at the base, his teenage daughter Marti befriends Jean Platt, daughter of the base's commander, General Platt. When people at the base begin acting strangely, Marti becomes convinced that they are slowly being replaced by plant-like aliens.",2.2402,6.134,440,4722
427,Boxing Helena (1993),3/22/1993,"A top surgeon is besotted with a beautiful woman who once rebuffed him. Unable to come to terms with life without her, he tries to convince her that they need each other. She has other ideas, but a horrific accident leaves her at his mercy.",2.1111,5.066,236,18215
428,"Bronx Tale, A (1993)",10/1/1993,"Set in the Bronx during the tumultuous 1960s, an adolescent boy is torn between his honest, working-class father and a violent yet charismatic crime boss. Complicating matters is the youngster's growing attraction - forbidden in his neighborhood - for a beautiful black girl.",8.0815,7.876,2663,1607
429,Cabin Boy (1994),1/7/1994,"A foul-mouthed finishing school graduate mistakenly winds up on an ill-fated fishing boat, and faces the wrath of a crew that considers him bad luck.",1.1747,5.1,107,26391
430,Calendar Girl (1993),4/7/2016,"In my imagination, she came to me.  Jong-moo is happy the calendar model Na-yeong is there smiling for him although they can't be together. One day, the girl of his dreams moves right next door to him and Jong-moo's boring life turns into excitement. Jong-moo learns about how she suffers behind the fanciness and he puts everything he has on the line to comfort her. Na-yeong is caught between his innocence and her work. Meanwhile, Jong-moo's friend Yong-jin dreams of a hot night with his cute girlfriend Ji-hee but every time he tries he stands on the verge of death and in the end Ji-hee confesses something to him...  The two couple put their lives on the line for love.",5.6368,5.8,5,392144
431,Carlito's Way (1993),11/10/1993,"Free after years in prison, Carlito Brigante intends to give up his criminal ways, but it's not long before the ex-con is sucked back into the New York City underworld. Reconnecting with his dancer girlfriend, Carlito gets entangled in the shady dealings of his friend Dave Kleinfeld, who also serves as his lawyer. An encounter with shifty gangster Benny Blanco sets the duo on a dangerous path.",7.1937,7.83,3300,6075
432,City Slickers II: The Legend of Curly's Gold (1994),6/10/1994,"Mitch Robbins' 40th birthday begins quite well until he returns home and finds his brother Glen, the black sheep of the family, in his sofa. Nevertheless he is about to have a wonderful birthday-night with his wife when he discovers a treasure map of Curly by chance. Together with Phil and unfortunately Glen he tries to find the hidden gold of Curly's father in the desert of Arizona.",1.1493,5.298,326,11310
433,Clean Slate (1994),5/6/1994,"Pogue is a private eye with a problem: every morning when he wakes up, he has total amnesia, waking up with a 'blank slate'. Since he is in the middle of a hot investigation and has a developing romance, this is less than convenient.",1.5927,5.768,71,18658
434,Cliffhanger (1993),5/28/1993,"A year after losing his friend in a tragic 4,000-foot fall, former ranger Gabe Walker and his partner, Hal, are called to return to the same peak to rescue a group of stranded climbers, only to learn the climbers are actually thieving hijackers who are looking for boxes full of money.",7.1573,6.5,2479,9350
435,Coneheads (1993),7/23/1993,"A pair of aliens arrive on Earth to prepare for invasion, but crash instead. With enormous cone-shaped heads, robotlike walks and an appetite for toilet paper, aliens Beldar and Prymatt don't exactly blend in with the population of Paramus, N.J. But for some reason, everyone believes them when they say they're from France.",4.0099,5.446,962,9612
436,Color of Night (1994),8/19/1994,A color-blind psychiatrist is stalked by an unknown killer after taking over his murdered friend's therapy group and becomes embroiled in an intense affair with a mysterious woman who may be connected to the crime.,4.1198,5.764,594,2124
437,Cops and Robbersons (1994),4/15/1994,"When the police discover that a mob hitman has moved in next door to the Robbersons, they set up a stakeout in the Robbersons' home. Hard-nosed, tough-as-nails Jake Stone and his young partner Tony Moore are assigned to the stakeout, but now it is a question of whether Jake can last long enough to capture the bad guys. The Robbersons want to help, and by doing so, drive Jake crazy.",1.2404,5.131,122,26261
438,"Cowboy Way, The (1994)",6/3/1994,"Two championship rodeo partners travel to New York to find their missing friend, Nacho Salazar who went missing there.",2.8404,5.7,157,19176
440,Dave (1993),11/13/2012,"""Our homage to the man whose ability to change whilst remaining himself has been a massive influence on us. There are many legends in the music industry but for us, there is no greater than the mighty Dave. We've included all things Bowie, whether that is original songs, covers, backing vocals, production work or reworks we made, to attempt to give you the full scope of the man's genius.  ""For the visual side to this mix our friend Wim Reygaert (who also made the amazing film for Into The Vortex) came up with the most ambitious film for RSWX, taking us on a fever dream time travel through the man's career starring the amazing Hannelore Knuts as Dave. We've got to extend a special thank you to the cast and crew and everyone involved for putting so much time and energy and heart and soul into this amazing film, it is a pure labour of love for the phenomenon that is Bowie."" - Soulwax",0.2112,0,0,191808
441,Dazed and Confused (1993),9/24/1993,"The adventures of a group of Texas teens on their last day of school in 1976, centering on student Randall Floyd, who moves easily among stoners, jocks and geeks. Floyd is a star athlete, but he also likes smoking weed, which presents a conundrum when his football coach demands he sign a ""no drugs"" pledge.",4.1199,7.32,2137,9571
442,Demolition Man (1993),10/8/1993,"In 1996, brash L.A. detective John Spartan and maniac killer Simon Phoenix are both sentenced to decades in a cryogenic prison as punishment for a rescue mission gone wrong. When Phoenix escapes 36 years later to wreak havoc on the future, Spartan is awakened to capture his nemesis the old-fashioned way.",10.6097,6.741,3867,9739
444,Even Cowgirls Get the Blues (1993),5/13/1994,A girl born with enormous thumbs in the repressive era of the 1950s learns to turn her quirks into assets.,2.7737,4.392,130,34444
445,Fatal Instinct (1993),6/3/2014,A police detective follows a trail of evidence that eventually seems to lead to his trusted partner's ex-con brother who he helped put in prison years ago.,4.4355,5.545,11,290772
446,Farewell My Concubine (Ba wang bie ji) (1993),1/1/1993,Two boys meet at an opera training school in Peking in 1924. Their resulting friendship will span nearly 70 years and endure some of the most troublesome times in China's history.,3.6535,7.95,624,10997
448,Fearless (1993),10/15/1993,"After surviving a plane crash that kills many others, Max Klein develops a sense of invulnerability, leading to radical, compulsive actions. Can a psychologist and a fellow guilt-ridden survivor bring him down to earth?",2.576,6.89,322,10443
449,Fear of a Black Hat (1994),6/3/1994,"Chronicling the controversial career of bad boys N.W.H. (Niggaz With Hats), this uproarious 'mockumentary' lampoons all of hardcore rap's hot-button issues. This underground laugh riot recounts the rise, fall and resurrection of a clueless bunch of would-be rappers, Ice Cold, Tone-Def & Tasty Taste performing as N.W.H.",0.5234,5.979,47,20239
450,With Honors (1994),4/29/1994,"Convinced he'll graduate with honors because of his thesis paper, a stuffy Harvard student finds his paper being held hostage by a homeless man, who might be the guy to school the young man in life.",2.5693,6.748,215,16297
451,Flesh and Bone (1993),11/5/1993,"Haunted by memories of his father murdering a family, Arlis Sweeney prefers to keep to himself, focusing his energy on his work. One day, the traumatic past that eats away at him returns when he meets Kay Davies, a woman connected to the bloody event. Against all odds, Arlis and Kay fall in love; however, when his father, Roy, reappears in his life -- with the coldhearted Ginnie in tow -- Arlis must deal with his past demons.",0.9863,6.1,94,18551
452,Widows' Peak (1994),4/15/1994,Scandal and mystery reign following the arrival of Edwina in a small Irish town populated entirely by widows. Edwina quickly falls out with the locals while also falling in with the son of the community's leader,2.6688,6.3,19,25440
453,For Love or Money (1993),8/7/1963,"Wealthy Chloe Brasher has three beautiful daughters; Bonnie, Kate, and Jan. Chloe pays attorney Deke Gentry to fix them up with three suitable husbands.",0.5936,5.3,6,242835
454,"Firm, The (1993)",2/26/1989,"A seemingly respectable estate agent leads a double life as the head of a vicious, well-organised gang of football hooligans.",0.7138,6.563,79,17300
455,Free Willy (1993),7/16/1993,"When maladjusted orphan Jesse vandalizes a theme park, he is placed with foster parents and must work at the park to make amends. There he meets Willy, a young Orca whale who has been separated from his family. Sensing kinship, they form a bond and, with the help of kindly whale trainer Rae Lindley, develop a routine of tricks. However, greedy park owner Dial soon catches wind of the duo and makes plans to profit from them.",3.7743,6.2,1867,1634
456,Fresh (1994),3/3/2022,"Frustrated by scrolling dating apps only to end up on lame, tedious dates, Noa takes a chance by giving her number to the awkwardly charming Steve after a produce-section meet-cute at the grocery store.",4.1674,7,1724,787752
457,"Fugitive, The (1993)",8/15/2019,"Six months after PETA's failure to fight Nippon, Hardo returns to his village in Blora. His presence is smelled by Nippon, tracked and pursued. In a chase one day and night before the proclamation of independence, a drama of struggle is revealed. The betrayal of Hardo's fiance's father is juxtaposed with the betrayal of his best friend Karmin; the resistance of Dipo and Kartiman juxtaposed with Hardo's resistance; the cruelty of the war and the ego of the invaders, a shidokan of Nippon juxtaposed with the deterioration of war victims of Hardo and Ningsih's father.",0.7722,5.8,2,611084
458,Geronimo: An American Legend (1993),12/10/1993,"The Apache Indians have reluctantly agreed to settle on a US Government approved reservation. Not all the Apaches are able to adapt to the life of corn farmers. One in particular, Geronimo, is restless. Pushed over the edge by broken promises and necessary actions by the government, Geronimo and thirty or so other warriors form an attack team which humiliates the government by evading capture, while reclaiming what is rightfully theirs.",2.4301,6.3,267,35588
459,"Getaway, The (1994)",10/18/2019,4 pals find themselves in the middle of an adventure involving the US Army and aliens when one of them is gone missing during their secret weekend getaway without their wives in a spa center in Kömlük.,0.847,5.035,85,640155
460,Getting Even with Dad (1994),6/17/1994,"Con man Ray is going after one last heist – a stash of rare coins – when his estranged son Timmy unexpectedly shows up. Ray is too preoccupied with his robbery to spend time with his son, so Timmy blackmails him into acting like a father, hiding the coins and promises to return them only after Ray takes him to amusement parks and baseball games.",0.8457,5.272,204,41579
461,Go Fish (1994),12/6/2019,"When a mysterious black goop reaches his idyllic undersea town, a brave and selfless parrot fish must cross the ocean to find its source and fix it before his coral reef is destroyed.",1.1215,5.143,7,649341
464,Hard Target (1993),4/27/1993,"When a woman's father goes missing, she enlists a local to aid in her search.  The pair soon discover that her father has died at the hands of a wealthy sportsman who hunts homeless men as a form of recreation.",7.812,6.465,1268,2019
466,Hot Shots! Part Deux (1993),5/21/1993,"Topper Harley is found to be working as an odd-job-man in a monastery. The CIA want him to lead a rescue mission into Iraq, to rescue the last rescue team, who went in to rescue the last rescue team—who went in to rescue hostages left behind after Desert Storm.",3.9568,6.5,1928,9255
467,Live Nude Girls (1995),12/8/1995,"A group of old friends at a Hens Night discuss their issues, uncertainties, fears and fantasies.",0.6591,4.514,35,26271
468,"Englishman Who Went Up a Hill But Came Down a Mountain, The (1995)",5/12/1995,"When an English cartographer arrives in Wales to tell the residents of the Welsh village of Ffynnon Garw  that their 'mountain' is only a hill, the offended community sets out to remedy the situation.",2.1196,6.321,307,10612
469,"House of the Spirits, The (1993)",10/21/1993,"A rancher, his clairvoyant wife and their family face turbulent years in South America.",3.1972,6.935,709,2259
470,House Party 3 (1994),1/11/1994,"Hip Hop duo Kid & Play return in the second follow-up to their 1990 screen debut House Party. Kid (Christopher ""Kid"" Reid) is taking the plunge and marrying his girlfriend Veda (Angela Means), while his friend Play (Christopher Martin) is dipping his toes into the music business, managing a roughneck female rap act called Sex as a Weapon. Play books the ladies for a concert with heavy-hitting pr",1.3728,5.065,54,16097
471,"Hudsucker Proxy, The (1994)",3/11/1994,A naive business graduate is installed as president of a manufacturing company as part of a stock scam.,2.8289,7.076,1107,11934
472,I'll Do Anything (1994),2/4/1994,"Matt Hobbs is a talented but unsuccessful actor. When estranged (and strange) ex-wife Beth dumps their daughter Jeannie on Matt, father and daughter have a lot of adjusting to do. His budding relationship with attractive production assistant Cathy Breslow is made complicated, while the precocious child is overly accustomed to getting her own way. Matt eventually faces the choice of family vs career in a particularly difficult way.",0.5906,5.588,51,106143
473,In the Army Now (1994),3/27/2003,"When the devastating Kocaeli earthquake occurs, the Turkish government passes a special law allowing people to complete their military service in a month.",2.7803,4.3,29,447073
474,In the Line of Fire (1993),7/8/1993,"Veteran Secret Service agent Frank Horrigan is a man haunted by his failure to save President Kennedy while serving protection detail in Dallas. Thirty years later, a man calling himself ""Booth"" threatens the life of the current President, forcing Horrigan to come back to protection detail to confront the ghosts from his past.",4.7574,6.968,1679,9386
475,In the Name of the Father (1993),12/12/1993,"A small-time Belfast thief, Gerry Conlon, is wrongly convicted of an IRA bombing in London, along with his father and friends, and spends 15 years in prison fighting to prove his innocence.",2.1161,7.896,1843,7984
476,"Inkwell, The (1994)",4/22/1938,"In a tribute to the Fleischer brothers shorts of the '20s, a janitor hypnotizes Max Fleischer's pen to draw Betty Boop.",0.5287,5.3,25,145758
477,What's Love Got to Do with It? (1993),1/26/2023,Two childhood friends now in their thirties must decide whether to follow their heads or their hearts once the man decides to follow his parents' advice and enter into an arranged marriage in Pakistan.,0.8248,6.018,222,800301
478,Jimmy Hollywood (1994),3/30/1994,"Jimmy Alto is an actor wannabe who stumbles into the role of a lifetime. He becomes a vigilante crime-fighter, aided by his sidekick William, who has suffered a head wound and has problems with short-term memory. Jimmy's vigilante alter ego soon becomes a media wonder--but Jimmy remains a total unknown and his long-suffering girl friend Lorraine is getting fed up with the whole situation.",1.3323,5.22,66,31643
479,Judgment Night (1993),10/15/1993,"Four young friends, while taking a shortcut en route to a local boxing match, witness a brutal murder which leaves them running for their lives.",1.5154,6.5,357,6
480,Jurassic Park (1993),6/11/1993,"A wealthy entrepreneur secretly creates a theme park featuring living dinosaurs drawn from prehistoric DNA. Before opening day, he invites a team of experts and his two eager grandchildren to experience the park and help calm anxious investors. However, the park is anything but amusing as the security systems go off-line and the dinosaurs escape.",12.385,8,17062,329
481,Kalifornia (1993),6/24/1993,"A journalist duo go on a tour of serial killer murder sites with two companions, unaware that one of them is a serial killer himself.",32.7982,6.577,815,10909
482,Killing Zoe (1994),10/1/1993,"Zed is an American vault-cracker who travels to Paris to meet up with his old friend Eric. Eric and his gang have planned to raid the only bank in the city which is open on Bastille day. After offering his services, Zed soon finds himself trapped in a situation beyond his control when heroin abuse, poor planning and a call-girl named Zoe all conspire to turn the robbery into a very bloody siege.",2.2227,6.223,347,507
484,Lassie (1994),7/22/1994,"On their way to start a new life at a sheep farm in rural Virginia, the Turner family are halted by a wreck on the highway that has claimed the life of a truck driver. Spotting the trucker's now-abandoned collie on the side of the road, they take pity on the dog and adopt her. As the city family copes with the change to rural life, including a feud with a neighboring farm family who resent the city interlopers, the ever-loyal Lassie helps them adjust to their new surroundings.",0.9372,6.1,210,29918
485,Last Action Hero (1993),6/18/1993,"After his father's death, a young boy finds solace in action movies featuring an indestructible cop. Given a magic ticket by a theater manager, he is transported into the film and teams up with the cop to stop a villain who escapes into the real world.",7.1972,6.472,2826,9593
486,Life with Mikey (1993),6/4/1993,"Michael Chapman, a former child TV star, runs a struggling talent agency specilizing in child acts. When a young girl off the street puts on a real performance after he catches her picking his pocket, he may have just found the next big thing.",2.4451,5.701,147,42580
487,Lightning Jack (1994),3/11/1994,"Lightning Jack Kane is an Australian outlaw in the wild west. During a bungled bank robbery he picks up mute Ben Doyle as a hostage. The two become good friends, with Jack teaching Ben how to rob banks, while they plan Jack's last heist.",2.1024,5.58,131,22317
488,M. Butterfly (1993),10/1/1993,"In 1960s China, French diplomat Rene Gallimard falls in love with an opera singer, Song Liling – but Song is not at all who Gallimard thinks.",1.4284,6.61,232,1413
489,Made in America (1993),5/20/2016,"A chronicle of the rise and fall of O.J. Simpson, whose high-profile murder trial exposed the extent of American racial tensions, revealing a fractured and divided nation.",0.7474,8.412,244,377462
490,Malice (1993),9/29/1993,"A tale about a happily married couple who would like to have children. Tracy teaches infants, Andy's a college professor. Things are never the same after she is taken to hospital and operated upon by Jed, a ""know all"" doctor.",1.9077,6.267,479,2246
491,"Man Without a Face, The (1993)",7/29/1950,A faceless killer who hunts women can only be stopped by a detective with a disturbing past.,0.304,6.6,13,210653
492,Manhattan Murder Mystery (1993),5/2/1993,A middle-aged couple suspects foul play when their neighbor's wife suddenly drops dead.,1.7277,7.265,1118,10440
493,Menace II Society (1993),5/26/1993,A young street hustler attempts to escape the rigors and temptations of the ghetto in a quest for a better life.,4.9019,7.5,813,9516
494,Executive Decision (1996),3/15/1996,"Terrorists hijack a 747 inbound to Washington D.C., demanding the release of their imprisoned leader. Intelligence expert David Grant (Kurt Russell) suspects another reason and he is soon the reluctant member of a special assault team that is assigned to intercept the plane and hijackers.",4.8624,6.3,976,2320
495,In the Realm of the Senses (Ai no corrida) (1976),9/15/1976,"A passionate telling of the story of Sada Abe, a woman whose affair with her master led to an obsessive and ultimately destructive sexual relationship.",7.5362,6.583,668,5879
496,What Happened Was... (1994),3/5/2020,"A rumour spread out all over the neighborhood. Yeon-joo, a beautiful, entertaining SNS celebrity, and also a woodworker is being watched and admired by Do-shik.  He decides to ask her for a date one weekend. Do-shik appeared and grasped Yeon-joo without her noticing him.  Meanwhile, the clueless, naïve, and honest bookkeeper of the carpenter shop is keeping two huge secrets no one would even thought of.  Finally, the great secret of Yeon-joo and Tae-ju is revealed, turning the tables around.",2.8892,5.4,10,685833
497,Much Ado About Nothing (1993),5/28/2013,A modern retelling of Shakespeare's classic comedy about two pairs of lovers with different takes on romance and a way with words.,1.5843,6.759,276,91739
499,Mr. Wonderful (1993),10/15/1993,"Electrician Gus gets the chance to fulfil a childhood dream by buying an old bowling-alley with some of his friends, but first he must find his ex-wife a new husband so he can stop paying alimony.",1.4415,5.663,46,31911
500,Mrs. Doubtfire (1993),11/24/1993,"Loving but irresponsible dad Daniel Hillard, estranged from his exasperated spouse, is crushed by a court order allowing only weekly visits with his kids. When Daniel learns his ex needs a housekeeper, he gets the job -- disguised as a British nanny. Soon he becomes not only his children's best pal but the kind of parent he should have been from the start.",8.4731,7.195,6333,788
501,Naked (1993),8/11/2017,"Following a wild night out with his best man, Rob Anderson wakes up to find himself naked in an elevator on the morning of his wedding day and is forced to relive the morning over and over again.",1.6366,5.774,1294,433251
502,"Next Karate Kid, The (1994)",7/18/1994,"Mr. Miyagi decides to take Julie, a troubled teenager, under his wing after he learns that she blames herself for her parents' demise and struggles to adjust with her grandmother and fellow pupils.",3.821,5.388,1090,11231
504,No Escape (1994),8/26/2015,"In their new overseas home, an American family soon finds themselves caught in the middle of a coup, and they frantically look for a safe escape in an environment where foreigners are being immediately executed.",5.7139,6.9,2606,192141
505,North (1994),7/22/1994,"Eleven-year-old North has had it with his parents. They are always busy with their careers and don't give North the attention he needs, so he files a lawsuit against them. The judge rules that North should either find new parents or return to his own parents within two months. Thus North starts off on a journey around the world to find parents that really care about him.",4.3251,4.977,264,31586
506,Orlando (1992),12/1/2022,"After his son dies, an Italian mountain farmer moves to Brussels to look after his granddaughter.",0.6179,6.9,7,910743
507,"Perfect World, A (1993)",11/24/1993,"A kidnapped boy strikes up a friendship with his captor: an escaped convict on the run from the law, headed by an honorable U.S. Marshal.",3.1142,7.477,1739,9559
508,Philadelphia (1993),12/22/1993,Two competing lawyers join forces to sue a prestigious law firm for AIDS discrimination. As their unlikely friendship develops their courage overcomes the prejudice and corruption of their powerful adversaries.,4.3677,7.719,4410,9800
509,"Piano, The (1993)",9/5/2001,"Erika Kohut, a sexually repressed piano teacher living with her domineering mother, meets a young man who starts romantically pursuing her.",5.9187,7.259,1167,1791
510,Poetic Justice (1993),7/23/1993,"Still grieving after the murder of her boyfriend, hairdresser Justice writes poetry to deal with the pain of her loss. Unable to get to Oakland to attend a convention because of her broken-down car, Justice gets a lift with her friend, Iesha, and Iesha's postal worker boyfriend, Chicago. Along for the ride is Chicago's co-worker, Lucky, to whom Justice grows close after some initial problems. But is she ready to open her heart again?",2.4418,6.854,261,8291
511,"Program, The (1993)",1/17/2024,"This documentary follows a group of filmmakers on a journey to capture the unique experiences of the Enlightenment Academy's gap year program in Sudbury, Ontario. The project was initiated by Bach Van Dyke, a self-proclaimed world-famous actor, director, producer, and model, who enlisted the help of a small team to bring his vision to life.  Despite Van Dyke's larger-than-life persona, the documentary offers a more grounded perspective on the program and its participants. Viewers can expect to encounter a colorful cast of characters, including Dr. Raymond Cism, a social media-savvy health doctor, and the program's students, Sheen, Jake, and Butch.",0.0852,0,0,1346488
512,"Puppet Masters, The (1994)",10/21/1994,The Earth is invaded by alien parasites—AKA 'slugs'—that ride on people's backs and control their minds.,0.9594,5.8,190,25557
513,Radioland Murders (1994),10/21/1994,A series of mysterious crimes threatens the existence of a new radio network.,0.7121,5.944,54,22588
514,"Ref, The (1994)",3/9/1994,"A cat burglar is forced to take a bickering, dysfunctional family hostage on Christmas Eve.",1.8204,6.544,350,10872
515,"Remains of the Day, The (1993)",11/5/1993,A rule-bound head butler's world of manners and decorum in the household he maintains is tested by the arrival of a housekeeper who falls in love with him in post-WWI Britain. The possibility of romance and his master's cultivation of ties with the Nazi cause challenge his carefully maintained veneer of servitude.,3.2842,7.366,1394,1245
516,Renaissance Man (1994),6/3/1994,"An advertising man is slowly sliding downhill. When he is fired from his job in Detroit, he signs up for unemployment. One day they find him a job: teaching thinking skills to Army recruits. He arrives on base to find that there is no structure set up for the class.",1.709,6.1,302,11858
517,Rising Sun (1993),7/19/2011,"Ray, an ex-cop, is starting a new life looking to stay out of trouble. One evening, on Ray's watch, the nightclub he works for is robbed and the owner's son is shot dead. As his criminal past is exposed Ray hunts for the person responsible for this crime in an effort to clear his own name. Ray must get to the bottom of this as both the mob and cops start to close in on him as their target suspect.",1.0345,4.521,70,68472
518,"Road to Wellville, The (1994)",10/28/1994,"An unhappy young couple visit the infamous Kellogg spa in Battle Creek, Michigan while a young hustler tries get into the breakfast-cereal business and compete against John Kellogg's corn flakes.",2.1986,5.579,177,10467
519,RoboCop 3 (1993),1/21/1993,"The mega corporation Omni Consumer Products is still bent on creating their pet project, Delta City, to replace the rotting city of Detroit. Unfortunately, the inhabitants of the area have no intention of abandoning their homes simply for desires of the company. To this end, OCP have decided to force them to leave by employing a ruthless mercenary army to attack and harass them. An underground resistance begins and in this fight, RoboCop must decide where his loyalties lie.",10.2726,4.9,1361,5550
520,Robin Hood: Men in Tights (1993),7/28/1993,"Robin Hood comes home after fighting in the Crusades to learn that the noble King Richard is in exile and that the despotic King John now rules England, with the help of the Sheriff of Rottingham. Robin Hood assembles a band of fellow patriots to do battle with King John and the Sheriff.",3.4404,6.6,2155,8005
521,Romeo Is Bleeding (1993),9/13/1993,A corrupt cop gets in over his head when he tries to assassinate a beautiful Russian hit-woman.,1.8933,6.3,195,2088
522,Romper Stomper (1992),3/5/1992,"Nazi skinheads in Melbourne take out their anger on local Vietnamese, who are seen as threatening racial purity. Finally the Vietnamese have had enough and confront the skinheads in an all-out confrontation, sending the skinheads running. A woman who is prone to epileptic seizures joins the skins' merry band, and helps them on their run from justice, but is her affliction also a sign of impurity?",1.601,6.547,522,10412
523,Ruby in Paradise (1993),10/8/1993,"Reeling from her mother's recent death, Ruby Lee Gissing relocates to Florida to start anew. After finding a job at a souvenir store, Ruby becomes friends with the shop's owner, Mildred Chambers, and slowly acclimates to her new surroundings. Before long, she's juggling the affections of Mildred's Lothario son, Ricky, and the good-natured Mike. As she wavers between Ricky and Mike, Ruby also tries to come to terms with her past.",2.7727,6,34,47889
524,Rudy (1993),6/30/2023,"Set in the heart of rural England, Rudy finds her relationship with her father being tested. Stuck as a proxy parent to her younger siblings and dealing with a recent loss, she feels increasingly pushed out when her home gets opened up to a paying guest. Through a newfound friendship with a boy from Coventry, she discovers fun, freedom and autonomy, but is it at the sacrifice of unspoken family wounds?",0.7326,6,2,1041254
526,"Savage Nights (Nuits fauves, Les) (1992)",8/19/1992,"Jean is young, gay, and promiscuous. Only after he meets one or two women, including Laura, does he come to realize his bisexuality. Jean has to overcome a personal crisis and a tough choice between Laura and his male lover Samy.",0.4602,6.5,76,41878
527,Schindler's List (1993),12/15/1993,The true story of how businessman Oskar Schindler saved over a thousand Jewish lives from the Nazis while they worked as slaves in his factory during World War II.,18.4556,8.565,16672,424
528,"Scout, The (1994)",9/30/1994,"When his star recruit botches a Major League Baseball debut, humiliated talent scout Al Percolo gets banished to rural Mexico, where he finds a potential gold mine in the arm of young phenom Steve Nebraska. Soon, the New York Yankees put a $55 million contract on the table—provided a psychiatrist can affirm Nebraska's mental stability.",2.2798,5.173,113,35233
529,Searching for Bobby Fischer (1993),8/13/1993,A seven-year-old chess prodigy refuses to harden himself in order to become a champion like the famous but unlikable Bobby Fischer.,1.6756,7.075,597,14291
531,"Secret Garden, The (1993)",11/5/1984,"A few days ago, Lucia (Assumpta Serna) receives anonymous letters in which he is forced to perform certain actions that she accepts without question. Her current boyfriend, Arthur (Xabier Elorriaga), suspects the mysterious sender can be Lucia's former lover, whose strange death never reached clarified. Now it's time it's Arthur who put the cards on the table to get to the bottom of it.",0.9415,5,8,199020
532,Serial Mom (1994),4/13/1994,"Beverly is the perfect happy homemaker, along with her doting husband and two children, but this nuclear family just might explode when her fascination with serial killers collides with her ever-so-proper code of ethics.",2.2857,6.743,722,11592
533,"Shadow, The (1994)",8/16/2025,Macau Police brings the tracking expert police officer out of retirement to help catch a dangerous group of professional thieves.,73.5077,7.5,20,1419406
534,Shadowlands (1993),12/25/1993,"C.S. Lewis, a world-renowned writer and professor, leads a passionless life until he meets spirited poet Joy Gresham.",2.3819,6.911,285,10445
535,Short Cuts (1993),10/1/1993,"Many loosely connected characters cross paths in this film, based on the stories of Raymond Carver. Waitress Doreen Piggot accidentally runs into a boy with her car. Soon after walking away, the child lapses into a coma. While at the hospital, the boy's grandfather tells his son, Howard, about his past affairs. Meanwhile, a baker starts harassing the family when they fail to pick up the boy's birthday cake.",2.4896,7.212,631,695
536,"Simple Twist of Fate, A (1994)",9/2/1994,"When Michael McCann is thrown over by the woman he loves, he becomes something of a misanthrope and a miser, spending all of his spare money on collectible gold coins. Living in the same town is an affluent family with two sons: John and Tanny. Tanny's a wild boy, whom John cannot control, and one night he breaks into McCann's house, and steals the gold and disappears, which nearly confirms McCann's distrust of mankind. But then, a mysterious young woman dies in the snow outside McCann's house, and her small daughter makes her way to McCann's house and into McCann's life and heart.",2.3535,6.091,115,43535
537,Sirens (1994),3/4/1994,"In 1930s Australia, Anglican clergyman Anthony Campion and his prim wife, Estella, are asked to visit noted painter Norman Lindsay, whose planned contribution to an international art exhibit is considered blasphemous. While Campion and Lindsay debate, Estella finds herself drawn to the three beautiful models sitting for the painter's current work, freethinking Sheela, sensual Pru and virginal Giddy.",2.6627,5.6,156,12519
538,Six Degrees of Separation (1993),12/8/1993,"The story of a young, gay, black, con artist who, posing as the son of Sidney Poitier, cunningly maneuvers his way into the lives of a white, upper-class New York family.",1.9908,6.4,345,23210
539,Sleepless in Seattle (1993),6/24/1993,"After the death of his mother, a young boy calls a radio station in an attempt to set his father up on a date. Talking about his father’s loneliness soon leads to a meeting with a young female journalist, who has flown to Seattle to write a story about the boy and his father.",4.8546,6.7,2454,858
540,Sliver (1993),5/21/1993,"A woman moves into a Manhattan apartment, where she learns that the previous tenant's life ended under mysterious circumstances.",5.8973,5.554,754,867
541,Blade Runner (1982),6/25/1982,"In the smog-choked dystopian Los Angeles of 2019, blade runner Rick Deckard is called out of retirement to terminate a quartet of replicants who have escaped to Earth seeking their creator for a way to extend their short life spans.",13.8878,7.942,14332,78
542,Son in Law (1993),7/2/1993,"Country girl Rebecca has spent most of her life on a farm in South Dakota, and, when she goes away to college in Los Angeles, Rebecca immediately feels out of place in the daunting urban setting. She is befriended by a savvy party animal named Crawl, who convinces the ambivalent Rebecca to stay in the city. When Thanksgiving break rolls around, Rebecca, no longer an innocent farm girl, invites Crawl back to South Dakota, where he pretends to be her fiancé.",1.7726,6.058,291,13203
543,So I Married an Axe Murderer (1993),7/30/1993,"Just after a bad breakup, Charlie MacKenzie falls for lovely butcher Harriet Michaels and introduces her to his parents. But, as voracious consumers of sensational tabloids, his parents soon come to suspect that Harriet is actually a notorious serial killer -- ""Mrs. X"" -- wanted in connection with a string of bizarre honeymoon killings. Thinking his parents foolish, Charlie proposes to Harriet. But while on his honeymoon with her, he begins to fear they were right.",2.4478,6.099,444,10442
544,Striking Distance (1993),9/17/1993,"Coming from a police family, Tom Hardy ends up fighting his uncle after the murder of his father. Tom believes the killer is another cop, and goes on the record with his allegations. Demoted to water-way duty Tom, along with new partner Jo Christman, navigate the three rivers looking for clues and discovering bodies. This time the victims are women Tom knows, he must find the killer to prove his innocence.",2.7235,5.8,852,11074
546,Super Mario Bros. (1993),4/5/2023,"While working underground to fix a water main, Brooklyn plumbers—and brothers—Mario and Luigi are transported down a mysterious pipe and wander into a magical new world. But when the brothers are separated, Mario embarks on an epic quest to find Luigi.",24.6099,7.61,9926,502356
547,Surviving the Game (1994),4/15/1994,"A homeless man is hired as a survival guide for a group of wealthy businessmen on a hunting trip in the mountains, unaware that they are killers who hunt humans for sport, and that he is their new prey.",1.1893,6.112,206,17585
548,Terminal Velocity (1994),9/23/1994,A maverick skydiver and a former KGB agent team up to stop the Russian mafia from stealing gold.,3.4451,5.3,273,9057
549,Thirty-Two Short Films About Glenn Gould (1993),11/26/1993,"A collection of vignettes highlighting different aspects of the life, work, and character of the acclaimed Canadian classical pianist.",0.4495,7,45,20967
550,Threesome (1994),4/8/1994,"At a sizable public college, high-minded student Eddy is forced to room with the slovenly Stuart, but the pair strike up a surprising friendship. When attractive co-ed Alex is assigned to live with the two male students because of her gender-neutral name, a roundabout love triangle ensues. Eddy secretly yearns for Stuart, who wants Alex, but she prefers Eddy. The complex situation leads to sexual experimentation and strained relationships.",1.0301,6.4,231,10635
551,"Nightmare Before Christmas, The (1993)",10/9/1993,"Tired of scaring humans every October 31 with the same old bag of tricks, Jack Skellington, the spindly king of Halloween Town, kidnaps Santa Claus and plans to deliver shrunken heads and other ghoulish gifts to children on Christmas morning. But as Christmas approaches, Jack's rag-doll girlfriend, Sally, tries to foil his misguided plans.",12.9915,7.834,9874,9479
552,"Three Musketeers, The (1993)",10/20/1948,Athletic adaptation of Alexandre Dumas' classic adventure about the king's musketeers and their mission to protect France.,2.7593,6.713,150,41609
553,Tombstone (1993),12/25/1993,"Legendary marshal Wyatt Earp, now a weary gunfighter, joins his brothers Morgan and Virgil to pursue their collective fortune in the thriving mining town of Tombstone. But Earp is forced to don a badge again and get help from his notorious pal Doc Holliday when a gang of renegade brigands and rustlers begins terrorizing the town.",6.6136,7.59,2280,11969
555,True Romance (1993),9/9/1993,"Clarence marries hooker Alabama, steals cocaine from her pimp, and tries to sell it in Hollywood, while the owners of the coke try to reclaim it.",6.0715,7.547,2864,319
556,"War Room, The (1993)",11/3/1993,"A behind-the-scenes documentary about the Clinton for President campaign, focusing on the adventures of spin doctors James Carville and George Stephanopoulos.",2.1559,6.9,65,26408
558,"Pagemaster, The (1994)",11/23/1994,"Rich knows a lot about accidents. So much so, he is scared to do anything that might endanger him, like riding his bike, or climbing into his treehouse. While in an old library, he is mystically transported into the unknown world of books, and he has to try and get home again.",4.638,6.4,757,15139
562,Welcome to the Dollhouse (1995),9/10/1995,An unattractive 7th grader struggles to cope with suburban life as the middle child with inattentive parents and bullies at school.,2.3457,7.109,465,11446
563,Germinal (1993),9/16/1963,"Dismissed from the railroads in 1863 for his union activities, Etienne Lantier found a job at the Voreux coal mine. But work was hard, wages were low and safety left much to be desired. Lantier tried to organize the miners into a union. When mine manager Hennebeau refused to negotiate, the workers launched a general strike, which ended with the intervention of the troops.",3.9644,7.4,6,84721
564,Chasers (1994),4/22/1994,"Military men Rock Reilly and Eddie Devane are tasked with taking a prisoner, blonde bombshell Toni Johnson, on what becomes an unforgettable road trip. Toni, an enlistee who's in trouble for deserting her unit, soon proves that she's craftier than most inmates.",1.7169,5.424,157,24405
567,Kika (1993),10/29/1993,"When American author Nicholas brings in a cosmetologist named Kika to prepare the corpse of his recently deceased son, she inadvertently revives the young man, then falls in love with him. Forces conspire against the couple, though, as Nicholas wants Kika for himself.",1.8271,6.452,299,8223
568,Bhaji on the Beach (1993),9/11/1993,A group of South Asian women try but cannot escape their problems on a day trip to a British beach resort.,0.5773,5.4,27,14587
569,Little Big League (1994),6/29/1994,"When the owner of the Minnesota Twins passes away, he bequeaths the team to his preteen grandson. The newly minted head honcho quickly appoints himself manager, causing unrest in an organization that struggles to take orders from a 12-year-old.",1.1943,5.8,101,31504
573,"Ciao, Professore! (Io speriamo che me la cavo) (1992)",10/9/1992,"A bureaucratic snafu sends Marco Tullio Sperelli, a portly, middle-aged northern Italian, to teach third grade in a poor town outside Naples",1.1556,7.2,392,23637
574,Spanking the Monkey (1994),1/15/1994,"Bright young student Raymond Aibelli is forced to sidetrack an important medical internship because his mother, Susan, is recovering from a broken leg. When he isn't tasked with the most mundane aspects of Susan's recuperation, Raymond finds distraction in a neighborhood girl, Toni Peck. But, as Susan begins relying on her son for both physical and emotional needs, Raymond starts developing disturbing and unwanted new yearnings.",0.9692,5.7,77,17600
575,"Little Rascals, The (1994)",3/25/2014,"When the Little Rascals are unable to raise enough money to save their grandma's bakery from shutting down, their only hope is to win a local talent show and use the prize money to save the shop.",2.9836,6.194,111,260535
577,Andre (1994),8/17/1994,"The true story of how a marine seal named Andre befriended a little girl and her family, circa 1962.",1.6952,5.3,115,21352
579,"Escort, The (Scorta, La) (1993)",12/26/2024,"After discovering her husband Trevor's infidelity, Joanna swiftly divorces him. Determined to inherit her family’s fortune and have a child, she seeks a top male escort to father her baby.  Vincent, the CEO of Riley Group who has secretly loved Joanna for years, disguises himself as an escort and is chosen by her. During their intimate encounter, Vincent insists on wearing a mask to conceal his identity, knowing Joanna has vowed never to marry into wealth again.",0.5406,6.9,7,1413163
580,Princess Caraboo (1994),9/16/1994,"Bristol, England, early 19th century. A beautiful young stranger who speaks a weird language is tried for the crime of begging. But when a man claims that he can translate her dialect, it is understood that the woman is a princess from a far away land. She is then welcomed by a family of haughty aristocrats that only wants to heighten their prestige. However, the local reporter is not at all convinced she is what she claims to be and investigates. Is Caraboo really a princess?",0.5872,5.4,25,37345
581,"Celluloid Closet, The (1995)",1/30/1996,"What ""That's Entertainment"" did for movie musicals, ""The Celluloid Closet"" does for Hollywood homosexuality, as this exuberant, eye-opening movie serves up a dazzling hundred-year history of the role of gay men and lesbians have had on the silver screen.  Lily Tomlin narrates as Oscar-winning moviemaker Rob Epstein (""The Times of Harvey Milk"" and ""Common Threads: Stories from the Quilt"") and Jeffrey Friedman assemble fabulous footage from 120 films showing the changing face of cinema sexuality, from cruel stereotypes to covert love to the activist triumphs of the 1990s. Tom Hanks, Susan Sarandon, Whoopi Goldberg, Tony Curtis, Harvey Fierstein and Gore Vidal are just a few of the many actors, writers and commentators who provide funny and insightful anecdotes.",1.0057,7.186,105,32562
583,Dear Diary (Caro Diario) (1994),12/13/1996,"A New York magazine art director, a married  mother of two who just turned 40, decides to record the events of her day in a journal. The film won an Oscar for Best Live Action Short Film.",0.6061,6.455,11,244901
585,"Brady Bunch Movie, The (1995)",2/16/1995,"The original '70s TV family is now placed in the 1990s, where they're even more square and out of place than ever.",1.6854,6.1,298,9066
586,Home Alone (1990),11/21/2014,"In the Iranian ghost-town Bad City, a place that reeks of death and loneliness, the townspeople are unaware they are being stalked by a lonesome vampire.",1.6325,6.814,900,252171
587,Ghost (1990),7/13/1990,"After a young man is murdered, his spirit stays behind to warn his lover of impending danger, with the help of a reluctant psychic.",12.3102,7.227,5764,251
588,Aladdin (1992),11/25/1992,"In the boorish city of Agrabah, kind-hearted street urchin Aladdin and Princess Jasmine fall in love, although she can only marry a prince. He and power-hungry Grand Vizier Jafar vie for a magic lamp that can fulfill their wishes.",13.6409,7.654,11587,812
589,Terminator 2: Judgment Day (1991),7/3/1991,"Ten years after the events of the original, a reprogrammed T-800 is sent back in time to protect young John Connor from the shape-shifting T-1000. Together with his mother Sarah, he fights to stop Skynet from triggering a nuclear apocalypse.",22.5037,8.131,13529,280
590,Dances with Wolves (1990),3/30/1990,"Wounded Civil War soldier John Dunbar tries to commit suicide—and becomes a hero instead. As a reward, he's assigned to his dream post, a remote junction on the Western frontier, and soon makes unlikely friends with the local Sioux tribe.",10.2895,7.8,4451,581
592,Batman (1989),6/21/1989,"Having witnessed his parents' brutal murder as a child, millionaire philanthropist Bruce Wayne fights crime in Gotham City disguised as Batman, a costumed hero who strikes fear into the hearts of villains. But when a deformed madman known as 'The Joker' seizes control of Gotham's criminal underworld, Batman must face his most ruthless nemesis ever while protecting both his identity and his love interest, reporter Vicki Vale.",12.2366,7.234,8172,268
593,"Silence of the Lambs, The (1991)",2/14/1991,"Clarice Starling is a top student at the FBI's training academy.  Jack Crawford wants Clarice to interview Dr. Hannibal Lecter, a brilliant psychiatrist who is also a violent psychopath, serving life behind bars for various acts of murder and cannibalism.  Crawford believes that Lecter may have insight into a case and that Starling, as an attractive young woman, may be just the bait to draw him out.",3.2904,8.347,17058,274
594,Snow White and the Seven Dwarfs (1937),1/14/1938,"A beautiful girl, Snow White, takes refuge in the forest in the house of seven dwarfs to hide from her stepmother, the wicked Queen. The Queen is jealous because she wants to be known as ""the fairest in the land,"" and Snow White's beauty surpasses her own.",12.8689,7.1,7721,408
595,Beauty and the Beast (1991),2/11/2010,"A twist on the morality tale of forbidden love between the beautiful Belle and the feared Beast. As the villagers are being brutally murdered and the Beast is hunted down as the one responsible for the mayhem, Belle and Beast team up to defeat the real killer; the power-hungry witch's malevolent troll.",1.1566,4.263,59,30844
596,Pinocchio (1940),11/1/2009,The enchanted story of Pinocchio.,1.9815,6.031,98,33821
597,Pretty Woman (1990),3/23/1990,"While on a business trip in Los Angeles, Edward Lewis, a millionaire entrepreneur who makes a living buying and breaking up companies, picks up a prostitute, Vivian, while asking for directions; after, Edward hires Vivian to stay with him for the weekend to accompany him to a few social events, and the two get closer only to discover there are significant hurdles to overcome as they try to bridge the gap between their very different worlds.",9.2327,7.46,8610,114
599,"Wild Bunch, The (1969)",2/20/2008,"""The Wild Soccer Bunch"" celebrate their last victory against the ""Silver Lights"" - and set one record in volley-pass game after another in the forest. But they are not alone: Vampires target the team. To lure them into their bunker, they kidnap Leon. Will Vanessa ever see him again?",0.6683,5.577,79,51610
600,Love and a .45 (1994),11/23/1994,"Small-time criminal Watty Watts attempts to rob a convenience store with his drug-addict buddy, Billy Mack Black. The robbery, however, leads to murder, and soon Watty leaves Billy behind and goes on the run with his beloved girlfriend, Starlene. Heading toward Mexico, the fugitive couple gets plenty of media coverage, until there are even more people on their trail. Can Watty and Starlene make it south of the border without getting caught?",1.0372,5.721,70,15477
602,"Great Day in Harlem, A (1994)",9/27/1994,"Art Kane, now deceased, coordinated a group photograph of all the top jazz musicians in NYC in the year 1958, for a piece in Esquire magazine. Just about every jazz musician at the time showed up for the photo shoot which took place in front of a brownstone near the 125th street station. The documentary compiles interviews of many of the musicians in the photograph to talk about the day of the photograph, and it shows film footage taken that day by Milt Hinton and his wife.",0.1967,6.2,9,124472
605,One Fine Day (1996),12/20/1996,"Melanie Parker, an architect and mother of Sammy, and Jack Taylor, a newspaper columnist and father of Maggie, are both divorced. They meet one morning when overwhelmed Jack is left unexpectedly with Maggie and forgets that Melanie was to take her to school. As a result, both children miss their school field trip and are stuck with the parents. The two adults project their negative stereotypes of ex-spouses on each other, but end up needing to rely on each other to watch the children as each must save his job. Humor is added by Sammy's propensity for lodging objects in his nose and Maggie's tendency to wander.",2.8092,6.446,687,7300
606,Candyman: Farewell to the Flesh (1995),3/17/1995,"Annie, a young schoolteacher struggling to solve the brutal murder of her father, unwittingly summons the ""Candyman"" to New Orleans, where she learns the secret of his power, and discovers the link that connects them.",2.8375,5.441,392,10824
608,Fargo (1996),3/8/1996,"Jerry, a small-town Minnesota car salesman is bursting at the seams with debt... but he's got a plan. He's going to hire two thugs to kidnap his wife in a scheme to collect a hefty ransom from his wealthy father-in-law. It's going to be a snap and nobody's going to get hurt... until people start dying. Enter Police Chief Marge, a coffee-drinking, parka-wearing - and extremely pregnant - investigator who'll stop at nothing to get her man. And if you think her small-time investigative skills will give the crooks a run for their ransom... you betcha!",12.1572,7.851,8545,275
609,Homeward Bound II: Lost in San Francisco (1996),3/8/1996,"When the pets accidentally get separated from their vacationing owners, Chance, Shadow, and Sassy navigate the mean streets of San Francisco, trying to find their home across the Golden Gate Bridge. But the road is blocked by a series of hazards, both man and beast.",2.0054,6.6,504,25059
610,Heavy Metal (1981),8/7/1981,"The embodiment of ultimate evil, a glowing orb terrorizes a young girl with bizarre stories of dark fantasy, eroticism and horror.",4.0694,6.507,735,11827
611,Hellraiser: Bloodline (1996),3/8/1996,Three generations of the same family deal with the consequences of unleashing the forces of hell.,6.504,5.284,566,8766
612,"Pallbearer, The (1996)",5/3/1996,"Aspiring architect Tom Thompson is told by mysterious Ruth Abernathy that his best friend, ""Bill,"" has taken his own life. Except that Tom has never met Bill and neither have his incredulous friends. So when Tom foolishly agrees to give the eulogy at Bill's funeral, it sets him on a collision course with Ruth -- who is revealed to be Bill's oversexed mother -- and Julie DeMarco, the longtime crush Tom hasn't seen since they were teens.",2.8288,4.9,124,23570
613,Jane Eyre (1996),12/24/1943,"After a bleak childhood, Jane Eyre goes out into the world to become a governess. As she lives happily in her new position at Thornfield Hall, she meet the dark, cold, and abrupt master of the house, Mr. Rochester. Jane and her employer grow close in friendship and she soon finds herself falling in love with him. Happiness seems to have found Jane at last, but could Mr. Rochester's terrible secret be about to destroy it forever?",1.8892,6.894,141,22744
615,Bread and Chocolate (Pane e cioccolata) (1973),5/5/1974,"An Italian immigrant tries to make a new life in Switzerland, taking on a series of increasingly menial jobs in order to do it. He attempts to fit into his new home and society but fails at every turn. Unable to go home again, will his tenacity and optimism be enough to live on?",0.8948,7.245,94,51242
616,"Aristocats, The (1970)",12/24/1970,"When Madame Adelaide Bonfamille leaves her fortune to Duchess and her children—Bonfamille’s beloved family of cats—the butler plots to steal the money and kidnaps the legatees, leaving them out on a country road. All seems lost until the wily Thomas O’Malley Cat and his jazz-playing alley cats come to the aristocats’ rescue.",8.935,7.292,5205,10112
617,"Flower of My Secret, The (La flor de mi secreto) (1995)",9/22/1995,"Leo is a middle-aged writer of popular romantic novels who writes under a pseudonym, since she despises her own work. At home, her husband, who works overseas, is distant both physically and emotionally. As she reevaluates her life and writing, Leo is led to an unexpected relationship with Ángel, a sensitive newspaper editor.",0.5971,6.824,241,4307
618,Two Much (1995),8/10/2022,"After five years enduring horrible work conditions, Sophia finally gets chosen for a long-awaited transfer from her thankless teaching job at a rough middle school. Ecstatic to start a new life teaching at the French Lycée in Barcelona, her hopes are dashed to bits when a well- connected, over-qualified teacher at an upscale Paris school cuts in to take the position. Determined to stand her ground, Sophia and her clever neighbour Mr. Picard join forces to sabotage her competitor’s candidacy.",0.2609,5.086,58,846969
619,Ed (1996),3/15/1996,"Jack Cooper could be a world-class baseball pitcher if he didn't keep buckling under the pressure. He tries to keep his spirits up after he's traded to a minor league team but loses all hope when he discovers that Ed, one of his teammates, is a chimp. Ed used to be the team mascot, but was promoted to third base when the owners realized he had a talent for baseball. As Jack struggles to get used to his new surroundings, Ed helps him regain his confidence on and off the field.",0.8567,4.084,131,32308
626,"Thin Line Between Love and Hate, A (1996)",4/4/1996,"Nightclub manager Darnell Wright is a perpetual playboy who is almost as devoted to his job as he is to the pursuit of beautiful women. After he sets his sights on the ultra-classy Brandi Web, he launches an all-out assault to win her heart. Ultimately, charm, lust and passion prevail, but Darnell learns the hard way that when you play, you pay. Brandi is much harder to get rid of than she was to get--especially when she realizes that she has a rival vying for Darnell's affection. When he finally decides to call it quits, Brandi becomes an obsessed femme fatale stalking the new love of her life.",1.5598,5.625,88,28121
627,"Last Supper, The (1995)",3/13/1976,A pious plantation owner attempts to teach Christianity to 12 of his slaves by inviting them to participate in a reenactment of the Last Supper.,2.0482,7.8,21,47113
628,Primal Fear (1996),3/6/1996,"An arrogant, high-powered attorney takes on the case of a poor altar boy found running away from the scene of the grisly murder of the bishop who has taken him in. The case gets a lot more complex when the accused reveals that there may or may not have been a third person in the room.",10.4884,7.657,3612,1592
631,All Dogs Go to Heaven 2 (1996),3/29/1996,"Charlie and Itchy return to Earth to find Gabriel's Horn, but along the way meet up with a young boy named David, who ran away from home.",1.2308,6,275,19042
632,Land and Freedom (Tierra y libertad) (1995),4/7/1995,"David Carr is a British Communist who is unemployed. In 1936, when the Spanish Civil War begins, he decides to fight for the Republican side, a coalition of liberals, communists and anarchists, so he joins the POUM militia and witnesses firsthand the betrayal of the Spanish revolution by Stalin's followers and Moscow's orders.",1.5511,7.312,285,38884
633,Denise Calls Up (1995),5/17/1995,"A group of friends in New York, working away at their PCs and laptops, keep in touch exclusively by phone and fax. They are all too busy to meet face to face. Gale plays matchmaker, by phone, to Jerry and Barbara who, in turn, hit it off beautifully – via phone and fax. Martin gets a telephone call from someone he's never met. It's Denise, with some extraordinary news. Tapping away at his computer all the while, he develops a sort of friendship with Denise – via phone. And so it goes as the friends, tap, tap, tapping away, share news, hopes, and dreams – via phone and fax. Finally Gale has an unfortunate encounter with a phone, Denise has some more news for Martin, and Frank plans a gala New Year's Eve party, but will he answer the door?",1.1186,6.2,21,47449
634,Theodore Rex (1995),12/14/1995,"In an alternate futuristic society, a tough female police detective is paired with a talking dinosaur to find the killer of dinosaurs and other prehistoric animals leading them to a mad scientist bent on creating a new Armageddon.",3.0405,3.563,112,36259
635,"Family Thing, A (1996)",3/29/1996,"Earl Pilcher Jr. runs an equipment rental outfit in Arkansas, lives with his wife and kids and parents, and rarely takes off his gimme cap. His mother dies, leaving a letter explaining he's not her natural son, but the son of a Black woman who died in childbirth; plus, he has a half brother Ray, in Chicago, she wants him to visit. Earl makes the trip, initially receiving a cold welcome from Ray and Ray's son, Virgil. His birth mother's sister, Aunt T., an aged and blind matriarch, takes Earl in tow and insists that the family open up to him.",1.5872,6.486,69,41852
636,Frisk (1995),3/22/1996,"A first person narrative of the exploits of a gay serial killer in deeply disturbing, controversial drama about violence, sexuality, and the imagination. Dennis, the main character, whose lead we follow on this path between what is real and what we can only hope is surreal. His friends attempt to determine if he's truly a psychopath.",1.1545,4.1,13,40926
637,Sgt. Bilko (1996),3/29/1996,The US army is known for churning out lean mean fighting machines intent on protecting our great nation. Sergeant Ernie Bilko is the leader of a ragtag group of the sorriest soldiers ever to enlist in the armed forces.,1.9461,5.9,365,9099
638,Jack and Sarah (1995),6/2/1995,"Jack always lands on his feet. He lands on his feet when he marries the beautiful Sarah. He lands on his feet when he buys a luxurious new home. However, when Sarah goes into labour, he takes a tumble down the stairs and lands on his head. When he comes around he discovers he is the proud father of a baby girl, but deficient in the spouse department to the tune of 1.",0.8709,6.7,54,2021
639,Girl 6 (1996),10/29/2020,"Having been happily married to Jae-hyun, Na-yeon accidentally learns about Jae-hyeon's wishes from her former sex partner Min-woo. Na-yeon, who is a little nervous after hearing Min-woo's words, confirms with Jae-hyeon and spends another night with Min-woo in anger. Min-woo, who had long been interested in Na-yeon, now begins to approach her as a real man, not as a sex partner, and she begins to open her heart little by little. The love story of two men surrounding a woman is just beginning.",0.2597,0,0,758687
640,Diabolique (1996),4/5/2016,1997 - An old notable French provincial family falls under the spell of a manipulator with no scruples able to make a whole family become paranoid.,0.5405,5.8,8,564741
645,Nelly & Monsieur Arnaud (1995),8/23/1995,"Nelly leaves her lazy, unemployed husband to work for retired judge Mr Arnaud, forty years her senior, after he offers to clear her bills for her. While she types his memoirs the two develop a close friendship, but Arnaud becomes jealous when Nelly begins dating his good-looking young publisher.",1.0003,6.9,134,12652
647,Courage Under Fire (1996),7/4/1996,"A US Army officer, who made a ""friendly fire"" mistake that was covered up, has been reassigned to a desk job. He is tasked to investigate a female chopper commander's worthiness to be awarded the Medal of Honor. At first all seems in order. But then he begins to notice inconsistencies between the testimonies of the witnesses...",3.7425,6.5,977,10684
648,Mission: Impossible (1996),5/17/2025,"Ethan Hunt and team continue their search for the terrifying AI known as the Entity — which has infiltrated intelligence networks all over the globe — with the world's governments and a mysterious ghost from Hunt's past on their trail. Joined by new allies and armed with the means to shut the Entity down for good, Hunt is in a race against time to prevent the world as we know it from changing forever.",444.5995,7.256,1545,575265
649,Cold Fever (Á köldum klaka) (1995),2/10/1995,A Japanese businessman travels to Iceland and has a series of misadventures while venturing to a remote area to perform a traditional burial ritual where his parents died several years back.,1.5372,6.5,24,68445
650,Moll Flanders (1996),6/14/1996,"The daughter of a thief, young Moll is placed in the care of a nunnery after the execution of her mother. However, the actions of an abusive priest lead Moll to rebel as a teenager, escaping to the dangerous streets of London. Further misfortunes drive her to accept a job as a prostitute from the conniving Mrs. Allworthy. It is there that Moll first meets Hibble, who is working as Allworthy's servant but takes a special interest in the young woman's well-being. With his help, she retains hope for the future, ultimately falling in love with an unconventional artist who promises the possibility of romantic happiness.",1.8998,6.1,79,18989
653,Dragonheart (1996),5/31/1996,"In an ancient time when majestic fire-breathers soared through the skies, a knight named Bowen comes face to face and heart to heart with the last dragon on Earth, Draco. Taking up arms to suppress a tyrant king, Bowen soon realizes his task will be harder than he'd imagined: If he kills the king, Draco will die as well.",4.9651,6.546,2038,8840
656,Eddie (1996),7/23/2024,A man that runs a gas station in the deserts of Arizona finds an opportunity to win over the love of his most loyal customer. His opportunity is murder.,0.1744,3,3,850150
661,James and the Giant Peach (1996),4/12/1996,"When the young orphan boy James spills a magic bag of crocodile tongues, he finds himself in possession of a giant peach that flies him away to strange lands.",3.0167,6.579,1370,10539
662,Fear (1996),10/1/2023,Mathieu will have to overcome his fear to get out of a dark place.,0.0989,0,0,1166294
663,Kids in the Hall: Brain Candy (1996),4/2/1996,"A pharmaceutical scientist creates a pill that makes people remember their happiest memory, and although it's successful, it has unfortunate side effects.",0.7364,6.167,78,18414
665,Underground (1995),1/1/2007,"In the UK suburbs, an underground tournament is set to challenge twelve fighters from different backgrounds to compete for the price of £500,000. They have been handpicked for a no-holds barred competition that will push each fighter to their limit. Each fighter has their own reason for competing, and each will give everything they've got to take the prize...but there can be only one winner.",1.2829,4.2,14,17318
667,Bloodsport 2 (a.k.a. Bloodsport II: The Next Kumite) (1996),3/1/1996,"After thief Alex Cardo gets caught while stealing an ancient katana in East Asia, he soon finds himself imprisoned and beaten up by the crowd there. One of the guards, Demon, feels upset by Alex appearance and tortures him as often as he gets the opportunity. Alex finds a friend and mentor in the jailhouse, Master Sun, who teaches him a superior fighting style called Iron Hand. When a 'best of the best kumite' is to take place, Demon gets an invitation. Now Master Sun and Alex need to find a way to let Alex take part in the kumite too.",1.3546,5.4,137,25087
668,Song of the Little Road (Pather Panchali) (1955),8/30/2003,"Satyajit Ray’s masterpiece the Apu Trilogy is widely considered one of the most important works in cinema history. In 1992, Ray was awarded the Lifetime Achievement Oscar. But when film-preservationist David Sheppard volunteered to go to Bengal, he found the original negatives in a terrible state. “It’s hard to think of another world-class filmmaker”, says Sheppard, “whose oeuvre hangs by such a thin thread!” The Song of the Little Road tells the story of how a master’s body of work came so close to disintegration, and why Ray’s films move audiences so deeply across time and cultural boundaries. Three icons – director Martin Scorsese, producer Ismail Merchant, and music composer Ravi Shankar – illustrate stirringly what makes a masterpiece.",0.2679,0,0,468089
670,"World of Apu, The (Apur Sansar) (1959)",5/1/1959,"Apu, now a jobless ex-student dreaming vaguely of a future as a writer, is invited to join an old college friend on a trip up-country to a village wedding.",0.9464,8.097,252,896
671,Mystery Science Theater 3000: The Movie (1996),4/19/1996,"Dr. Clayton Forrester figures he can rule the world if he deadens his subjects' brains by making them endure terrible movies. Exploiting his access to nearby satellite-dwellers Mike Nelson and his robot pals, Crow T. Robot and Tom Servo, Forrester makes them watch ""This Island Earth"", a cheesy 1950s spaceship film. But when Mike and friends make funny comments throughout the movie and others that follow, Forrester's plan looks increasingly flimsy.",0.4315,6.534,219,3065
673,Space Jam (1996),11/15/1996,"With their freedom on the line, the Looney Tunes seek the help of NBA superstar Michael Jordan to win a basketball game against a team of moronic aliens.",8.4767,6.81,6187,2300
674,Barbarella (1968),10/10/1968,"In the far future, a highly sexual woman is tasked with finding and stopping the evil Durand-Durand. Along the way she encounters various unusual people.",4.5075,5.975,773,8069
678,Some Folks Call It a Sling Blade (1993),3/26/1994,"25 years after committing a double murder, Karl Childers is going to be released from an institution for the criminally insane. A local reporter comes to talk to him, and listens in horror about his life leading up to the crime. This is the short film that inspired the full-length ""Sling Blade"".",0.4272,6.8,29,27768
679,"Run of the Country, The (1995)",9/22/1995,"An Irish lad who fled from his oppressive, widowed father falls for a girl from an affluent family.",0.5238,6.8,10,221917
680,"Alphaville (Alphaville, une étrange aventure de Lemmy Caution) (1965)",5/5/1965,"Lemmy Caution is on a mission to eliminate Professor Von Braun, the creator of a malevolent computer that rules the city of Alphaville. Befriended by the scientist’s daughter Natasha, Lemmy must unravel the mysteries of the strictly logical Alpha 60 and teach Natasha the meaning of the word “love.”",1.0284,6.939,578,8072
685,It's My Party (1996),3/22/1996,"Nick, a gay, HIV-positive architect, begins to display severe symptoms of AIDS and makes preparations to kill himself before he is unable to function normally. He arranges a party to reconnect and say goodbye to his closest friends and his confused parents. But when his ex-partner, Brandon, a television director who left Nick when he was diagnosed with HIV, shows up, what was supposed to be a celebratory event becomes much more difficult for everyone.",1.1047,6.3,35,33245
688,Operation Dumbo Drop (1995),7/28/1995,"Five Green Berets stationed in Vietnam in 1968 grudgingly undertake the mission of a lifetime -- to secretly transport an 8,000-pound elephant through 200 miles of rough jungle terrain. High jinks prevail when Capt. Sam Cahill promises the Montagnard villagers of Dak Nhe that he'll replace their prized elephant in time for an important ritual. But for Capt. T.C. Doyle, the mission becomes a jumbo-sized headache!",4.5333,5.2,181,27281
691,Mrs. Winterbourne (1996),4/19/1996,"Connie Doyle is eighteen, pregnant and alone. She accidentally ends up on a train where she meets Hugh Winterbourne and his wife pregnant Patricia. The train wrecks and she wakes up in the hospital to find out that it's been assumed that she's Patricia. Hugh's mother takes her in and she falls in love with Hugh's brother Bill. Just when she thinks everything is going her way, her ex-boyfriend shows up.",1.7745,7.2,214,40001
692,Solo (1996),2/27/1970,"During an orgy, Some old and wealthy notables are being murdered by a small group of leftist young revolutionaries. Very soon the police are tracking down Virgile Cabral, the leader of the group. Meanwhile, Virgile's brother and only relative, Vincent, a violinist (and a thief), comes back to Paris. They have not seen each other for three years. Vincent does not believe in the revolution. He only tries to live as he wishes to live. But by looking for his hunted down brother, he has no other choice than to be involved in a fight that is not his.",0.5738,6.1,32,116048
694,"Substitute, The (1996)",7/9/2017,"To compensate the loss of Lu’s brother, Lu, the captain of judo team at school, has been brought up by her mother as a substitute of her brother in Beijing. In the seemingly masculine appearance, she secretly falls in love with Nicole, the internet celebrity girl from Taiwan.  Lu and Nicole meet each other in a judo competition of which the winner would have the chance to become the leading actress in an action film. Nicole wins the competition, but she disappears right before the movie start shooting. As Nicole’s substitute, Lu then has the chance to play the leading actress of the action movie.  But the thing is, is Lu able to find her own self-identity and be the real her in one’s life?",1.701,5.5,2,504704
695,True Crime (1996),3/19/1999,"Boozer, skirt chaser, careless father. You could create your own list of reporter Steve Everett's faults but there's no time. A San Quentin Death Row prisoner is slated to die at midnight – a man Everett has suddenly realized is innocent.",4.767,6.536,796,10354
697,Feeling Minnesota (1996),9/13/1996,"Sam Clayton's marriage to ex-stripper Freddie comes about when she's strong-armed into the match by Red, a club proprietor who once did her a favor. But Freddie falls in love with Jjaks, Sam's brother, and the pair tries to escape the situation together. It isn't long before both Sam and Red catch up with them, resulting in threats against the two of them -- although tension also starts to build between Sam and Red.",1.2737,5.416,166,12656
698,Delta of Venus (1995),6/9/1995,"A struggling American writer and a fellow American expatriate begin a sordid affair among the chaos and discord of 1940 Paris, France on the brink of World War II.",3.9008,4.3,47,38867
700,Angus (1995),9/15/1995,"Angus is a large, pathetic 14-year-old whose thoughts are most often filled with the image of only one girl, Melissa Lefevre. Angus is shy and thinks that he has no chance of ever 'getting' her. Being especially uncool, he is incredibly surprised (along with the rest of the school) that he is chosen to dance with her at the Winter Ball. The only one not surprised is the cool kid who set him up to fail, but Angus' best friend is going to help him win the heart of Melissa by developing a new look for him",1.6191,6.6,90,25969
703,Boys (1996),10/28/2016,"At a summer sleepover, two best friends realize they may be connected by more than just friendship.",0.9091,6.7,13,494403
704,"Quest, The (1996)",9/24/2004,"Popeye, Olive and Bluto head out to find Popeye's long lost Pappy.",4.0522,6.7,37,59777
706,Sunset Park (1996),4/26/1996,"A school teacher takes over a talented, but undisciplined high school basketball team and turns them into a winning team.",1.5443,6.1,18,29649
707,Mulholland Falls (1996),4/26/1996,"In 1950s Los Angeles, a special crime squad of the LAPD investigates the murder of a young woman.",2.2982,6.008,306,10990
708,"Truth About Cats & Dogs, The (1996)",4/26/1996,A successful veterinarian and radio show host with low self-esteem asks her model friend to impersonate her when a handsome man wants to see her.,2.1781,6.052,329,8866
709,Oliver & Company (1988),11/18/1988,"A young cat named Oliver is left alone in a kitten box, while all the other young cats have new owners. A big dog named Dodger shows him how to get food and later Oliver lives with him, his owner Fagin and Fagin's other dogs Tito, Rita, Einstein, and Francis. Fagin has one problem besides being broke he owes a nasty man named Sykes a lot of money. If he can't pay it back he's in big trouble. While Oliver runs into a little girl named Jenny who becomes his new owner which he is happy with and later Sykes sees Jenny as the key for him to get his money.",5.7069,6.715,1628,12233
710,Celtic Pride (1996),4/19/1996,Two over-loyal Celtic fans kidnap their opponent's star player in order to guarantee their team the championship.,1.0831,5.318,140,23449
711,Flipper (1996),5/17/1996,"Sandy Ricks is sent by his mom to Coral Key, a rustic island in the Florida keys, to spend the summer with his uncle Porter Ricks. Sandy dislikes everything about his new environment until a new friend comes into his life, a dolphin named Flipper, that brings uncle and nephew together and leads Sandy on the summer adventure of a lifetime.",2.5136,5.532,327,36355
714,Dead Man (1995),12/23/1995,"On the run after committing murder, an accountant encounters a strange Native American man who prepares him for his journey into the spiritual world.",3.9683,7.304,1636,922
715,"Horseman on the Roof, The (Hussard sur le toit, Le) (1995)",9/20/1995,"In a time of war and disease, a young officer gallantly tries to help a young woman find her husband.",0.8112,6.5,147,11876
718,"Visitors, The (Visiteurs, Les) (1993)",1/27/1993,"After a wizard's spell goes awry, 12th-century Gallic knight Godefroy de Papincourt, Count of Montmirail finds himself transported to 1993, along with his dimwitted servant, Jacquouille la Fripouille. Startled and perplexed by modern technology, the duo run amok, destroying cars and causing chaos until they meet Beatrice de Montmirail, an aristocratic descendant of the nobleman, who may be able to help them get back to 1123.",2.5223,7.125,1986,11687
719,Multiplicity (1996),7/19/1996,"Construction worker Doug Kinney finds that the pressures of his working life, combined with his duties to his wife Laura and daughter Jennifer leaves him with little time for himself. However, he is approached by geneticist Dr. Owen Leeds, who offers Doug a rather unusual solution to his problems: cloning.",1.8653,5.789,564,9304
720,Wallace & Gromit: The Best of Aardman Animation (1996),6/14/1996,"Anthology of Aardman Animation short films released in theaters in 1996, centered on the new release of the third Wallace & Gromit short, ""A Close Shave.""  Includes: ""A Close Shave,"" ""Creature Comforts"" and ""Heat Electric Commercials"" by Nick Park; ""Rex the Runt: How Dinosaurs Became Extinct"", ""Rex the Runt: Dreams"" and ""Ident"" by Richard Goleszowski; ""Wat's Pig"" and ""My Baby Just Cares For Me"" by Peter Lord; ""Early Bird"" by Peter Lord and David Sproxton; ""Pib and Pog"" directed by Peter Peake",0.3525,7.6,5,503475
722,"Haunted World of Edward D. Wood Jr., The (1996)",5/1/1996,"Often called the worst director in the history of cinema, Ed Wood is nevertheless a beloved figure among cult-film aficionados for his oddball productions. This documentary takes a look back at Wood's unique career at the margins of 1950s Hollywood, speaking to those who loved him and hated him. Bela Lugosi Jr. discusses his father's work in the abysmal ""Plan 9 From Outer Space,"" while a Baptist reverend recalls how he was tricked into financing the film.",0.6079,7.6,11,73183
724,"Craft, The (1996)",5/3/1996,"A Catholic school newcomer falls in with a clique of teen witches who wield their powers against all who dare to cross them -- be they teachers, rivals or meddlesome parents.",8.2756,6.785,1943,9100
725,"Great White Hype, The (1996)",5/3/1996,"When the champ's promoter, Rev. Sultan, decides something new is needed to boost the marketability of the boxing matches, he searches and finds the only man to ever beat the champ. The problem is that he isn't a boxer anymore and he's white. However, once Rev. Sultan convinces him to fight, he goes into heavy training while the confident champ takes it easy and falls out of shape.",1.3296,5.25,100,20759
726,Last Dance (1996),5/2/1996,"Upon taking a new job, young lawyer Rick Hayes is assigned to the clemency case of Cindy Liggett, a woman convicted of first degree murder and sentenced to death. As Hayes investigates the background for her case, the two begin to form a deep friendship, while all the while the date for her execution draws nearer.",2.1704,5.694,98,46063
728,Cold Comfort Farm (1995),1/1/1995,"In this adaptation of the satirical British novel, Flora Poste, a plucky London society girl orphaned at age 19, finds a new home with some rough relatives, the Starkadders of Cold Comfort Farm. With a take-charge attitude and some encouragement from her mischievous friend, Mary, Flora changes the Starkadders' lives forever when she settles into their rustic estate, bringing the backward clan up to date and finding inspiration for her novel in the process.",1.3101,6.783,76,32513
731,Heaven's Prisoners (1996),5/17/1996,"A hardened New Orleans cop, Dave Robicheaux, finally tosses in the badge and settles into life on the bayou with his wife. But a bizarre plane crash draws him back into the fray when his family is viciously threatened.",3.0952,5.2,81,36915
733,"Rock, The (1996)",10/11/2023,"Rock is a beautiful style of music, with many artists and songs, but how did this classic style of music come about?",0.1156,10,2,1239348
735,Cemetery Man (Dellamorte Dellamore) (1994),3/25/1994,"Cemetery watchman, Francesco Dellamorte, is tasked with dispatching the recently deceased when they rise from their graves.",1.2366,6.913,543,21588
736,Twister (1996),6/30/1989,"An oddball family on a Kansas farm are trapped in their farmhouse by an impending storm. The patriarch of the clan is a retired soda pop tycoon. He is currently dating a children's TV evangelist. Also living at the farm is his layabout daughter and her precocious 8 year old daughter, his would-be artist son, the son's fiancée, and the black maid. Also thrown into the mix is the daughter's ex-husband, a ne-er-do-well who is seeking to get back in his ex-wife's good graces.",1.5604,5.461,38,77780
737,Barb Wire (1996),5/2/1996,"A sexy nightclub owner, Barb Wire moonlights as a mercenary in Steel Harbor, one of the last free zones in the now fascist United States. When scientist Cora Devonshire wanders into Barb's establishment, she gets roped into a top-secret government plot involving biological weapons. Soon Barb is reunited with her old flame Axel Hood, who is now Cora's husband and a guerrilla fighter, resulting in plenty of tense action.",4.381,4.021,450,11867
741,Ghost in the Shell (Kôkaku kidôtai) (1995),11/18/1995,"In the year 2029, the barriers of our world have been broken down by the net and by cybernetics, but this brings new vulnerability to humans in the form of brain-hacking. When a highly-wanted hacker known as 'The Puppetmaster' begins involving them in politics, Section 9, a group of cybernetically enhanced cops, are called in to investigate and stop the Puppetmaster.",8.6518,7.932,3625,9323
742,Thinner (1996),10/25/1996,"An obese lawyer finds himself growing ""Thinner"" when an old Romani man places a hex on him. Now the lawyer must call upon his friends in organized crime to help him persuade the old man to lift the curse. Time is running out for the desperate lawyer as he draws closer to his own death, and grows ever thinner.",2.8993,5.889,637,10280
743,Spy Hard (1996),5/24/1996,"The evil Gen. Rancor has his sights set on world domination, and only one man can stop him: Dick Steele, also known as Agent WD-40. Rancor needs to obtain a computer circuit for the missile that he is planning to fire, so Steele teams up with Veronique Ukrinsky, a KGB agent whose father designed the chip. Together they try to locate the evil mastermind's headquarters, where Veronique's father and several other hostages are being held.",3.8003,5.4,703,10535
745,Wallace & Gromit: A Close Shave (1995),3/7/1996,"Wallace's whirlwind romance with the proprietor of the local wool shop puts his head in a spin, and Gromit is framed for sheep-rustling in a fiendish criminal plot.",1.3764,7.6,877,532
747,"Stupids, The (1996)",3/10/2004,"This coming-of-age drama deals with a young man, realizing who he really is and which things he will never do...",0.2342,5.6,23,12453
748,"Arrival, The (1996)",3/25/1992,"In this highly symbolic political allegory, Averill is traveling through a troubled countryside amid rumors of war to visit his father. He reaches a train station in a city which is paralyzed by a transportation strike and is forced to take lodgings in a bizarre, unattractive town populated by seemingly malformed individuals. After a while, he begins to try to woo a much older woman, and symbolic images of entrapment, imprisonment and erotic enticement mark his adventures in this regard.",1.1498,1.2,2,389752
750,Dr. Strangelove or: How I Learned to Stop Worrying and Love the Bomb (1964),1/29/1964,"After the insane General Jack D. Ripper initiates a nuclear strike on the Soviet Union, a war room full of politicians, generals and a Russian diplomat all frantically try to stop it.",4.5744,8.124,5870,935
757,Ashes of Time (Dung che sai duk) (1994),9/17/1994,"Ouyang Feng is a heartbroken and cynical man who spends his days in the desert, connecting expert swordsmen with those seeking revenge and willing to pay for it. Throughout five seasons in exile, Ouyang spins tales of his clients' unrequited loves and unusual acts of bravery.",2.5613,7.1,362,40751
759,Maya Lin: A Strong Clear Vision (1994),11/10/1995,A film about the work of the artist most famous for her monuments such as the Vietnam Memorial Wall and the Civil Rights Fountain Memorial.,8.7046,7,8,85778
760,Stalingrad (1993),10/1/2003,"This documentary gives very good insight in the battle of Stalingrad, the gruesome city combat and the blockade of the sixth german army. However, it is not for history buffs or strategic experts, as it focuses on personal experiences and the stories of some of the last living participants in this turning point of the second world war.",0.7856,6.143,14,362339
761,"Phantom, The (1996)",1/18/2023,"In 1933, when Korea was under Japanese occupation, five people in Gyeongseong are suspected to be ""Phantom"" spies of the anti-Japanese organization.",38.7818,6.9,58,715253
762,Striptease (1996),6/28/1996,"Bounced from her job, Erin Grant needs money if she's to have any chance of winning back custody of her child. But, eventually, she must confront the naked truth: to take on the system, she'll have to take it all off. Erin strips to conquer, but she faces unintended circumstances when a hound dog of a Congressman zeroes in on her and sharpens the shady tools at his fingertips, including blackmail and murder.",4.4174,5.56,1117,9879
764,Heavy (1995),9/20/2024,A teenage girl seeks help from her clueless father after getting her first period at school.,0.0478,0,0,1330706
765,Jack (1996),8/9/1996,"Jack Powell suffers from an affliction that makes him grow four times faster than normal, so the 10 year old boy looks like a 40 year old man. After years of being tutored at home, Jack convinces his overprotective parents to send him to public school. The children don't know what to make of Jack, but with the help of his fifth-grade teacher, he makes an effort to win them over.",2.0134,6.3,1298,7095
766,I Shot Andy Warhol (1996),5/1/1996,"Based on the true story of Valerie Solanas who was a 1960s radical preaching hatred toward men in her ""Scum"" manifesto. She wrote a screenplay for a film that she wanted Andy Warhol to produce, but he continued to ignore her. So she shot him. This is Valerie's story.",3.5884,6.2,87,26890
773,Touki Bouki (1973),5/10/1973,"Mory, a cowherd, and Anta, a university student, try to make money in order to go to Paris and leave their boring past behind.",0.3311,6.688,101,77771
775,Spirits of the Dead (1968),5/16/1968,"Anthology film from three European directors based on stories by Edgar Allan Poe: a cruel countess haunted by a ghostly horse, a sadistic young man haunted by his double, and an alcoholic actor haunted by the Devil.",1.5211,6.284,174,41225
778,Trainspotting (1996),2/23/1996,"Hilarious but harrowing, the film charts the disintegration of the friendship between Renton, Spud, Sick Boy, Tommy and Begbie as they proceed seemingly towards a psychotic, drug-fuelled self-destruction.",7.1754,7.961,9993,627
779,'Til There Was You (1997),5/30/1997,"Two strangers, whose paths are always crossing, finally meet when fate steps in. It took them twenty years to fall in love at first sight.",0.8458,3.9,34,32872
780,Independence Day (a.k.a. ID4) (1996),6/25/1996,"Strange phenomena surface around the globe. The skies ignite. Terror races through the world's major cities. As these extraordinary events unfold, it becomes increasingly clear that a force of incredible magnitude has arrived. Its mission: total annihilation over the Fourth of July weekend. The last hope to stop the destruction is an unlikely group of people united by fate and unimaginable circumstances.",15.512,6.894,9938,602
781,Stealing Beauty (1996),3/29/1996,"Lucy Harmon, an American teenager is arriving in the lush Tuscan countryside to be sculpted by a family friend who lives in a beautiful villa. Lucy visited there four years earlier and exchanged a kiss with an Italian boy with whom she hopes to become reacquainted.",2.6538,6.7,579,14553
782,"Fan, The (1996)",5/1/2025,"Canceled in Hollywood, star Lana Cruz heads to her hometown for a comeback. Enter Polly, her fan-turned-frenemy. Can Lana dodge drama and reclaim her fame?",3.4394,6.35,40,1307520
783,"Hunchback of Notre Dame, The (1996)",12/21/1986,"This is an adaptation of the novel ""The Hunchback of Notre Dame"" by Victor Hugo, produced by Burbank Films Australia.",0.8477,3.3,3,79599
784,"Cable Guy, The (1996)",6/10/1996,"When recently single Steven moves into his new apartment, cable guy Chip comes to hook him up—and doesn't let go. Initially, Chip is just overzealous in his desire to be Steven's pal, but when Steven tries to end the 'friendship', Chip shows his dark side. He begins stalking Steven, who's left to fend for himself because no one else can believe Chip's capable of such behaviour.",4.1213,6,2529,9894
785,Kingpin (1996),7/4/1996,"After bowler Roy Munson swindles the wrong crowd and is left with a hook for a hand, he settles into impoverished obscurity. That is, until he uncovers the next big thing: an Amish kid named Ishmael. So, the corrupt and the hopelessly naive hit the circuit intent on settling an old score with Big Ern.",3.6471,6.508,911,11543
786,Eraser (1996),6/21/1996,A Witness Protection specialist becomes suspicious of his co-workers when dealing with a case involving high-tech weapons.,8.2842,6.1,1905,9268
788,"Nutty Professor, The (1996)",6/28/1996,"When beautiful Carla Purty joins the university faculty, genetic professor Dr. Sherman Klump grows desperate to whittle his 400-pound frame down to size and win her heart. So, with one swig of his experimental fat-reducing serum, Sherman becomes 'Buddy Love', a fast-talking, pumped-up, plumped down Don Juan.",6.233,5.646,2985,9327
790,"Unforgettable Summer, An (Un été inoubliable) (1994)",6/1/2023,"In order to study fashion in so-desired Paris, a young country girl who hates Carnival travels to Rio de Janeiro to try to get support from the most famous designer in Brazil. Set on sneaking into the sewing team of one of the biggest samba schools, she will discover that Carnival only lasts for a week, but a love story can change her entire life.",0.5071,6.9,38,962682
791,"Last Klezmer: Leopold Kozlowski, His Life and Music, The (1994)",12/31/1994,"Years after the Holocaust, survivor Leopold Kozlowski lives in Poland, and is one of the few remaining experts in the Klezmer tradition of music, one played predominantly by the Eastern European Jewish community. Director Yael Strom follows Kozlowski as he travels back to his village in the Ukraine, where he visits his father's grave and speaks about his relatives who perished in the Holocaust. Strom honors Kozlowski's life as a teacher, musician and survivor.",0.0143,5,1,706007
795,Somebody to Love (1994),8/20/2014,"In a world full of strangers and friends, there’s a story for everyone. Everyone has a secret. Everyone desires somebody. Everyone needs somebody. Everyone just needs… Somebody To Love…",0.5317,0,0,297451
798,Daylight (1996),12/6/1996,A group of armed robbers fleeing the police head for the New Jersey Tunnel and run right into trucks transporting toxic waste. The spectacular explosion that follows results in both ends of the tunnel collapsing and the handful of people who survived the explosion are now in peril. Kit Latura is the only man with the skill and knowledge to lead the band of survivors out of the tunnel before the structure collapses.,4.2473,6.1,1596,11228
799,"Frighteners, The (1996)",7/18/1996,"Once an architect, Frank Bannister now passes himself off as an exorcist of evil spirits. To bolster his facade, he claims his ""special"" gift is the result of a car accident that killed his wife. But what he does not count on is more people dying in the small town where he lives. As he tries to piece together the supernatural mystery of these killings, he falls in love with the wife of one of the victims and deals with a crazy FBI agent.",4.2111,6.913,1614,10779
800,Lone Star (1996),6/21/1996,"When the skeleton of his murdered predecessor is found, Sheriff Sam Deeds unearths many other long-buried secrets in his Texas border town.",1.5976,7.009,385,26748
801,Harriet the Spy (1996),7/10/1996,"When the secret notebook of a young girl who fancies herself a spy is found by her friends, her speculations make her very unpopular! Can she win her friends back?",1.9217,6.053,190,38223
802,Phenomenon (1996),7/5/1996,"An ordinary man sees a bright light descend from the sky, and discovers he now has super-intelligence and telekinesis.",5.0755,6.477,1232,9294
803,Walking and Talking (1996),6/25/2012,Comedy written by Kathy Burke and based on her own teenage years in London in the late 1970s,1.5871,7,2,343190
804,She's the One (1996),10/15/2013,A television hosts wakes up to her true desires when his best friend's video goes viral.,0.4111,5.5,6,229746
805,"Time to Kill, A (1996)",2/6/2016,"In the countryside in Brazil, a group of boys hangs out around a gas station with its manager, Élcio. The men drink beer, do lots of macho stuff, play soccer. In the midst of this, there is an exchange of looks that demonstrates repressed desires, the need to sublimate oneself to be in tune with the rest of the world.",0.1572,5.2,3,645381
806,American Buffalo (1996),9/13/1996,Three inner-city losers plan a robbery of a valuable coin in a seedy second-hand junk shop.,1.3905,5.5,62,31546
808,Alaska (1996),9/7/2023,"Kerstin floats stoically across the Mecklenburg Lake District in her red GDR kayak. Aimlessly, between tourism and dreariness, she glides over the water for days, striving to remain alone. The many rivers and lakes are familiar to her. But where does Kerstin come from? What is she fleeing from? Who is pursuing her? The evenness of this journey breaks when Alima appears, finally asking the paddling loner the right questions.",0.0768,7,5,949884
809,Fled (1996),7/19/1996,"During a routine prison work detail, convict Piper is chained to Dodge, a cyberhacker, when gunfire breaks out. Apparently, the attack is related to stolen money that the Mafia is after, and some computer files that somebody wants desperately to bury. The pair, who don't exactly enjoy each other's company, escape and must work together if they are to reach Atlanta alive. Luckily, they meet a woman who may be willing to help them.",3.8781,5.557,235,18550
810,Kazaam (1996),7/17/1996,"When Max fools a gang of local toughs, he finds himself in big trouble. Fleeing from the thugs, Max runs into an old warehouse and bumps into a boom box. By doing that, he manages to release Kazaam, a genie who has been held captive for thousands of years.",2.257,4.123,285,11511
813,Larger Than Life (1996),1/13/1999,"Documentary, released by the World Wrestling Federation, about the late wrestling superstar Andre the Giant, portraying his childhood in a small French village, his rise to fame as a professional wrestler, and his slow physical decline and eventual death in 1993. With commentaries by Vince McMahon, Classy Freddie Blassie, Killer Kowalski and Gorilla Monsoon, as well as Andre's brother and friends.",0.1993,7.3,3,311624
818,"Very Brady Sequel, A (1996)",8/23/1996,"A man claiming to be Carol Brady's long-lost first husband, Roy Martin, shows up at the suburban Brady residence one evening. An impostor, the man is actually determined to steal the Bradys' familiar horse statue, a $20-million ancient Asian artifact.",0.7206,5.804,171,12606
823,"Collector, The (La collectionneuse) (1967)",5/13/2025,"Luigi, the top playboy in the university, meets Susie, a sexy, beautiful, smart student. When Luigi finally feels that he has fallen in love with Susie, he learns that Susie is his friend's girlfriend.",3.8545,4,3,1470082
824,Kaspar Hauser (1993),6/13/2013,"Arriving on a deserted beach in the Mediterranean sea, in a time and a place unspecified, Kaspar Hauser is forced to confront the evil of a Grand Duchess who feels threatened by the power she exercises over the community.",0.5513,5.78,41,124091
828,"Adventures of Pinocchio, The (1996)",4/17/1947,This is an Italian live action film with Alessandro Tomei as Pinocchio.,0.5667,5.833,6,489447
829,Joe's Apartment (1996),7/26/1996,"A nice guy has just moved to New York and discovers that he must share his run-down apartment with a couple thousand singing, dancing cockroaches.",2.1116,5.791,357,11962
830,"First Wives Club, The (1996)",9/20/1996,"After years of helping their hubbies climb the ladder of success, three mid-life Manhattanites have been dumped for a newer, curvier model. But the trio is determined to turn their pain into gain. They come up with a cleverly devious plan to hit their exes where it really hurts - in the wallet!",2.7981,6.709,777,2925
832,Ransom (1996),4/29/1977,"A Native American travels around a resort town, murdering cops and rich people with a high-powered crossbow, while demanding that the town's richest residents pay him money to stop the killings.",1.3591,6.4,11,284753
833,High School High (1996),8/28/2025,Vulgar. Vicious. Relentless. Anonymous texts torment a teen couple for over a year. Who's sending them? This documentary investigates the shocking answer.,32.8463,7.212,26,1517772
835,Foxfire (1996),12/13/1987,"Annie Nations and her husband Hector loved their life together in the Blue Ridge Mountains, but when Hector dies, Annie has to decide if she can handle the wilderness on her own.",2.0791,6.958,12,134784
836,Chain Reaction (1996),12/17/2024,"An exemplary investment banker, no longer able to support his dying mother's chemotherapy treatment after being fired from his job, decides to rob the bank he once worked for.",1.1744,0,0,1287331
837,Matilda (1996),8/2/1996,"Matilda Wormwood is an exquisite and intelligent little girl. Unfortunately, her parents, Harry and Zinnia misunderstand her because they think she is so different. As time passes, she finally starts school and has a kind teacher, loyal friends, and a sadistic headmistress. As she gets fed up with the constant cruelty, she begins to realize that she has a gift of telekinetic powers. After some days of practice, she suddenly turns the tables to stand up to Harry and Zinnia and outwit the headmistress.",9.8492,7.164,4606,10830
838,Emma (1996),10/2/1996,"Emma Woodhouse has a rigid sense of propriety as regards matrimonial alliances. Unfortunately she insists on matchmaking for her less forceful friend, Harriet, and so causes her to come to grief. Through the sharp words of Mr. Knightley, and the example of the opinionated Mrs. Elton, someone not unlike herself, Emma's attitudes begin to soften.",2.4046,6.596,130,12254
839,"Crow: City of Angels, The (1996)",8/29/1996,"A murder victim is brought back to life by a mysterious crow. With the help of a beautiful woman, he exacts revenge on his killers – only to realize his enemy has discovered the one weakness that can destroy him forever.",2.2088,5.5,569,10546
840,House Arrest (1996),8/14/1996,"High-schooler Grover Beindorf and his younger sister Stacy decide that their parents, Janet and Ned, are acting childishly when they decide to divorce after 18 years of marriage, so they lock them up in the basement until they'll sort out their problems.",2.5246,5.3,132,18862
841,"Eyes Without a Face (Yeux sans visage, Les) (1959)",1/11/1960,"Dr. Génessier is riddled with guilt after an accident that he caused disfigures the face of his daughter, the once beautiful Christiane, who outsiders believe is dead. Dr. Génessier, along with accomplice and laboratory assistant Louise, kidnaps young women and brings them to the Génessier mansion. After rendering his victims unconscious, Dr. Génessier removes their faces and attempts to graft them on to Christiane's.",1.1353,7.6,763,31417
842,Tales from the Crypt Presents: Bordello of Blood (1996),8/16/1996,"Private eye Rafe Guttman is hired by repressed, born-again Katherine to find her missing bad-boy brother. The trail leads him to a whorehouse run by a thousand-year-old vampire and secretly backed by Katherine's boss, televangelist Jimmy Current.",2.8785,5.89,392,9431
848,"Spitfire Grill, The (1996)",8/23/1996,"Percy, upon being released from prison, goes to the small town of Gillead, to find a place where she can start over again. She is taken in by Hannah, to help out at her place, the Spitfire Grill. Percy brings change to the small town, stirring resentment and fear in some, and growth in others.",1.2983,6.5,62,47907
849,Escape from L.A. (1996),8/9/1996,Into the 9.6-quaked Los Angeles of 2013 comes Snake Plissken. His job: wade through L.A.'s ruined landmarks to retrieve a doomsday device.,4.7586,5.9,1507,10061
851,Basquiat (1996),8/9/1996,"The brief life of Jean Michel Basquiat, a world renowned New York street artist struggling with fame, drugs and his identity.",1.3857,6.6,295,549
852,Tin Cup (1996),8/16/1996,A washed up golf pro working at a driving range tries to qualify for the US Open in order to win the heart of his succesful rival's girlfriend.,1.2724,6.076,548,10478
858,"Godfather, The (1972)",3/14/1972,"Spanning the years 1945 to 1955, a chronicle of the fictional Italian-American Corleone crime family. When organized crime family patriarch, Vito Corleone barely survives an attempt on his life, his youngest son, Michael steps in to take care of the would-be killers, launching a campaign of bloody revenge.",27.1466,8.686,21779,238
861,Supercop (Police Story 3: Supercop) (Jing cha gu shi III: Chao ji jing cha) (1992),10/21/1993,"As a crime wave sweeps through Hong Kong, the police call Jessica Yang, a rising star in the ranks, to help stop a notorious gang of thieves! What Jessica doesn't realize is that her boyfriend – recently discharged from the force – is the leader of this ruthless crime ring!",1.7778,5.7,96,38955
866,Bound (1996),9/13/1996,"Corky, a tough female ex-convict working on an apartment renovation in a Chicago building, meets a couple living next door, Caesar, a paranoid mobster, and Violet, his seductive girlfriend, who is immediately attracted to her.",3.6465,7.2,1004,9303
867,Carpool (1996),8/23/1996,"A man with an important business meeting finds himself having to take care of the carpool for the neighborhood school children when his wife gets sick. Stopping to get donuts for the kids, things go even more awry when he finds himself a victim of a robbery. However, the situation only gets worse as a desperate man who had been contemplating a bank robbery robs the robbers and takes the man and the kids hostage in their van as his truck is blocked by an armored car. The thing then proceeds into a comedic chase movie. The father finds his kids don't really respect him and they react better to the robber. The end result is everyone gets a lifestyle change, including the original store owner.",2.0411,5.1,83,23945
869,Kansas City (1996),8/16/1996,A pair of kidnappings expose the complex power dynamics within the corrupt and unpredictable workings of 1930s Kansas City.,0.9408,6.2,84,22479
870,Gone Fishin' (1997),5/30/1997,Two fishing fanatics get in trouble when their fishing boat gets stolen while on a trip.,2.3075,4.831,154,9054
875,Nothing to Lose (1994),7/18/1997,"Advertising executive Nick Beame learns that his wife is sleeping with his employer. In a state of despair, he encounters a bumbling thief whose attempted carjacking goes awry when Nick takes him on an involuntary joyride. Soon the betrayed businessman and the incompetent crook strike up a partnership and develop a robbery-revenge scheme. But it turns out that some other criminals in the area don't appreciate the competition.",4.1807,6.6,640,11676
876,Supercop 2 (Project S) (Chao ji ji hua) (1993),10/21/1993,"As a crime wave sweeps through Hong Kong, the police call Jessica Yang, a rising star in the ranks, to help stop a notorious gang of thieves! What Jessica doesn't realize is that her boyfriend – recently discharged from the force – is the leader of this ruthless crime ring!",1.7778,5.7,96,38955
879,"Relic, The (1997)",4/29/2023,"Yekaterinburg, Russia, is a microcosm of absurdity: debutante balls and Tsar Nicholas tributes cling to an imperial past, while a handful of dissidents try to revive communist and constitutional myths. Shot over four years, careful cameras reveal Putin’s “modern” Russia.",0.0264,8,1,1105963
880,"Island of Dr. Moreau, The (1996)",7/13/1977,"A ship-wrecked man floats ashore on an island in the Pacific Ocean. The island is inhabited by a scientist, Dr. Moreau, who in an experiment has turned beasts into human beings.",1.4808,5.611,158,26932
881,First Kid (1996),8/30/1996,"Some say that to be the leader of a country is one of the loneliest jobs in the world. But being the child of a world leader can be doubly so. Constantly surrounded by security officers, restricted in movements and having almost every waking moment carefully monitored makes normalcy an impossibility. No one knows this better than young Luke Davenport, the son of U.S. President Davenport. He vents his loneliness, frustration and feelings of isolation from family and friends by being a brat to his private Secret Service agent. When the agent snaps from the strain in front of the First Lady, a new agent is assigned to Luke. He turns out to be the enormous Sam Simms, a bit of a rogue who managed to rise through the ranks by sheer determination rather than strict adherence to Secret-Service protocol. At first, Luke tries all his old tricks upon Sam. But instead of getting angry, Sam seems to actually understand.",1.7724,5.687,193,12559
882,"Trigger Effect, The (1996)",8/30/1996,"A blackout leaves those affected to consider what is necessary, what is legal, and what is questionable, in order to survive in a predatory environment.",1.073,5.793,111,58770
885,Bogus (1996),9/6/1996,"Recently orphaned, a young boy is taken in by his godmother who is shocked to realize that she can see the boy's imaginary friend: a flamboyant, French magician named Bogus.",2.5908,5.766,235,3587
886,Bulletproof (1996),5/28/2020,"""Bulletproof"" observes the age-old rituals that take place daily in American schools: homecoming parades, basketball practice, morning announcements, and math class. Unfolding alongside these scenes are an array of newer traditions: lockdown drills, teacher firearm trainings, metal detector inspections, and school safety trade shows. This documentary weaves together these moments in a cinematic meditation on fear, violence, and the meaning of safety, bringing viewers into intimate proximity with the people self-tasked with protecting the nation's children while generating revenue along the way, as well as with those most deeply impacted by these heightened security measures: students and teachers.",0.1232,8,2,664932
888,Land Before Time III: The Time of the Great Giving (1995),3/16/1995,"When a sudden shortage of water threatens all life in the great valley, The gang of young dinosaur must cooperate with a group of bullies to make a risky journey outside the valley and find the cause.",1.3974,6.2,395,19004
889,1-900 (06) (1994),9/1/1994,"Sarah, 30, single, well educated, likes art, places a voice ad for phone sex, inviting replies from men under 35, sturdy and sensual. Wilbert, a chubby middle aged architect, leaves a message that he is Thomas, 32 and well formed. A week later, she phones. She likes his voice, he likes her laugh, so once a week she phones him (he's not to know her last name, where she lives, or her number). Portraits emerge of humor and sadness. He presses for details of her life and tells her about his work; she wants these Thursday calls to be fantasy and release, separate from the rest of who she is. The film dramatizes these tensions of lies and truth, connection and distance. Written by",0.2467,4.167,5,101230
891,Halloween: The Curse of Michael Myers (Halloween 6: The Curse of Michael Myers) (1995),9/29/1995,"Six years after being kidnapped by a cult, Jamie tries to escape the clutches of her serial killer uncle, Michael Myers.",2.3762,5.2,1167,10987
892,Twelfth Night (1996),7/12/1970,"Sir Alec Guinness, Sir Ralph Richardson and Joan Plowright star in this merry on-stage mix-up of identity, gender and love in Tony Award-winner John Dexter’s production of William Shakespeare’s Twelfth Night. Originally broadcast on Britain’s ITV, this classic performance captures all the slapstick, puns and double entendres that have amazed and amused audiences for over four hundred years.",0.3907,6.4,4,261585
893,Mother Night (1996),11/1/1996,"An American spy behind the lines during WWII serves as a Nazi propagandist, a role he cannot escape in his future life as he can never reveal his real role in the war.",1.3313,6.7,52,20318
896,Wild Reeds (Les roseaux sauvages) (1994),6/1/1994,"As the Algerian War draws to a close, a teenager with a girlfriend starts feeling homosexual urges for two of his classmates: a country boy, and a French-Algerian intellectual.",0.535,7.07,136,26933
897,For Whom the Bell Tolls (1943),3/12/1959,"During the Spanish Civil War, an American allied with the Republicans finds romance during a desperate mission to blow up a strategically important bridge.",0.3447,0,0,1076673
898,"Philadelphia Story, The (1940)",12/5/1940,"When a rich woman's ex-husband and a tabloid-type reporter turn up just before her planned remarriage, she begins to learn the truth about herself.",2.9216,7.62,910,981
899,Singin' in the Rain (1952),4/10/1952,"In 1927 Hollywood, a silent film production company and cast make a difficult transition to sound.",4.5415,8.147,3300,872
900,"American in Paris, An (1951)",8/30/2025,"Based on the Broadway musical An American in Paris, which is based on the 1928 symphonic poem and 1951 film of the same title.",0.0071,0,0,1538792
901,Funny Face (1957),2/13/1957,A shy Greenwich Village book clerk is discovered by a fashion photographer and whisked off to Paris where she becomes a reluctant model.,1.7048,6.974,705,13320
902,Breakfast at Tiffany's (1961),10/6/1961,"Holly Golightly is an eccentric New York City playgirl determined to marry a Brazilian millionaire. But when young writer Paul Varjak moves into her apartment building, her past threatens to get in their way.",5.7742,7.637,4312,164
903,Vertigo (1958),5/28/1958,"A retired San Francisco detective suffering from acrophobia investigates the strange activities of an old friend's wife, all the while becoming dangerously obsessed with her.",6.8052,8.16,6007,426
904,Rear Window (1954),8/1/1954,A wheelchair-bound photographer spies on his neighbors from his apartment window and becomes convinced one of them has committed murder.,7.1907,8.349,6811,567
905,It Happened One Night (1934),2/22/1934,A runaway heiress makes a deal with the rogue reporter trailing her but the mismatched pair end up stuck with each other when their bus leaves them behind.,2.0214,7.821,1319,3078
906,Gaslight (1944),8/31/1940,"Twenty years removed from Alice Barlow's murder by a thief looking for her jewels, newlyweds Paul and Bella Mallen move into the very house where the crime was committed. Retired detective B.G. Rough, who worked on the Barlow case, is still in the area and grows suspicious of Paul, who he feels bears a striking resemblance to one of Barlow's relatives. Rough must find the truth before the killer can strike again and reclaim his bounty.",3.4691,7.1,100,55207
907,"Gay Divorcee, The (1934)",10/12/1934,"Seeking a divorce from her absentee husband, Mimi Glossop travels to an English seaside resort. There she falls in love with dancer Guy Holden, whom she later mistakes for the corespondent her lawyer hired.",0.733,6.9,135,28288
908,North by Northwest (1959),8/6/1959,"Advertising man Roger Thornhill is mistaken for a spy, triggering a deadly cross-country chase.",3.1405,7.981,4285,213
909,"Apartment, The (1960)",12/27/2006,"Francesca and her husband, Martin, are dreamers. They live a carefree existence oblivious to the increasingly hostile world closing in on them. Their huge Parisian apartment is a refuge for an array of colorful characters in need of a roof over their heads and in particular for Adrien, a filmmaker who turns their home into his office, studio and love-nest. When their mean landlady tries to evict them all and Martin succumbs to the charms of a beautiful vamp, Francesca comes up with some original and entertaining solutions in the defense of her and everybody else's happiness.",0.5451,5.196,28,59954
910,Some Like It Hot (1959),3/19/1959,Two musicians witness a mob hit and struggle to find a way out of the city. Their only opportunity comes in the form of joining an all-girl band as they prepare to leave on a tour. The two disguise themselves as women and struggle to keep their identities secret as they deal with the problems this brings.,6.2434,8.097,3657,239
911,Charade (1963),12/1/1963,"After Regina Lampert falls for the dashing Peter Joshua on a skiing holiday in the French Alps, she discovers upon her return to Paris that her husband has been murdered. Soon, she and Peter are giving chase to three of her late husband's World War II cronies, Tex, Scobie and Gideon, who are after a quarter of a million dollars the quartet stole while behind enemy lines.",3.7262,7.667,1446,4808
912,Casablanca (1942),11/20/2024,"Paul and Mary fall in love in the pottery factory. However, the seemingly innocent clay mugs have their own vision of the budding romance. By manipulating with lively messages, the mugs take it upon themselves to decide the fate of the characters.",0.1073,0,0,1386711
913,"Maltese Falcon, The (1941)",10/18/1941,"A private detective takes on a case that involves him with three eccentric criminals, a beautiful liar, and their quest for a priceless statuette.",3.8278,7.709,1770,963
914,My Fair Lady (1964),12/1/1964,A snobbish phonetics professor agrees to a wager that he can take a flower girl and make her presentable in high society.,3.6252,7.499,1365,11113
915,Sabrina (1954),7/12/2018,A toy manufacturer and his wife are terrorized by a demon after their orphaned niece tries to call her late mother's spirit.,1.6443,5.333,189,503902
916,Roman Holiday (1953),12/28/1987,"Remake of the 1953 original. Princess Elysa is touring Rome, and decides to get ""out and about"" away from her normal life. She meets with an American reporter and his photographer, who show her the sites. The reporter is initially more interested in a story than the Princess, but begins to fall for her.",1.2206,4.2,6,444517
917,"Little Princess, The (1939)",1/25/1962,The Princess and the 7 Little Heroes is a Hong Kong Martial Arts movie starring Sammo Hung in a child role,1.4193,0,0,462213
918,Meet Me in St. Louis (1944),11/28/1944,Young love and childish fears highlight a year in the life of a turn-of-the-century family up to the 1904 St. Louis World's Fair.,1.2194,6.999,400,909
919,"Wizard of Oz, The (1939)",8/15/1939,"Young Dorothy finds herself in a magical world where she makes friends with a lion, a scarecrow and a tin man as they make their way along the yellow brick road to talk with the Wizard and ask for the things they miss most in their lives. The Wicked Witch of the West is the only thing that could stop them.",11.9067,7.6,5821,630
920,Gone with the Wind (1939),12/15/1939,The spoiled daughter of a Georgia plantation owner conducts a tumultuous romance with a cynical profiteer during the American Civil War and Reconstruction Era.,9.0484,7.9,4186,770
921,My Favorite Year (1982),10/1/1982,"Fledgling comic Benjy Stone can't believe his luck when his childhood hero, the swashbuckling matinee idol Alan Swann, gets booked to appear on the variety show he writes for. But when Swann arrives, he fails to live up to his silver screen image. Instead, he's a drunken womanizer who suffers from stage fright. Benjy is assigned to look after him before the show, and it's all he can do to keep his former idol from going completely off the rails.",1.4032,6.668,113,31044
922,Sunset Blvd. (a.k.a. Sunset Boulevard) (1950),12/19/2019,"Commissioned by The Getty Museum on the occasion of their 2019 Getty Medal to the painter, draftsman, photographer, and bookmaker, Ed Ruscha. Utilizing The Getty Research Institute's preservation and digitization of over a million images from Ed's Streets of Los Angeles photo series, and excerpts from Jack Kerouac's ""On The Road,"" this film puts together two of Ed's major inspirations: Kerouac's text and the city of Los Angeles.",0.0881,0,0,664159
923,Citizen Kane (1941),4/17/1941,"Newspaper magnate Charles Foster Kane is taken from his mother as a boy and made the ward of a rich industrialist. As a result, every well-meaning, tyrannical or self-destructive move he makes for the rest of his life appears in some way to be a reaction to that deeply wounding event.",5.7593,8,5739,15
924,2001: A Space Odyssey (1968),4/2/1968,"Humanity finds a mysterious object buried beneath the lunar surface and sets off to find its origins with the help of HAL 9000, the world's most advanced super computer.",12.2484,8.1,11998,62
926,All About Eve (1950),11/9/1950,"From the moment she glimpses her idol at the stage door, Eve Harrington is determined to take the reins of power away from the great actress Margo Channing. Eve maneuvers her way into Margo's Broadway role, becomes a sensation and even causes turmoil in the lives of Margo's director boyfriend, her playwright and his wife. Only the cynical drama critic sees through Eve, admiring her audacity and perfect pattern of deceit.",2.6119,8.075,1602,705
927,"Women, The (1939)",3/17/1978,"A group of female freedom-fighters led by Karine Levere is caught by the warden of a women's prison, located somwhere in the South American jungle. None of them will reveal the secrets of their organisation or the names of their collaborators in the cities, so they are handed over to Dr. Costa who, after four years inactivity in Europe, is delighted to be able to practice his torture techniques once more.  Laverne fails to resist the inhuman treatments and reveals all. The only hope of saving the organization is for the girls to warn the city cell before it's too late. They trick the prison guard into having sex with them, knock him out and break out of prison. The warden and Dr. Costa must prevent them from revealing the practices inside the prison. The hunt is on and it's shoot to kill...",1.1893,4.908,38,68635
928,Rebecca (1940),3/23/1940,"Story of a young woman who marries a fascinating widower only to find out that she must live in the shadow of his former wife, Rebecca, who died mysteriously several years earlier. The young wife must come to grips with the terrible secret of her handsome, cold husband, Max De Winter. She must also deal with the jealous, obsessed Mrs. Danvers, the housekeeper, who will not accept her as the mistress of the house.",2.1786,7.898,1864,223
929,Foreign Correspondent (1940),8/16/1940,"American crime reporter John Jones is reassigned to Europe as a foreign correspondent to cover the imminent war. When he walks into the middle of an assassination and stumbles on a spy ring, he seeks help from a beautiful politician’s daughter and an urbane English journalist to uncover the truth.",2.4919,6.984,409,25670
930,Notorious (1946),1/16/2009,"""Notorious"" is the story of Christopher Wallace. Through raw talent and sheer determination, Wallace transforms himself from Brooklyn street hustler (once selling crack to pregnant women) to one of the greatest rappers of all time: The Notorious B.I.G. Follow his meteoric rise to fame and his refusal to succumb to expectations - redefining our notion of ""The American Dream.""",3.9807,6.934,746,14410
931,Spellbound (1945),3/14/2002,This documentary follows 8 teens and pre-teens as they work their way toward the finals of the Scripps Howard national spelling bee championship in Washington D.C.,1.2532,7.357,115,16636
932,"Affair to Remember, An (1957)",12/27/2023,Jean-Jacques Garbo is deeply dismayed by his wife's infidelity when he suddenly has inklings of another love affair.,0.0957,7,1,1258625
933,To Catch a Thief (1955),8/3/1955,"An ex-thief is accused of enacting a new crime spree, so to clear his name he sets off to catch the new thief, who’s imitating his signature style.",4.7918,7.281,1588,381
934,Father of the Bride (1950),5/18/1950,"Proud father Stanley Banks remembers the day his daughter, Kay, got married. Starting when she announces her engagement through to the wedding itself, we learn of all the surprises and disasters along the way.",1.002,6.972,213,20758
935,"Band Wagon, The (1953)",8/7/1953,A Broadway artiste turns a faded film star's comeback vehicle into an artsy flop.,1.0309,7.1,219,29376
936,Ninotchka (1939),4/20/1960,Ninotchka is a 1960 American TV film. It is a remake of the 1939 Greta Garbo film Ninotchka.,0.0661,0,0,667985
937,Love in the Afternoon (1957),5/29/1957,Lovestruck conservatory student Ariane pretends to be just as much a cosmopolitan lover as the worldly mature Frank Flannagan hoping that l’amour will take hold.,1.9124,7,320,18299
938,Gigi (1958),10/5/1949,"Gilberte is a sixteen year old girl raised by her aunt and grandmother to be a demimondaine. But she's not ready for that yet, and spends her days in lessons and in teasing Mamita's old friend, the rich playboy Gaston LaChaille, and following his affairs from afar. But when Gaston throws off his latest mistress, it looks as if Gigi just might be ready to begin her destined career.",0.9313,5.692,13,123723
940,"Adventures of Robin Hood, The (1938)",5/13/1938,Robin Hood fights nobly for justice against the evil Sir Guy of Gisbourne while striving to win the hand of the beautiful Maid Marian.,3.6481,7.481,798,10907
941,"Mark of Zorro, The (1940)",1/1/1975,"In nineteenth-century California, two children listen to the adventures of a grandfather who fought against the Yankee invaders. At that time a mysterious man, dressed in masked black, appeared.",0.1605,3.6,5,188661
942,Laura (1944),9/12/2024,"After being paralyzed in a car crash caused by her boyfriend, influencer Laura Edèlenyi seeks to embrace life and find justice. Based on real events.",1.5026,5.6,8,1262471
943,"Ghost and Mrs. Muir, The (1947)",5/25/1947,A young British widow rents a seaside cottage and soon becomes haunted by the ghost of its former owner.,2.1388,7.544,330,22292
944,Lost Horizon (1937),3/3/1937,"British diplomat Robert Conway and a small group of civilians crash-land in the Himalayas, where they are rescued by the inhabitants of the hidden, idyllic valley of Shangri-La. Protected by the mountains from the world outside, where the clouds of World War II are gathering, Shangri-La provides a seductive escape for the world-weary Conway.",2.1108,7,231,3598
945,Top Hat (1935),6/10/2015,"Takarazuka's 2015 Cosmos Troupe adaptation of the 1935 american musical of the same name which tells the story of an American showman, Jerry Travers (Asaka Manato), who comes to London to star in a show produced by the bumbling Horace Hardwick (Nanami Hiroki). While practicing a tap dance routine in his hotel bedroom, he awakens Dale Tremont (Misaki Rion) on the floor below. She storms upstairs to complain, whereupon Jerry falls hopelessly in love with her and proceeds to pursue her all over London. Complications arise when Dale mistakes Jerry for Horace.",0.6305,0,0,1427758
946,To Be or Not to Be (1942),3/6/1942,"During the Nazi occupation of Poland, an acting troupe becomes embroiled in a Polish soldier's efforts to track down a German spy.",2.7895,7.825,779,198
947,My Man Godfrey (1936),10/11/1957,"The eccentric Bullock household again need a new butler. Daughter Irene encounters bedraggled Godfrey Godfrey at the docks and, fancying him and noticing his obviously good manners, gets him the job. He proves a great success, but keeps his past to himself. When an old flame turns up Irene's sister Cordelia starts making waves.",0.9725,6.25,24,52470
948,Giant (1956),11/8/1956,"Wealthy rancher Bick Benedict and dirt-poor cowboy Jett Rink both woo Leslie Lynnton, a beautiful young woman from Maryland who is new to Texas. She marries Benedict, but she is shocked by the racial bigotry of the White Texans against the local people of Mexican descent. Rink discovers oil on a small plot of land, and while he uses his vast, new wealth to buy all the land surrounding the Benedict ranch, the Benedict's disagreement over prejudice fuels conflict that runs across generations.",3.0492,7.614,721,1712
949,East of Eden (1955),8/9/2012,"A wayward young man who, while seeking his own identity, vies for the affection of his deeply religious father against his favored brother.",0.3941,8,2,717324
950,"Thin Man, The (1934)",12/24/1944,"On a trip to visit his parents, detective Nick Charles gets mixed up in a murder investigation.",1.2162,7.1,95,14594
951,His Girl Friday (1940),1/18/1940,"Walter Burns is an irresistibly conniving newspaper publisher desperate to woo back his paper’s star reporter, who also happens to be his estranged wife. She’s threatening to quit and settle down with a new beau, but, as Walter knows, she has a weakness: she can’t resist a juicy scoop.",1.64,7.396,879,3085
952,Around the World in 80 Days (1956),3/20/1919,Wealthy Englishman Phileas Fogg bets his friends that he can travel around the world in 80 days.,2.3884,5.5,2,501716
953,It's a Wonderful Life (1946),2/6/1994,"This 1994 Chinese New Year offering takes place over a period of time between one Christmas and Chinese New Year's eve. We are introduced to thirteen ""Big Rich"" people, learn of their particular dispositions and dilemmas, are witness to the former either getting changed or developed and see the latter (re)solved. Teresa Mo as the daughter just returned from studying in France; Leslie Cheung as the friend who came in tow; Tony Leung Kar Fai as the cartoonist son who can only speak normally when he is anxious; Anita Yuen as the woman who Tony Leung's character falls in love with; Carol ""Do Do"" Cheng as her flat-chested, disciplinary-cum-art teacher sister; Raymond Wong as the eldest son who cannot handle alcohol well; Petrina Fung Bo Bo as his estranged wife; Sean Lau as the marriage-minded cousin; and Kwan Tak Hing as the eccentric-but-definitely-not-senile grandfather.",2.7324,5.6,15,318635
954,Mr. Smith Goes to Washington (1939),10/19/1939,"After the death of a United States Senator, idealistic Jefferson Smith is appointed as his replacement in Washington. Soon, the naive and earnest new senator has to battle political corruption.",2.0983,7.844,1112,3083
955,Bringing Up Baby (1938),2/18/1938,"David Huxley is waiting to get a bone he needs for his museum collection. Through a series of strange circumstances, he meets Susan Vance, and the duo have a series of misadventures which include a leopard called Baby.",3.823,7.53,1022,900
956,Penny Serenade (1941),4/24/1941,"Julie and Roger are a love-struck married couple who desperately want to have a child. Tragedy after tragedy gets in their way, as the two attempt to rise above their troubles and fulfill their dreams of parenthood.",1.3281,6.5,113,43795
959,Of Human Bondage (1934),7/20/1934,A young man finds himself attracted to a cold and unfeeling waitress who may ultimately destroy them both.,1.6993,6.5,134,43905
961,Little Lord Fauntleroy (1936),9/15/1921,An American boy turns out to be the long-lost heir of a British fortune. He is sent to live with the cold and unsentimental lord who oversees the trust.,4.0925,6.969,16,175330
963,"Inspector General, The (1949)",12/31/1949,"An illiterate stooge in a traveling medicine show wanders into a strange town and is picked up on a vagrancy charge. The town's corrupt officials mistake him for the inspector general whom they think is traveling in disguise. Fearing he will discover they've been pocketing tax money, they make several bungled attempts to kill him.",4.7029,6.5,53,40206
965,"39 Steps, The (1935)",6/6/1935,"Richard Hanney has a rude awakening when a glamorous female spy falls into his bed - with a knife in her back. Having a bit of trouble explaining it all to Scotland Yard, he heads for the hills of Scotland to try to clear his name by locating the spy ring known as The 39 Steps.",4.0932,7.3,995,260
968,Night of the Living Dead (1968),10/4/1968,"A group of strangers trapped in a farmhouse find themselves fending off a horde of recently dead, flesh-eating ghouls.",4.5431,7.6,2565,10331
969,"African Queen, The (1951)",1/7/1952,"At the start of the First World War, in the middle of Africa’s nowhere, a gin soaked riverboat captain is persuaded by a strong-willed missionary to go down river and face-off a German warship.",2.2338,7.35,999,488
970,Beat the Devil (1953),11/22/2002,"The Driver drag-races the Devil, in order to earn James Brown his soul.",1.7767,7,87,51939
971,Cat on a Hot Tin Roof (1958),8/19/1984,"An alcoholic ex-football player drinks his days away, having failed to come to terms with his sexuality and his real feelings for his football buddy who died after an ambiguous accident. His wife is crucified by her desperation to make him desire her: but he resists the affections of his wife. His reunion with his father—who is dying of cancer—jogs a host of memories and revelations for both father and son.",0.3038,5.583,12,4367
973,Meet John Doe (1941),3/14/1941,"As a parting shot, fired reporter Ann Mitchell prints a fake letter from unemployed ""John Doe,"" who threatens suicide in protest of social ills. The paper is forced to rehire Ann and hires John Willoughby to impersonate ""Doe."" Ann and her bosses cynically milk the story for all it's worth, until the made-up ""John Doe"" philosophy starts a whole political movement.",1.241,7.295,268,32574
976,"Farewell to Arms, A (1932)",12/8/1932,"A tale of the World War I love affair, begun in Italy, between American ambulance driver Lt. Frederic Henry and British nurse Catherine Barkley. Eventually separated by Frederic's transfer, tremendous challenges and difficult decisions face each as the war rages on.",2.8172,6.1,146,22649
979,Nothing Personal (1995),3/28/1980,Environmentally concerned lawyer Abigail Adams works with Professor Roger Keller in his effort to protect baby seals from slaughter.,1.0703,5.708,12,255837
981,Dangerous Ground (1997),2/12/1997,"Vusi Madlazi returns to the South African village he left as a young boy to bury his father. He meets up with his brother Ernest, who tells him their other brother Stephen couldn't be contacted. Vusi goes to Johannesburg to find him, but at first can only find his neighbor/girlfriend, Karin, a stripper. Vusi proceeds to learn how conditions have changed since the end of apartheid, not always for the better for black men.",4.0519,4.339,28,52855
982,Picnic (1955),9/20/2024,"One day, Ayano goes on a picnic with her boyfriend Shuichi and his little daughter Minato. However, the air between the three is a little awkward due to the presence of Minato's dead mother, Miho. Eventually, the three of them scatter. Minato is immersed in memories of her mother. Shuichi sees a family fantasy from the past. And then ghost Miho appears in front of Ayano. After talking for a while without saying each other's names, the two parted ways.",0.1339,0,0,1346601
984,"Pompatus of Love, The (1996)",7/26/1996,"Four guys sit around drinking beer and talking, trying to figure out the meaning of ""the pompatus of love"" (from the Steve Miller song ""Joker"") and analyzing their relationships with women.",0.6254,4.1,5,85328
986,Fly Away Home (1996),9/13/1996,"Amy is only 13 years old when her mother is killed. She goes to Canada to live with her father, an eccentric inventor whom she barely knows. Amy is miserable in her new life... until she discovers a nest of goose eggs that were abandoned when a local forest was torn down. The eggs hatch and Amy becomes ""Mama Goose"". When Winter comes, Amy, and her dad must find a way to lead the birds South.",2.8483,6.938,482,11076
987,Bliss (1997),4/14/1997,"On his wedding day, Joseph nervously admits that his wife is not quite like other women. But his beautiful bride is more than just the ""impulsive, compulsive, obsessive"" woman he thinks he knows. And when Joseph discovers she is hiding troubling secrets, it sends them both on a sexual odyssey that will either destroy or redeem their relationship.",3.2286,5.5,62,63945
988,Grace of My Heart (1996),9/13/1996,"Philadelphia teenager Edna Buxton wins a talent contest during the early rock 'n' roll era, changes her name to Denise Waverly and moves to New York City to make it big. Though she flops as a recording artist, fast-talking record producer Joel Millner recognizes her songwriting talent and teams her with struggling songsmith Howard Caszatt.",2.6012,6.11,59,58985
990,Maximum Risk (1996),9/13/1996,"Alain Moreau's investigation into the death of his identical twin brother leads him from the beauty of the south of France to the mean streets of New York City and into the arms of his brother's beautiful girlfriend. Pursued by ruthless Russian mobsters and renegade FBI agents, the duo race against time to solve his brother's murder and expose an international conspiracy.",3.6046,5.8,521,10861
991,Michael Collins (1996),10/25/1996,"Michael Collins plays a crucial role in the establishment of the Irish Free State in the 1920s, but becomes vilified by those hoping to create a completely independent Irish republic.",3.3765,6.887,490,1770
993,Infinity (1996),7/18/2025,"The Demon Slayer Corps are drawn into the Infinity Castle, where Tanjiro, Nezuko, and the Hashira face terrifying Upper Rank demons in a desperate fight as the final battle against Muzan Kibutsuji begins.",392.3121,7.2,96,1311031
994,Big Night (1996),11/25/2021,A gay beautician is determined to clear his name after learning he's included in a drug watchlist.,1.024,6.5,5,670159
996,Last Man Standing (1996),9/20/1996,"John Smith is a mysterious stranger who is drawn into a vicious war between two Prohibition-era gangs. In a dangerous game, he switches allegiances from one to another, offering his services to the highest bidder. As the death toll mounts, Smith takes the law into his own hands in a deadly race to stay alive.",2.5106,6.4,922,9333
998,Set It Off (1996),11/6/1996,"Four inner-city Black women, determined to end their constant struggle, decide to live by one rule — get what you want or die trying. So the four women take back their lives and take out some banks in the process.",1.8739,7.209,371,9400
999,2 Days in the Valley (1996),9/11/1996,"In a sleepy bedroom community of LA's San Fernando Valley, the murder of a professional athlete by two hit men sets into motion a chain of events that puts the mundane lives of a dozen residents on a collision course. This clever tale tells the story of two hit men, a mistress, a nurse, a vindictive ex-wife, a wealthy art dealer and his lovelorn assistant, a suicidal writer and his dog, and a bitter cop and his partner.",2.6454,6.194,286,9401
1003,Extreme Measures (1996),9/27/1996,"Guy Luthan, a British doctor working at a hospital in New York, starts making unwelcome enquiries when the body of a man who died in his emergency room disappears. After the trail leads Luthan to the door of an eminent surgeon at the hospital, Luthan soon finds himself in extreme danger people who want the hospital's secret to remain undiscovered.",1.636,6,329,11306
1004,"Glimmer Man, The (1996)",10/4/1996,"A former government operative renowned for his stealth, Jack Cole is now a Los Angeles police detective. When a series of horrible murders occurs in the metro area, Cole is assigned to the case, along with tough-talking fellow cop Jim Campbell. Although the two men clash, they gradually become effective partners as they uncover a conspiracy linked to the killings, which also involves terrorism and organized crime.",2.7059,5.391,409,9625
1005,D3: The Mighty Ducks (1996),10/4/1996,The Ducks are offered scholarships at Eden Hall Academy but struggle with their new coach's methods and come under pressure from the board to retain their scholarships before their big game against the Varsity team.,1.8728,5.928,463,10680
1006,"Chamber, The (1996)",10/9/1997,"Cheung, a 23-year-old unmarried travelling scholar, stops by the monastery, where he sees a beautiful woman. Against the rules, Monk Faben allows Cheung to stay and woo the girl, Ann-Ann. She is shy, and also the Prime Minister's daughter, so the wooing is arranged by Ann-Ann's maid Hung.",2.2516,5.2,9,463461
1007,"Apple Dumpling Gang, The (1975)",7/1/1975,A roving bachelor gets saddled with three children and a wealth of trouble when the youngsters stumble upon a huge gold nugget. They join forces with two bumbling outlaws to fend off the greedy townspeople and soon find themselves facing a surly gang of sharpshooters.,0.8187,6.551,128,18660
1008,"Davy Crockett, King of the Wild Frontier (1955)",5/25/1955,"Legends (and myths) from the life of famed American frontiersman Davy Crockett are depicted in this feature film edited from television episodes. Crockett and his friend George Russel fight in the Creek Indian War. Then Crockett is elected to Congress and brings his rough-hewn ways to the House of Representatives. Finally, Crockett and Russell journey to Texas and the last stand at the Alamo.",1.1119,6.434,114,35115
1009,Escape to Witch Mountain (1975),4/29/1995,The tale of two orphan twins with special powers who go looking for their origins. The two are hindered by an avaricious tycoon who only wants to exploit their abilities.,0.8678,5.388,49,239033
1010,"Love Bug, The (1969)",1/29/1980,"According to an Amazonian indigenous legend, a certain insect, Anophelis sexualis, has aphrodisiac properties: one who is bitten by it will surely die if it does not have sex within two hours. Knowing this news, Hans Muller, a scientist, moves to the habitat of the insect and collects several specimens for research in his laboratory in the city of Ilha Bela, on the coast of São Paulo. There, besides the local administration and the population, there are several tourists. By an accident, the insects flee and attack the world.",0.1652,3.875,4,190266
1011,Herbie Rides Again (1974),2/12/1974,The living Volkswagen Beetle helps an old lady protect her home from a corrupt developer.,1.7118,6.1,417,10869
1012,Old Yeller (1957),12/25/1957,"Young Travis Coates is left to take care of the family ranch with his mother and younger brother while his father goes off on a cattle drive in the 1860s. When a yellow mongrel comes for an uninvited stay with the family, Travis reluctantly adopts the dog.",2.2048,6.911,282,22660
1013,"Parent Trap, The (1961)",7/28/1998,"Hallie Parker and Annie James are identical twins who were separated at a young age due to their parents' divorce. Unbeknownst to their parents, the girls are sent to the same summer camp, where they meet, discover the truth about their relationship, and come up with a plan to switch places in an effort to reunite their mother and father.",11.9627,7.217,4336,9820
1014,Pollyanna (1960),5/19/1960,A young girl comes to an embittered town and confronts its attitude with her determination to see the best in life.,1.5837,6.96,200,31102
1015,Homeward Bound: The Incredible Journey (1993),2/3/1993,"Before the Seavers leave for a family vacation to San Francisco, they drop off their pets -- Chance, an adventurous American bulldog; Shadow, a wise golden retriever; and Sassy, a cautious cat -- at a friend's ranch. But when the animals start to worry that they've been left for good, the three embark together on a treacherous and thrilling journey to find their way back home through the California wilderness.",3.6823,6.969,1070,6878
1016,"Shaggy Dog, The (1959)",3/9/2006,The tale of a workaholic dad-turned-dog who finds that being man's best friend shows him the most important job - being a great dad.,1.5866,4.874,574,10067
1017,Swiss Family Robinson (1960),12/21/1960,"After being shipwrecked, the Robinson family is marooned on an island inhabited only by an impressive array of wildlife. In true pioneer spirit, they quickly make themselves at home but soon face a danger even greater than nature: dastardly pirates.",1.6299,6.883,333,18444
1018,That Darn Cat! (1965),12/2/1965,"A young woman suspects foul play when her cat comes home wearing a wristwatch. Convincing the FBI, though, and catching the bad guys is tougher than she imagined.",1.0173,6.6,178,20723
1019,"20,000 Leagues Under the Sea (1954)",12/24/1916,"Captain Nemo has built a fantastic submarine for his mission of revenge. He has traveled over 20,000 leagues in search of Charles Denver - a man who caused the death of Princess Daaker. Seeing what he had done, Denver took the daughter to his yacht and sailed away.",0.4815,6.228,57,30266
1020,Cool Runnings (1993),10/1/1993,"When a Jamaican sprinter is disqualified from the Olympic Games, he enlists the help of a dishonored coach to start the first Jamaican bobsled team.",4.4485,7,2132,864
1021,Angels in the Outfield (1994),10/19/1951,The short-tempered manager of the Pittsburgh Pirates mends his ways in return for a little divine assistance.,1.5456,6.7,26,45588
1022,Cinderella (1950),3/6/2015,"When her father unexpectedly passes away, young Ella finds herself at the mercy of her cruel stepmother and her daughters. Never one to give up hope, Ella's fortunes begin to change after meeting a dashing stranger in the woods.",18.2307,6.826,7207,150689
1023,Winnie the Pooh and the Blustery Day (1968),12/20/1968,"Winnie the Pooh and his friends experience high winds, heavy rains, and a flood in Hundred Acre Wood.",0.6946,7.314,105,81310
1024,"Three Caballeros, The (1945)",12/21/1944,"For Donald's birthday he receives a box with three gifts inside. The gifts, a movie projector, a pop-up book, and a pinata, each take Donald on wild adventures through Mexico and South America.",2.3516,6.28,733,15947
1025,"Sword in the Stone, The (1963)",12/25/1963,"Wart is a young boy who aspires to be a knight's squire. On a hunting trip he falls in on Merlin, a powerful but amnesiac wizard who has plans for him beyond mere squiredom. He starts by trying to give him an education, believing that once one has an education, one can go anywhere. Needless to say, it doesn't quite work out that way.",7.804,7.232,3947,9078
1027,Robin Hood: Prince of Thieves (1991),6/14/1991,"Nobleman crusader Robin of Locksley breaks out of a Jerusalem prison with the help of Moorish fellow prisoner Azeem and travels back home to England. But upon arrival he discovers his dead father in the ruins of his family estate, killed by the vicious sheriff of Nottingham, Robin and Azeem join forces with outlaws Little John and Will Scarlett to save the kingdom from the sheriff's villainy.",7.3896,6.9,3393,8367
1028,Mary Poppins (1964),12/17/1964,"Mr Banks is looking for a nanny for his two mischievous children and comes across Mary Poppins, an angelic nanny. She not only brings a change in their lives but also spreads happiness.",9.7434,7.56,4820,433
1029,Dumbo (1941),10/31/1941,"Dumbo is a baby elephant born with over-sized ears and a supreme lack of confidence. But thanks to his even more diminutive buddy Timothy the Mouse,  the pint-sized pachyderm learns to surmount all obstacles.",6.8806,7,5118,11360
1030,Pete's Dragon (1977),8/10/2016,"For years, old wood carver Mr. Meacham has delighted local children with his tales of the fierce dragon that resides deep in the woods of the Pacific Northwest. To his daughter, Grace, who works as a forest ranger, these stories are little more than tall tales... until she meets Pete, a mysterious 10-year-old with no family and no home who claims to live in the woods with a giant, green dragon named Elliott. And from Pete's descriptions, Elliott seems remarkably similar to the dragon from Mr. Meacham's stories. With the help of Natalie, an 11-year-old girl whose father Jack owns the local lumber mill, Grace sets out to determine where Pete came from, where he belongs, and the truth about this dragon.",2.6648,6.367,2249,294272
1031,Bedknobs and Broomsticks (1971),10/7/1971,Three children evacuated from London during World War II are forced to stay with an eccentric spinster. The children's initial fears disappear when they find out she is in fact a trainee witch.,3.242,7.032,987,12335
1032,Alice in Wonderland (1951),3/3/2010,"Alice, now 19 years old, returns to the whimsical world she first entered as a child and embarks on a journey to discover her true destiny.",14.6413,6.635,14364,12155
1033,"Fox and the Hound, The (1981)",7/10/1981,"When a feisty little fox named Tod is adopted into a farm family, he quickly becomes friends with a fun and adorable hound puppy named Copper. Life is full of hilarious adventures until Copper is expected to take on his role as a hunting dog -- and the object of his search is his best friend!",6.442,7.139,3343,10948
1034,Freeway (1996),8/23/1996,"Following the arrest of her mother, Ramona, young Vanessa Lutz decides to go in search of her estranged grandmother. On the way, she is given a ride by school counselor Bob Wolverton. During the journey, Lutz begins to realize that Bob is the notorious I-5 Killer and manages to escape by shooting him several times. Wounded but still very much alive, Bob pursues Lutz across the state in this modern retelling of Little Red Riding Hood.",3.8642,6.456,399,11229
1035,"Sound of Music, The (1965)",3/29/1965,"In the years before the Second World War, a tomboyish postulant at an Austrian abbey is hired as a governess in the home of a widowed naval captain with seven children, and brings a new love of life and music into the home.",9.6169,7.724,3429,15121
1036,Die Hard (1988),7/15/1988,"NYPD cop John McClane's plan to reconcile with his estranged wife is thrown for a serious loop when, minutes after he arrives at her offices Christmas Party, the entire building is overtaken by a group of terrorists. With little help from the LAPD, wisecracking McClane sets out to single-handedly rescue the hostages and bring the bad guys down.",13.0044,7.802,11652,562
1037,"Lawnmower Man, The (1992)",3/5/1992,A simple man is turned into a genius through the application of computer science.,2.4036,5.6,783,10163
1040,"Secret Agent, The (1996)",3/3/2004,"From his offices in Switzerland, Russian Igor Lipovsky is engaged in a vast and profitable gunrunning operation with Africa. The French government wants to hinder the activities of the arms dealer and sends a team to sink one of his ships heading for Angola with a load of illegal weaponry. Lisa, Brisseau, Loïc, Tony and Raymond are professionals: they carefully set up their cover, plan all their moves meticulously, and carry out orders without asking questions. Perhaps they should. The code-name of the mission is ""Janus""; and just like with the ancient deity, there are two opposite faces for every aspect of the operation: the objective of the French government, the role of each team member, the presumed friend and the assumed foe...",2.1431,5.357,154,12648
1041,Secrets & Lies (1996),5/24/1996,"After her adoptive mother dies, Hortense, a successful black optometrist, seeks out her birth mother. She's shocked when her research leads her to Cynthia, a working class white woman.",2.6389,7.5,684,11159
1042,That Thing You Do! (1996),10/4/1996,"A Pennsylvania band scores a hit in 1964 and rides the star-making machinery as long as it can, with lots of help from its manager.",1.9787,6.879,870,9591
1043,To Gillian on Her 37th Birthday (1996),10/25/1996,"David loves his wife, Gillian. Unfortunately, she died two years ago. David deals with his grief by continuing his romance with Gillian during walks with her ""ghost"" on the beach at night. While David lives in the past, other family problems crop up in the present in the real world....",1.4848,5.5,52,30500
1046,Beautiful Thing (1996),6/21/1996,"Set during a long, hot summer on the Thamesmead Estate in Southeast London, where three teenagers edge towards adulthood.",1.7197,7.3,322,10938
1047,"Long Kiss Goodnight, The (1996)",10/11/1996,"Samantha Caine is a small-town schoolteacher and mom with no memory of her life before washing up on a beach eight years ago. After a car accident and a violent home invasion trigger flashes of her past, she discovers she used to be a deadly CIA assassin. Teaming up with a wisecracking private investigator, Samantha must return to her old ways to take down the people who tried to erase her.",2.9945,6.6,1245,11412
1049,"Ghost and the Darkness, The (1996)",10/11/1996,"Sir Robert Beaumont is behind schedule on a railroad in Africa. Enlisting noted engineer John Henry Patterson to right the ship, Beaumont expects results. Everything seems great until the crew discovers the mutilated corpse of the project's foreman, seemingly killed by a lion. After several more attacks, Patterson calls in famed hunter Charles Remington, who has finally met his match in the bloodthirsty lions.",4.6938,6.8,1086,10586
1050,Looking for Richard (1996),10/11/1996,"Al Pacino's deeply-felt rumination on Shakespeare's significance and relevance to the modern world through interviews and an in-depth analysis of ""Richard III.""",1.862,6.8,142,42314
1051,Trees Lounge (1996),5/11/1996,"Tommy has lost his job, his love and his life. He lives in a small apartment above the Trees Lounge, a bar which he frequents along with a few other regulars without lives. He gets a job driving an ice cream truck and ends up getting involved with the seventeen-year-old niece of his ex-girlfriend. This gets him into serious trouble with her father.",2.005,6.889,198,27845
1053,Normal Life (1996),1/26/1996,"Chris Anderson and his wife Pam live a fairly normal life until Chris loses his job on the police force and secretly turns to robbing banks to make his wife's dreams come true. Upon discovering his secret, she joins his deadly crime wave and together they terrorize an unsuspecting suburban town.",0.8306,6,42,23223
1054,Get on the Bus (1996),1/4/2023,"In May of 2022 on the James Taylor Justice Coalition's second Justice Day event, participants collected a sample of soil from the site where Mr. Taylor was hanged. With money raised from individuals and organizations in our community a busload of over 50 youth and adults left Chestertown, MD in the wee hours of August 25 to transport the soil sample to the Legacy Museum in Montgomery. The trip included visits to important civil rights sites in Birmingham, Selma, Montgomery and Atlanta. Participants were confronted with a reality not often taught or talked about, and subsequently witnessed, processed, and transformed their perspectives on both Black History in the USA of the past, and the African American Experience of today. Get on the Bus is a film about this trip.",0,0,0,1307445
1055,Shadow Conspiracy (1997),1/25/1997,"Bobby Bishop is a special assistant to the President of the United States. Accidentally, he meets his friend professor Pochenko on the street. Pochenko has time to tell Bishop about some conspiracy in the White House but then immediately gets killed by an assassin. Now bad guys are after Bobby as the only man who knows about a plot. Bishop must now not only survive, but to stop the conspirators from achieving their goal. And he doesn't know whom to trust.",3.6663,4.958,95,38153
1056,Jude (1996),2/6/1996,"In late 19th-century England, Jude aspires to be an academic, but is hobbled by his blue-collar background. Instead, he works as a stonemason and is trapped in an unloving marriage to a farmer's daughter named Arabella. But when his wife leaves him, Jude sees an opportunity to improve himself. He moves to the city and begins an affair with his married cousin, Sue, courting tragedy every step of the way.",2.977,6.3,132,25147
1057,Everyone Says I Love You (1996),12/6/1996,A New York girl sets her father up with a beautiful woman in a shaky marriage while her half sister gets engaged.,1.8193,6.4,683,9716
1059,William Shakespeare's Romeo + Juliet (1996),11/1/1996,"In director Baz Luhrmann's contemporary take on William Shakespeare's classic tragedy, the Montagues and Capulets have moved their ongoing feud to the sweltering suburb of Verona Beach, where Romeo and Juliet fall in love and secretly wed. Though the film is visually modern, the bard's dialogue remains.",6.8488,6.786,5139,454
1060,Swingers (1996),8/24/2020,"Observational documentary unlocking the doors of Britain's hidden swinging scene via access to one of the country's most popular swinging clubs and candid interviews with the club's founder, staff and clientele.",2.969,4.5,2,737043
1061,Sleepers (1996),10/18/1996,Two gangsters seek revenge on the state jail worker who during their stay at a youth prison sexually abused them. A sensational court hearing takes place to charge him for the crimes.,6.79,7.602,3672,819
1064,Aladdin and the King of Thieves (1996),5/20/1996,"Legendary secrets are revealed as Aladdin and his friends—Jasmine, Abu, Carpet and, of course, the always entertaining Genie—face all sorts of terrifying threats and make some exciting last-minute escapes pursuing the King Of Thieves and his villainous crew.",4.8838,6.2,1905,11238
1066,Shall We Dance (1937),10/15/2004,"A bored estate lawyer spots a beautiful woman in the window of a ballroom dance studio. He secretly starts taking dancing lessons to be near her, and then over time discovers how much he loves dancing. His wife, meanwhile, has hired a private detective to find out why he has started coming home late smelling of perfume.",2.8614,6.415,1234,4380
1068,Crossfire (1947),1/31/2016,"When National Guard soldier Samantha Harrison returns from the front lines of Iraq, she realizes that none of her training helps her deal with PTSD or the struggles of returning to a normal life. Samantha comes home to find out she's being blamed for a friendly fire incident that killed two Americans and she becomes the target of an obsessed soldier seeking revenge for their deaths. She tries to reassemble her fragmented memories of that horrific night in order to convince everyone, including herself, that she didn't do it. Who do you turn to when you can't trust your own memories and the few people you do trust are being killed off one by one?",1.91,5.4,26,423878
1073,Willy Wonka & the Chocolate Factory (1971),11/13/2001,"Retrospective documentary on the making of the cult classic ""Willy Wonka & the Chocolate Factory.""",1.0915,6.688,24,413393
1076,"Innocents, The (1961)",12/23/1987,A woman becomes trapped in the middle of a feud between two men while attempting to free her younger brother from a life of petty crime.,0.5988,5.2,19,65615
1077,Sleeper (1973),7/15/2024,A young boy starts to question his reality.,0.0338,0,0,1317327
1078,Bananas (1971),10/9/2009,"Juan “Accidentes” Dominguez is on his biggest case ever. On behalf of twelve Nicaraguan banana workers he is tackling Dole Food in a ground-breaking legal battle for their use of a banned pesticide that was known by the company to cause sterility. Can he beat the giant, or will the corporation get away with it?",0.1023,6.6,14,36325
1079,"Fish Called Wanda, A (1988)",7/15/1988,"While a diamond advocate attempts to steal a collection of diamonds, troubles arise when he realises he’s not the only one after the collection.",4.8111,7.203,2294,623
1080,Monty Python's Life of Brian (1979),8/17/1979,"Brian Cohen is an average young Jewish man, but through a series of ridiculous events, he gains a reputation as the Messiah. When he's not dodging his followers or being scolded by his shrill mother, the hapless Brian has to contend with the pompous Pontius Pilate and acronym-obsessed members of a separatist movement. Rife with Monty Python's signature absurdity, the tale finds Brian's life paralleling Biblical lore, albeit with many more laughs.",5.6986,7.76,4642,583
1081,Victor/Victoria (1982),4/25/1982,"A struggling female soprano finds work playing a male female impersonator, but it complicates her personal life.",1.2817,7.283,427,12614
1082,"Candidate, The (1972)",3/6/2020,"A young Saudi doctor campaigns for a seat on the municipal council, finding confidence as she combats prejudice.",1.3596,6.7,94,618214
1083,"Great Race, The (1965)",12/31/1978,Captain Future and friends compete in a galactic race and end up defending themselves against aggressive competitors and evil villains out to destroy them.,0.766,7.5,4,430520
1084,Bonnie and Clyde (1967),3/25/2008,The making-of documentary of Bonnie and Clyde.,1.1152,4.6,5,142461
1085,"Old Man and the Sea, The (1958)",7/3/1999,An old fisherman makes the biggest catch of his life.,0.9463,7.6,163,38577
1086,Dial M for Murder (1954),11/15/1967,A made-for-television remake of Alfred Hitchcock’s 1954 film.,0.5076,6,1,558586
1088,Dirty Dancing (1987),5/24/2017,"Spending the summer at a Catskills resort with her family, Frances ""Baby"" Houseman falls in love with the camp's dance instructor, Johnny Castle, and nothing is ever the same for anyone in the Houseman family.",1.883,5.497,441,444902
1089,Reservoir Dogs (1992),9/2/1992,"A botched robbery indicates a police informant, and the pressure mounts in the aftermath at a warehouse. Crime begets violence as the survivors -- veteran Mr. White, newcomer Mr. Orange, psychopathic parolee Mr. Blonde, bickering weasel Mr. Pink and Nice Guy Eddie -- unravel.",11.5944,8.118,14808,500
1090,Platoon (1986),12/19/1986,"As a young and naive recruit in Vietnam, Chris Taylor faces a moral crisis when confronted with the horrors of war and the duality of man.",10.5188,7.747,4806,792
1091,Weekend at Bernie's (1989),7/5/1989,"Two young insurance corporation employees try to pretend that their murdered employer is alive by puppeteering his dead body, leading a hitman to attempt to track him down to finish him off.",2.3423,6.393,1071,8491
1092,Basic Instinct (1992),3/20/1992,"Catherine, a novelist with an insatiable sexual appetite, becomes a prime suspect when her boyfriend is brutally murdered -- a crime she had described in her latest story.",7.9436,6.9,4112,402
1093,"Doors, The (1991)",12/11/2019,"Eight complete strangers are tested like never before when they wake up locked inside a mysterious house. With no memory of how or why they are there paranoia takes over, forcing them to make their own decisions on who to trust and how best to escape.",0.1072,0,0,692664
1094,"Crying Game, The (1992)",9/2/1992,"Irish Republican Army member Fergus forms an unexpected bond with Jody, a kidnapped British soldier in his custody, despite the warnings of fellow IRA members Jude and Maguire. Jody makes Fergus promise he'll visit his girlfriend, Dil, in London, and when Fergus flees to the city, he seeks her out. Hounded by his former IRA colleagues, he finds himself increasingly drawn to the enigmatic, and surprising, Dil.",1.8665,6.849,794,11386
1095,Glengarry Glen Ross (1992),9/10/1992,"Times are tough at Premiere Properties. Shelley ""the machine"" Levene and Dave Moss are veteran salesmen, but only Ricky Roma is on a hot streak. The new Glengarry sales leads could turn everything around, but the front office is holding them back until these ""losers"" prove themselves. Then someone decides to take matters into his own hands, stealing the Glengarry leads and leaving everyone wondering who did it.",2.6177,7.338,1486,9504
1096,Sophie's Choice (1982),12/8/1982,"Stingo, a young writer, moves to Brooklyn in 1947 to begin work on his first novel. As he becomes friendly with Sophie and her lover Nathan, he learns that she is a Holocaust survivor. Flashbacks reveal her harrowing story, from pre-war prosperity to Auschwitz. In the present, Sophie and Nathan's relationship increasingly unravels as Stingo grows closer to Sophie and Nathan's fragile mental state becomes ever more apparent.",1.5117,7.345,887,15764
1097,E.T. the Extra-Terrestrial (1982),6/11/1982,"An alien is left behind on Earth and saved by the 10-year-old Elliot who decides to keep him hidden in his home. While a task force hunts for the extra-terrestrial, Elliot, his brother, and his little sister Gertie form an emotional bond with their new friend, and try to help him find his way home.",13.2378,7.513,11533,601
1099,"Christmas Carol, A (1938)",12/2/2004,"The cast of Radio Deejay reinterprets ""A Christmas Carol"" by Charles Dickens",0.2284,6.5,10,143072
1100,Days of Thunder (1990),6/27/1990,"Talented but unproven stock car driver Cole Trickle gets a break and with the guidance of veteran Harry Hogge turns heads on the track. The young hotshot develops a rivalry with a fellow racer that threatens his career when the two smash their cars. But with the help of his doctor, Cole just might overcome his injuries-- and his fear.",6.4232,6.373,1579,2119
1101,Top Gun (1986),5/16/1986,"For Lieutenant Pete 'Maverick' Mitchell and his friend and co-pilot Nick 'Goose' Bradshaw, being accepted into an elite training school for fighter pilots is a dream come true. But a tragedy, as well as personal demons, will threaten Pete's dreams of becoming an ace pilot.",14.2379,7.061,9064,744
1103,Rebel Without a Cause (1955),10/27/1955,"After moving to a new town, troublemaking teen Jim Stark is supposed to have a clean slate, although being the new kid in town brings its own problems. While searching for some stability, Stark forms a bond with a disturbed classmate, Plato, and falls for local girl Judy. However, Judy is the girlfriend of neighborhood tough, Buzz. When Buzz violently confronts Jim and challenges him to a drag race, the new kid's real troubles begin.",3.4932,7.516,1681,221
1104,"Streetcar Named Desire, A (1951)",3/4/1984,"As Blanche’s fragile world crumbles, she turns to her sister Stella for solace – but her downward spiral brings her face to face with the brutal, unforgiving Stanley Kowalski.",1.073,5.4,5,133018
1105,Children of the Corn IV: The Gathering (1996),10/8/1996,A bright young medical student must solve the frightening mystery that plagues the children of a small Midwestern town.,3.6385,4.375,160,25750
1107,Loser (1991),6/14/2024,"Loser follows 22-year-old Alice, who works at a frozen yogurt shop, on what turns out to be an unforgettable day of her life.",0.1987,0,0,1309773
1111,Microcosmos (Microcosmos: Le peuple de l'herbe) (1996),8/28/2022,"""Micro Cosmos"" is an non-narrative experimental documentary film that records 100 collages produced by Makino in 2021 in chronological order.",0.0239,8,1,985133
1112,Palookaville (1996),1/22/2023,"Grand Jury Award Winner - Slamdance 2023 Jury's notes: “With idiosyncratic music choices, sibling chemistry out the wazoo, and a philosophical Brooklynite as the series lead (played by Howard Lester in his introductory role), Theodore Collatos’s Palookaville explores the surreal existence of JoJo, a man victimized by a random act of violence who now thinks he’s the famous defunct boxer/anti-fascist, Joe Louis. Will you believe that JoJo’s become the Brown Bomber? Doesn’t matter, because you will believe in Palookaville.”",0.0794,6,2,1080320
1114,"Funeral, The (1996)",10/31/2024,"Cemal drives a hearse for a living. He's entrusted with secretly carrying the body of a young girl at the request of her family. One night, he hears strange groans from the back of the truck, even though the girl hasn't got a pulse.",1.3586,7.1,11,1177911
1116,"Single Girl, A (Fille seule, La) (1995)",11/29/1995,"A young Parisian must make major decisions about pregnancy, a job and her boyfriend.",0.8823,6,49,102461
1117,"Eighth Day, The (Huitième jour, Le) (1996)",12/3/2006,"After her husband's death, Hanna Szendroy, the former primadonna, is caught in the claws of the real estate mafia. She looses her lavish home and ends up homeless at the Keleti train station. When she returns to her house, now full of homeless people moved in by the real estate mafia, an unexpected relationship brings hope into her life again.",0.6452,7,1,545401
1119,Drunks (1995),3/14/1997,"At the beginning of a nightly Alcoholics Anonymous meeting, Jim seems particularly troubled. His sponsor encourages him to talk that night, the first time in seven months, so he does - and leaves the meeting right after. As Jim wanders the night, searching for some solace in his old stomping grounds, bars and parks where he bought drugs, the meeting goes on, and we hear the stories of survivors and addicts - some, like Louis, who claim to have wandered in looking for choir practice, who don't call themselves alcoholic, and others, like Joseph, whose drinking almost caused the death of his child - as they talk about their lives at the meeting",1.5282,3,7,116844
1120,"People vs. Larry Flynt, The (1996)",12/25/1996,"Larry Flynt is the hedonistically obnoxious, but indomitable, publisher of Hustler magazine. The film recounts his struggle to make an honest living publishing his girlie magazine and how it changes into a battle to protect the freedom of speech for all people.",2.4403,6.962,1161,1630
1121,Glory Daze (1995),10/1/1995,"Jack, a soon-to-be graduate, finds he's having a difficult time letting go of the college life -- and decides maybe he doesn't have to. Also questioning whether there's life after college are Jack's roommates: Rob, who fears domestication; comic-strip artist Mickey, who's shy around girls; intellectual party animal Slosh; and perpetual student Dennis.",1.7332,5.128,47,26626
1123,"Perfect Candidate, A (1996)",3/6/2020,"A young Saudi doctor campaigns for a seat on the municipal council, finding confidence as she combats prejudice.",1.3596,6.7,94,618214
1124,On Golden Pond (1981),4/29/2001,"Character-driven story about an elderly man coming to terms with his age, and the nearing of death; a middle-aged woman attempting to enter into a father-daughter relationship with her dad, whom she has never known closely; and a young teenager dealing with parental divorce. Ethel and Norman Thayer are an old couple living ""On Golden Pond"". Their daughter, Chelsea, is 42 years old, and has never been married. She is dating a 45 year old dentist, and brings him up to Golden Pond to meet her parents. Her boyfriend, Bill, has a 14 year old son named Billy, who comes along. Young Billy has been virtually raised by his mother, who is newly divorced from his father. The troubled child is left with the elderly Thayers for some time, as his father and Chelsea take off for a tour of Europe.",3.2639,9,2,357115
1125,"Return of the Pink Panther, The (1975)",5/21/1975,The famous Pink Panther jewel has once again been stolen and Inspector Clouseau is called in to catch the thief. The Inspector is convinced that 'The Phantom' has returned and utilises all of his resources – himself and his Asian manservant – to reveal the identity of 'The Phantom'.,2.5868,6.785,632,11843
1126,Drop Dead Fred (1991),4/19/1991,"When Elizabeth returns to her mother's home after her marriage breaks up, she recreates her imaginary childhood friend, Fred, to escape from the trauma of losing her husband and her job. In between the chaos and mayhem that Fred creates, Elizabeth attempts to win back her husband and return to normality.",1.2977,5.8,380,10379
1127,"Abyss, The (1989)",9/10/2024,"Ayush suffers from sleep paralysis and dark hallucinations, haunted by shadowy figures that represent his repressed fears. Trapped between dream and reality, he confronts these manifestations of his inner turmoil.",0.2069,9,3,1338399
1128,"Fog, The (1980)",11/22/2012,"Western frontiers of the USSR, 1942. The region is under German occupation. A man is wrongly accused of collaboration. Desperate to save his dignity, he faces an impossible moral choice.",4.1798,6.2,68,103742
1129,Escape from New York (1981),5/23/1981,"In a world ravaged by crime, the entire island of Manhattan has been converted into a walled prison where brutal prisoners roam free. After the US president crash-lands inside, war hero Snake Plissken has 24 hours to bring him back.",5.1674,7.1,3324,1103
1130,"Howling, The (1980)",10/22/2020,A bizarre case of ghoul takes place in a distant village of Thung Ma Horn. That is why the official decides to send a skilled police officer like 'Satjathorn'​ to investigate the truth along with 'Buk Keam'. Even though Satjathorn is very reluctant to travel this time Because of the rumors that happened.,2.0108,7,2,755850
1131,Jean de Florette (1986),8/27/1986,"In a rural French village, an old man and his only remaining relative cast their covetous eyes on an adjoining vacant property. They need its spring water for growing their flowers, and are dismayed to hear that the man who has inherited it is moving in. They block up the spring and watch as their new neighbour tries to keep his crops watered from wells far afield through the hot summer. Though they see his desperate efforts are breaking his health and his wife and daughter's hearts, they think only of getting the water.",1.1554,7.69,584,4480
1132,Manon of the Spring (Manon des sources) (1986),11/19/1986,"In this, the sequel to Jean de Florette, Manon has grown into a beautiful young shepherdess living in the idyllic Provencal countryside. She plots vengeance on the men who greedily conspired to acquire her father's land years earlier.",1.4896,7.583,533,4481
1135,Private Benjamin (1980),10/6/1980,A sheltered young high society woman joins the US Army on a whim and finds herself in a more difficult situation than she ever expected.,1.6753,6,395,10765
1136,Monty Python and the Holy Grail (1975),4/3/1975,"King Arthur, accompanied by his squire, recruits his Knights of the Round Table, including Sir Bedevere the Wise, Sir Lancelot the Brave, Sir Robin the Not-Quite-So-Brave-As-Sir-Lancelot and Sir Galahad the Pure. On the way, Arthur battles the Black Knight who, despite having had all his limbs chopped off, insists he can still fight. They reach Camelot, but Arthur decides not  to enter, as ""it is a silly place"".",9.2237,7.804,6068,762
1137,Hustler White (1996),7/19/1996,"A writer, researching a book on male prostitutes, finds a young man to serve as a guide on the streets of Los Angeles.",1.1026,5.3,36,44497
1140,Entertaining Angels: The Dorothy Day Story (1996),9/27/1996,"The firebrand reporter, feminist and philanthropist Dorothy Day co-founds The Catholic Worker with Peter Maurin, an eccentric philosopher.",2.1789,4.75,6,99479
1144,"Line King: The Al Hirschfeld Story, The (1996)",9/27/1996,"The childhood, adolescence, and incredible adult years of Al Hirschfeld, celebrated creator of thousands of line drawings of famous people - many in the entertainment industry - over a span of more than sixty years. He is still drawing in his nineties. His interesting domestic life, political, and cultural views are highlights. In addition, he talks about himself a bit - seriously and lightly.(At one point he he claims that his only form of exercise has been to live in his Manhattan townhouse: stairs). He drives his car around Manhattan - an adventure in itself. Brief interviews with, and reminiscences of many friends and associates.",0.8678,7,5,124829
1147,When We Were Kings (1996),10/25/1996,"It's 1974. Muhammad Ali is 32 and thought by many to be past his prime. George Foreman is ten years younger and the heavyweight champion of the world. Promoter Don King wants to make a name for himself and offers both fighters five million dollars apiece to fight one another, and when they accept, King has only to come up with the money. He finds a willing backer in Mobutu Sese Suko, the dictator of Zaire, and the ""Rumble in the Jungle"" is set, including a musical festival featuring some of America's top black performers, like James Brown and B.B. King.",1.8051,7.7,237,10548
1148,Wallace & Gromit: The Wrong Trousers (1993),12/17/1993,"Wallace rents out Gromit's former bedroom to a penguin, who takes up an interest in the techno pants created by Wallace. However, Gromit later learns that the penguin is a wanted criminal.  Preserved by the Academy Film Archive.",1.6916,7.8,1087,531
1150,"Return of Martin Guerre, The (Retour de Martin Guerre, Le) (1982)",5/14/1982,"Village of Artigat, southern France, summer 1542, during the reign of Francis I. Martin Guerre and Bertrande de Rols marry. A few years later, accused of having committed a robbery, Martin suddenly disappears. When, almost a decade later, a man arrives in Artigat claiming to be Martin, the Guerre family recognizes him as such; but doubts soon arise about his true identity.",0.7115,6.7,212,4483
1151,Lesson Faust (1994),9/10/1994,"A very free adaptation of Marlowe's ""Doctor Faustus"", Goethe's ""Faust"" and various other treatments of the old legend of the man who sold his soul to the devil. A nondescript man is lured by a strange map into a sinister puppet theatre, where he finds himself immersed in an indescribably weird version of the play, blending live actors, clay animation and giant puppets.",0.4973,7.5,71,18919
1156,"Children Are Watching Us, The (Bambini ci guardano, I) (1944)",10/27/1943,"In his first collaboration with renowned screenwriter and longtime partner Cesare Zavattini, Vittorio De Sica examines the cataclysmic consequences of adult folly on an innocent child. Heralding the pair’s subsequent work on some of the masterpieces of Italian neorealism, The Children Are Watching Us is a vivid, deeply humane portrait of a family’s disintegration.",0.4108,7.6,85,61461
1161,"Tin Drum, The (Blechtrommel, Die) (1979)",5/2/1979,"Oskar Matzerath is a very unusual boy. Refusing to leave the womb until promised a tin drum by his mother, Agnes, Oskar is reluctant to enter a world he sees as filled with hypocrisy and injustice, and vows on his third birthday to never grow up. Miraculously, he gets his wish. As the Nazis rise to power in Danzig, Oskar wills himself to remain a child, beating his tin drum incessantly and screaming in protest at the chaos surrounding him.",3.4321,6.945,498,659
1162,"Ruling Class, The (1972)",9/13/1972,"When the Earl of Gurney dies in a cross-dressing accident, his schizophrenic son, Jack, inherits the Gurney estate. Jack is not the average nobleman; he sings and dances across the estate and thinks he is Jesus reincarnated. Believing that Jack is mentally unfit to own the estate, the Gurney family plots to steal Jack's inheritance. As their outrageous schemes fail, the family strives to cure Jack of his bizarre behavior, with disastrous results.",2.6765,6.454,88,30892
1163,Mina Tannenbaum (1994),3/2/1994,The film tells the story of two girls who are of totally different character. They know each other since their childhood and were friends until they became teenagers. But growing up and becoming adults they go different ways.,0.4936,6.3,19,86369
1167,Dear God (1996),11/1/1996,"A judge gives con-man Tom Turner a choice—a jail sentence, or a year of honest work. But when he gets a job in the U.S. Post Office's dead letter office, he starts a Good Samaritan con by answering letters written to God. His seemingly virtuous work inspires his co-workers to do the same, but their good deeds are frowned upon by the postmaster general—and the cops.",3.4288,5.5,61,38554
1170,Best of the Best 3: No Turning Back (1995),5/17/1995,A martial arts instructor comes to the defense of a schoolteacher who has taken a stand against a local white supremacist organization.,0.6364,5.5,76,36555
1171,Bob Roberts (1992),9/4/1992,"Millionaire conservative Bob Roberts launches an insurgent campaign against incumbent senator Brickley Paiste, firing up crowds at his rallies by singing '60s-style acoustic folk songs with lyrics espousing far-right conservative social and economic views.",1.3447,6.5,166,10608
1172,Cinema Paradiso (Nuovo cinema Paradiso) (1989),11/17/1988,"A filmmaker recalls his childhood, when he fell in love with the movies at his village's theater and formed a deep friendship with the theater's projectionist.",7.094,8.434,4595,11216
1173,"Cook the Thief His Wife & Her Lover, The (1989)",10/13/1989,The wife of an abusive criminal finds solace in the arms of a kind regular guest in her husband's restaurant.,1.7183,7.333,663,7452
1175,Delicatessen (1991),4/17/1991,"In a post-apocalyptic world, the residents of an apartment above the butcher shop receive an occasional delicacy of meat, something that is in low supply. A young man new in town falls in love with the butcher's daughter, which causes conflicts in her family, who need the young man for other business-related purposes.",3.9438,7.294,1537,892
1176,"Double Life of Veronique, The (Double Vie de Véronique, La) (1991)",5/15/1991,"Véronique is a beautiful young French woman who aspires to be a renowned singer; Weronika lives in Poland, has a similar career goal and looks identical to Véronique, though the two are not related. The film follows both women as they contend with the ups and downs of their individual lives, with Véronique embarking on an unusual romance with Alexandre Fabbri, a puppeteer who may be able to help her with her existential issues.",2.4264,7.482,834,1600
1177,Enchanted April (1992),11/27/1991,"When married British women Rose Arbuthnot and Lottie Wilkins decide to take a break from their respective spouses, they stay at a castle in Italy for a quiet holiday. Joining the ladies is Caroline Dester, a young socialite, and Mrs. Fisher, an older aristocrat. Liberated from their daily routines, the four women ease into life in rural Italy, and each finds herself transformed by the experience.",1.0733,6.8,72,26561
1178,Paths of Glory (1957),10/25/1957,A commanding officer defends three scapegoats on trial for a failed offensive that occurred within the French Army in 1916.,3.6778,8.259,3084,975
1179,"Grifters, The (1990)",8/8/1990,"A small-time conman has his loyalties torn between his estranged mother and his new girlfriend, both of whom are high-stakes grifters with their own angles to play.",2.5737,6.5,440,18129
1180,Hear My Song (1991),3/10/2015,"The actress wants to sing. But her music is far short compared to her brilliant acting. As everyone closes their ears to her song, a man begins to listen to her heart.",0.6979,0,0,621296
1183,"English Patient, The (1996)",11/14/1996,"In the 1930s, Count Almásy is a Hungarian map maker employed by the Royal Geographical Society to chart the vast expanses of the Sahara Desert along with several other prominent explorers. As World War II unfolds, Almásy enters into a world of love, betrayal, and politics.",5.0401,7.161,2280,409
1184,Mediterraneo (1991),2/2/1991,"Greek Sea, World War II. An Italian ship leaves a handful of soldiers in a little island; their mission is to spot enemy ships and to hold the island in case of attack. The village of the island seems abandoned and there isn't a single enemy in sight, so the soldiers begin to relax a little. Things change when their ship is hit and destroyed by the enemy, and the soldiers find themselves abandoned there.",1.7657,7.635,1025,38251
1185,My Left Foot (1989),4/7/1989,"No one expects much from Christy Brown, a boy with cerebral palsy born into a working-class Irish family. Though Christy is a spastic quadriplegic and essentially paralyzed, a miraculous event occurs when, at the age of 5, he demonstrates control of his left foot by using chalk to scrawl a word on the floor. With the help of his steely mother — and no shortage of grit and determination — Christy overcomes his infirmity to become a painter, poet and author.",2.285,7.526,965,10161
1186,"Sex, Lies, and Videotape (1989)",1/1/2012,"Sewoon shopping complex, the first to distribute porno tapes in Cheonghye-cheon!  The people's erotic stories started there.",0.4881,5,1,441413
1187,Passion Fish (1992),12/11/1992,"After an accident leaves her a paraplegic, a former soap opera star struggles to recover both emotionally and mentally, until she meets her newest nurse, who has struggles of her own.",0.5811,6.9,55,41768
1188,Strictly Ballroom (1992),8/20/1992,"Brave new steps put Scott's career in jeopardy. With a new partner and determination, can he still succeed?",2.5541,6.584,361,10409
1189,"Thin Blue Line, The (1988)",8/28/1988,Errol Morris's unique documentary dramatically re-enacts the crime scene and investigation of a police officer's murder in Dallas.,1.2573,7.674,390,14285
1190,Tie Me Up! Tie Me Down! (¡Átame!) (1990),3/4/2014,"A housewife's, Tiffany, world is turned upside down by a stranger who breaks into her apartment and tells her that he abducted her husband of eight years while he was on a business trip in Hong Kong. Adding to the bizarreness of the situation, the kidnapper, who says his name is tells Tiffany that he doesn’t want any ransom money. Instead, to secure her husband’s freedom, she will have to take on the role of his wife for a week.",0.243,3,5,326786
1191,Madonna: Truth or Dare (1991),5/10/1991,"From the rains of Japan, through threats of arrest for 'public indecency' in Canada, and a birthday tribute to her father in Detroit, this documentary follows Madonna on her 1990 'Blond Ambition' concert tour. Filmed in black and white, with the concert pieces in glittering MTV color, it is an intimate look at the work of the icon, from a prayer circle before each performance to bed games with the dance troupe afterwards.",1.261,6.3,157,10174
1192,Paris Is Burning (1990),3/13/1991,"Where does voguing come from, and what, exactly, is throwing shade? This landmark documentary provides a vibrant snapshot of the 1980s through the eyes of New York City's African American and Latinx Harlem drag-ball scene. Made over seven years, PARIS IS BURNING offers an intimate portrait of rival fashion ""houses,"" from fierce contests for trophies to house mothers offering sustenance in a world rampant with homophobia, transphobia, racism, AIDS, and poverty. Featuring legendary voguers, drag queens, and trans women — including Willi Ninja, Pepper LaBeija, Dorian Corey, and Venus Xtravaganza.",2.1463,7.986,506,31225
1193,One Flew Over the Cuckoo's Nest (1975),11/19/1975,"A petty criminal fakes insanity to serve his sentence in a mental ward rather than prison. He soon finds himself as a leader to the other patients—and an enemy to the cruel, domineering nurse who runs the ward.",9.312,8.413,10923,510
1194,Cheech and Chong's Up in Smoke (1978),5/16/1978,"An unemployed pot-smoking slacker and amateur drummer, Anthony Stoner ditches his strict parents and hits the road, eventually meeting kindred spirit Pedro de Pacas. While the drug-ingesting duo is soon arrested for possession of marijuana, Anthony and Pedro get released on a technicality, allowing them to continue their many misadventures and ultimately compete in a rock band contest, where they perform the raucous tune ""Earache My Eye.""",3.3097,6.651,597,11455
1196,Star Wars: Episode V - The Empire Strikes Back (1980),5/20/1980,"The epic saga continues as Luke Skywalker, in hopes of defeating the evil Galactic Empire, learns the ways of the Jedi from aging master Yoda. But Darth Vader is more determined than ever to capture Luke. Meanwhile, rebel leader Princess Leia, cocky Han Solo, Chewbacca, and droids C-3PO and R2-D2 are thrown into various stages of capture, betrayal and despair.",9.1339,8.395,17637,1891
1197,"Princess Bride, The (1987)",9/25/1987,"In this enchantingly cracked fairy tale, the beautiful Princess Buttercup and the dashing Westley must overcome staggering odds to find happiness amid six-fingered swordsmen, murderous princes, Sicilians and rodents of unusual size. But even death can't stop these true lovebirds from triumphing.",10.2718,7.682,4794,2493
1198,Raiders of the Lost Ark (Indiana Jones and the Raiders of the Lost Ark) (1981),6/12/1981,"When Dr. Indiana Jones – the tweed-suited professor who just happens to be a celebrated archaeologist – is hired by the government to locate the legendary Ark of the Covenant, he finds himself up against the entire Nazi regime.",13.4768,7.925,13042,85
1199,Brazil (1985),2/20/1985,"Low-level bureaucrat Sam Lowry escapes the monotony of his day-to-day life through a recurring daydream of himself as a virtuous hero saving a beautiful damsel. Investigating a case that led to the wrongful arrest and eventual death of an innocent man instead of wanted terrorist Harry Tuttle, he meets the woman from his daydream, and in trying to help her gets caught in a web of mistaken identities, mindless bureaucracy and lies.",4.3012,7.668,3473,68
1200,Aliens (1986),7/18/1986,"Ripley, the sole survivor of the Nostromo's deadly encounter with the monstrous Alien, returns to Earth after drifting through space in hypersleep for 57 years. Although her story is initially met with skepticism, she agrees to accompany a team of Colonial Marines back to LV-426.",19.137,7.953,10284,679
1201,"Good, the Bad and the Ugly, The (Buono, il brutto, il cattivo, Il) (1966)",12/22/1966,"While the Civil War rages on between the Union and the Confederacy, three men – a quiet loner, a ruthless hitman, and a Mexican bandit – comb the American Southwest in search of a strongbox containing $200,000 in stolen gold.",11.5259,8.465,9143,429
1202,Withnail & I (1987),6/19/1987,"Two out-of-work actors -- the anxious, luckless Marwood and his acerbic, alcoholic friend, Withnail -- spend their days drifting between their squalid flat, the unemployment office and the pub. When they take a holiday ""by mistake"" at the country house of Withnail's flamboyantly gay uncle, Monty, they encounter the unpleasant side of the English countryside: tedium, terrifying locals and torrential rain.",1.6094,7.265,584,13446
1203,12 Angry Men (1957),4/10/1957,"The defense and the prosecution have rested and the jury is filing into the jury room to decide if a young Spanish-American is guilty or innocent of murdering his father. What begins as an open and shut case soon becomes a mini-drama of each of the jurors' prejudices and preconceptions about the trial, the accused, and each other.",12.7383,8.548,9359,389
1204,Lawrence of Arabia (1962),12/11/1962,"The story of British officer T.E. Lawrence's mission to aid the Arab tribes in their revolt against the Ottoman Empire during the First World War. Lawrence becomes a flamboyant, messianic figure in the cause of Arab unity but his psychological instability threatens to undermine his achievements.",7.368,7.993,3206,947
1206,"Clockwork Orange, A (1971)",12/19/1971,"In a near-future Britain, young Alexander DeLarge and his pals get their kicks beating and raping anyone they please. When not destroying the lives of others, Alex swoons to the music of Beethoven. The state, eager to crack down on juvenile crime, gives an incarcerated Alex the option to undergo an invasive procedure that'll rob him of all personal agency. In a time when conscience is a commodity, can Alex change his tune?",9.3331,8.186,13315,185
1207,To Kill a Mockingbird (1962),12/20/1962,"Scout Finch, 6, and her older brother Jem live in sleepy Maycomb, Alabama, spending much of their time with their friend Dill and spying on their reclusive and mysterious neighbor, Boo Radley. When Atticus, their widowed father and a respected lawyer, defends a black man named Tom Robinson against fabricated rape charges, the trial and tangent events expose the children to evils of racism and stereotyping.",3.7864,7.99,2720,595
1208,Apocalypse Now (1979),5/19/1979,"At the height of the Vietnam war, Captain Benjamin Willard is sent on a dangerous mission that, officially, ""does not exist, nor will it ever exist."" His goal is to locate - and eliminate - a mysterious Green Beret Colonel named Walter Kurtz, who has been leading his personal army on illegal guerrilla missions into enemy territory.",11.2819,8.271,8617,28
1209,Once Upon a Time in the West (C'era una volta il West) (1968),12/21/1968,"As the railroad builders advance unstoppably through the Arizona desert on their way to the sea, Jill arrives in the small town of Flagstone with the intention of starting a new life.",7.5124,8.281,4604,335
1210,Star Wars: Episode VI - Return of the Jedi (1983),5/25/1983,"Luke Skywalker leads a mission to rescue his friend Han Solo from the clutches of Jabba the Hutt, while the Emperor seeks to destroy the Rebellion once and for all with a second dreaded Death Star.",8.8823,7.905,16270,1892
1211,"Wings of Desire (Himmel über Berlin, Der) (1987)",9/23/1987,"Two angels, Damiel and Cassiel, glide through the streets of Berlin, observing the bustling population, providing invisible rays of hope to the distressed but never interacting with them. When Damiel falls in love with lonely trapeze artist Marion, the angel longs to experience life in the physical world, and finds -- with some words of wisdom from actor Peter Falk -- that it might be possible for him to take human form.",9.6936,7.783,1407,144
1212,"Third Man, The (1949)",7/20/2015,Martin Scorsese and other contemporary filmmakers reveal the impact The Third Man had on their careers and why the film is still so relevant today.,0.5601,0,0,622947
1213,Goodfellas (1990),9/12/1990,"The true story of Henry Hill, a half-Irish, half-Sicilian Brooklyn kid who is adopted by neighbourhood gangsters at an early age and climbs the ranks of a Mafia family under the guidance of Jimmy Conway.",13.3998,8.455,13587,769
1214,Alien (1979),5/25/1979,"During its return to the earth, commercial spaceship Nostromo intercepts a distress signal from a distant planet. When a three-member team of the crew discovers a chamber containing thousands of eggs on the planet, a creature inside one of the eggs attacks an explorer. The entire crew is unaware of the impending nightmare set to descend upon them when the alien parasite planted inside its unfortunate host is birthed.",22.5121,8.165,15553,348
1215,Army of Darkness (1993),10/31/1992,"Ash, a handsome, shotgun-toting, chainsaw-armed department store clerk, is time warped backwards into England's Dark Ages, where he romances a beauty and faces legions of the undead.",7.943,7.3,3322,766
1216,"Big Blue, The (Grand bleu, Le) (1988)",5/10/1988,"Two men answer the call of the ocean in this romantic fantasy-adventure.  Jacques and Enzo are a pair of friends who have been close since childhood, and who share a passion for the dangerous sport of free diving. Professional diver Jacques opted to follow in the footsteps of his father, who died at sea when Jacques was a boy; to the bewilderment of scientists, Jacques harbors a remarkable ability to adjust his heart rate and breathing pattern in the water, so that his vital signs more closely resemble that of dolphins than men.  As Enzo persuades a reluctant Jacques to compete against him in a free diving contest -- determining who can dive deeper and longer without scuba gear -- Jacques meets Johana, a beautiful insurance investigator from America, and he finds that he must choose between his love for her and his love of the sea.",3.4162,7.452,1499,175
1217,Ran (1985),6/6/2018,"The movie follows Ran's journey, whose main desire is to fulfill his potential. He is ready to deal with difficult experiences of not being accepted by his family and friends, physical and emotional changes, and even dangers to his health, but he is not willing to give up on himself and his happiness.",0.0538,1,1,635736
1218,"Killer, The (Die xue shuang xiong) (1989)",9/6/2024,"Three girlfriends, neglected and mistreated by their husbands, plan to take revenge on them with the help of an experienced man in this type of job.",2.1556,7.16,53,1227624
1219,Psycho (1960),6/22/1960,"When larcenous real estate clerk Marion Crane goes on the lam with a wad of cash and hopes of starting a new life, she ends up at the notorious Bates Motel, where manager Norman Bates cares for his housebound mother.",10.1398,8.421,10484,539
1220,"Blues Brothers, The (1980)",6/16/1980,"Jake Blues, just released from prison, puts his old band back together to save the Catholic home where he and his brother Elwood were raised.",7.7917,7.727,4366,525
1221,"Godfather: Part II, The (1974)",12/20/1974,"In the continuing saga of the Corleone crime family, a young Vito Corleone grows up in Sicily and in 1910s New York. In the 1950s, Michael Corleone attempts to expand the family business into Las Vegas, Hollywood and Cuba.",16.9484,8.571,13152,240
1222,Full Metal Jacket (1987),6/26/1987,A pragmatic U.S. Marine observes the dehumanizing effects the U.S.-Vietnam War has on his fellow recruits from their brutal boot camp training to the bloody street fighting in Hue.,9.3619,8.123,10944,600
1223,"Grand Day Out with Wallace and Gromit, A (1989)",5/18/1990,"Wallace and Gromit have run out of cheese, and this provides an excellent excuse for the duo to take their holiday to the moon, where, as everyone knows, there is ample cheese.  Preserved by the Academy Film Archive.",1.9421,7.484,945,530
1224,Henry V (1989),10/5/1989,"In the midst of the Hundred Years War, the young King Henry V of England embarks on the conquest of France in 1415.",1.4522,7.153,393,10705
1225,Amadeus (1984),9/19/1984,Disciplined Italian composer Antonio Salieri becomes consumed by jealousy and resentment towards the hedonistic and remarkably talented young Viennese composer Wolfgang Amadeus Mozart.,5.7669,8,4476,279
1226,"Quiet Man, The (1952)",1/1/2002,"Maureen O'Hara, Andrew McLaglen, and others recollect how The Quiet Man came to be in this documentary.",0.0805,0,0,1423216
1227,Once Upon a Time in America (1984),5/23/1984,"A former Prohibition-era Jewish gangster returns to the Lower East Side of Manhattan over thirty years later, where he once again must confront the ghosts and regrets of his old life.",9.8328,8.407,5708,311
1228,Raging Bull (1980),11/14/1980,"The life of boxer Jake LaMotta, whose violence and temper that led him to the top in the ring destroyed his life outside of it.",6.2031,7.9,4512,1578
1230,Annie Hall (1977),4/19/1977,New York comedian Alvy Singer falls in love with the ditsy Annie Hall.,5.7587,7.738,4037,703
1231,"Right Stuff, The (1983)",10/20/1983,"As the Space Race ensues, seven pilots set off on a path to become the first American astronauts to enter space. However, the road to making history brings forth momentous challenges.",4.8657,7.432,910,9549
1232,Stalker (1979),3/31/2023,"Rose Hepburn, a young actor working in horror movies, returns to her empty hotel. Forced to use the old freight elevator, it jolts to a halt on the twelfth floor, leaving her trapped with an unusual stranger. Left with no mobile phone signal as a storm approaches, tensions escalate and suspicions rise when Rose discovers the identity of the mysterious man is Daniel Reed, a camera operator on her latest movie, who is seemingly obsessed with her. As the elevator hangs precariously high about to plunge down at any minute, some harsh truths and actions start unfolding.",0.8318,6.1,23,1004130
1233,"Boot, Das (Boat, The) (1981)",8/24/2023,"Today, 80 years after the events and 40 years after the film, these images and testimonies shed an unexpected light on the reality of the fiction filmed by Petersen. The international success of the film Das Boot made the U-96, of which it fictionally recounts the 7th combat patrol at sea, the most famous of all Hitler's submarines and arguably one of the most famous movie submarines. But the true story of this extraordinary submarine and its equally exceptional crew goes far beyond fiction. Knowing that the success of Das Boot not only opened the doors of Hollywood to Wolfgang Petersen, but also made this film an absolute reference from which all submarine warfare films produced by American cinema were subsequently inspired, this opens ultimately the way to a broader reflection on the indirect, even unconscious relationship that exists between the power of the images of Hitler's propaganda and that of today's Hollywood cinema.",0.0658,5.5,2,1159685
1234,"Sting, The (1973)",10/31/2002,Mandrake and his new friends still continue to bet (and lose a lot of money) on horse races. What will they invent for cheating money?,0.4886,5.692,172,38529
1235,Harold and Maude (1971),12/20/1971,The young Harold lives in his own world of suicide-attempts and funeral visits to avoid the misery of his current family and home environment. Harold meets an 80-year-old woman named Maude who also lives in her own world yet one in which she is having the time of her life. When the two opposites meet they realize that their differences don’t matter and they become best friends and love each other.,3.4544,7.615,1136,343
1236,Trust (1990),6/4/2011,We flirt with our bodies and faces. TRUST creates a playful variation of the classical initial contact of heterosexual Europeans. A creative man courts a woman with long hair. Would you do the same in this situation?,0.3565,6.5,2,1217486
1237,"Seventh Seal, The (Sjunde inseglet, Det) (1957)",2/16/1957,"When disillusioned Swedish knight Antonius Block returns home from the Crusades to find his country in the grips of the Black Death, he challenges Death to a chess match for his life. Tormented by the belief that God does not exist, Block sets off on a journey, meeting up with traveling players Jof and his wife, Mia, and becoming determined to evade Death long enough to commit one redemptive act while he still lives.",3.9202,8.178,3159,490
1238,Local Hero (1983),2/17/1983,An American oil company sends a man to Scotland to buy up an entire village where they want to build a refinery. But things don't go as expected.,1.7256,6.8,372,11235
1240,"Terminator, The (1984)",10/26/1984,"In the post-apocalyptic future, reigning tyrannical supercomputers teleport a cyborg assassin known as the ""Terminator"" back to 1984 to kill Sarah Connor, whose unborn son is destined to lead insurgents against 21st century mechanical hegemony. Meanwhile, the human-resistance movement dispatches a lone warrior to safeguard Sarah. Can he stop the virtually indestructible killing machine?",14.9586,7.671,13812,218
1241,Dead Alive (Braindead) (1992),9/17/1969,"Two brothers, Monty and Ted, will inherit $300,000 if they manage to live together for six months.",1.0444,5.6,13,102949
1242,Glory (1989),12/15/1989,"Robert Gould Shaw leads the US Civil War's first all-black volunteer company, fighting prejudices of both his own Union army and the Confederates.",5.0599,7.5,1697,9665
1243,Rosencrantz and Guildenstern Are Dead (1990),2/8/1991,"Two minor characters from the play ""Hamlet"" stumble around unaware of their scripted lives and unable to deviate from them.",0.8575,6.9,306,18971
1244,Manhattan (1979),4/25/1979,Manhattan explores how the life of a middle-aged television writer dating a teenage girl is further complicated when he falls in love with his best friend's mistress.,3.099,7.721,2494,696
1245,Miller's Crossing (1990),9/21/1990,"Set in 1929, a political boss and his advisor have a parting of the ways when they both fall for the same woman.",5.6134,7.458,1735,379
1246,Dead Poets Society (1989),6/2/1989,"At an elite, old-fashioned boarding school in New England, a passionate English teacher inspires his students to rebel against convention and seize the potential of every day, courting the disdain of the stern headmaster.",13.1237,8.301,11868,207
1247,"Graduate, The (1967)",12/21/1967,A disillusioned college graduate finds himself torn between his older lover and her daughter.,9.1238,7.632,3494,37247
1248,Touch of Evil (1958),3/30/1958,"When a car bomb explodes on the American side of the U.S./Mexico border, Mexican drug enforcement agent Miguel Vargas begins his investigation, along with American police captain Hank Quinlan. When Vargas begins to suspect that Quinlan and his shady partner, Menzies, are planting evidence to frame an innocent man, his investigations into their possible corruption quickly put himself and his new bride, Susie, in jeopardy.",2.1493,7.762,1510,1480
1249,"Femme Nikita, La (Nikita) (1990)",2/21/1990,"A beautiful felon, sentenced to life in prison for the murder of a policeman, is given a second chance – as a secret political assassin controlled by the government.",4.4321,7.1,2038,9322
1250,"Bridge on the River Kwai, The (1957)",10/11/1957,"The classic story of English POWs in Burma forced to build a bridge to aid the war effort of their Japanese captors. British and American intelligence officers conspire to blow up the structure, but Col. Nicholson, the commander who supervised the bridge's construction, has acquired a sense of pride in his creation and tries to foil their plans.",4.0295,7.817,2223,826
1251,8 1/2 (8½) (1963),3/8/2014,"Misha and Sonia are left at home again without their parents, but this time with a nanny. Meanwhile, the bandits from the first film escape from the prison.",0.7453,8.7,3,913680
1252,Chinatown (1974),6/20/1974,"Private eye Jake Gittes lives off of the murky moral climate of sunbaked, pre-World War II Southern California. Hired by a beautiful socialite to investigate her husband's extra-marital affair, Gittes is swept into a maelstrom of double dealings and deadly deceits, uncovering a web of personal and political scandals that come crashing together.",6.0696,7.919,4009,829
1253,"Day the Earth Stood Still, The (1951)",7/22/1992,An adolescent with the ability to control a looming war-golem becomes entangled in the Experts of Justice's fight against the infamous group Big Fire.,1.2157,7,7,215402
1254,"Treasure of the Sierra Madre, The (1948)",1/15/1948,"Two jobless Americans convince a prospector to travel to the mountains of Mexico with them in search of gold. But the hostile wilderness, local bandits, and greed all get in the way of their journey.",8.7117,7.95,1259,3090
1255,Bad Taste (1987),12/1/1987,"A team from the intergalactic fast food chain Crumb's Crunchy Delights descends on Earth, planning to make human flesh the newest taste sensation. After they wipe out the New Zealand town Kaihoro, the country’s Astro-Investigation and Defense Service (AIaDS) is called in to deal with the problem. Things are complicated due to Giles, an aid worker who comes to Kaihoro the same day to collect change from the residents. He is captured by the aliens, and AIaDS stages a rescue mission that quickly becomes an all-out assault on the aliens’ headquarters.",2.1335,6.323,869,9964
1256,Duck Soup (1933),11/12/1933,Rufus T. Firefly is named president/dictator of bankrupt Freedonia and declares war on neighboring Sylvania over the love of wealthy Mrs. Teasdale.,2.495,7.3,815,3063
1257,Better Off Dead... (1985),5/14/2024,"A documentary on assisted suicide, authored by actor and disability rights activist Liz Carr.",0.1508,0,0,1283315
1258,"Shining, The (1980)",12/9/2019,"In September 1st and 2nd 2018, SHINee held a fan meeting in Seoul's KSPO Dome. It was a special event where they performed with a live band, with a focus on their vocals, in front of thousands. It's not your normal concert movie, it's SHINee's special fan party.",0.1539,2.5,1,1203182
1259,Stand by Me (1986),8/8/1986,"After learning that a boy their age has been accidentally killed near their rural homes, four Oregon boys decide to go see the body. On the way, Gordie,  Vern, Chris and Teddy encounter a mean junk man and a marsh full of leeches, as they also learn more about one another and their very different home lives. Just a lark at first, the boys' adventure evolves into a defining event in their lives.",5.8327,7.851,6156,235
1260,M (1931),6/20/2025,A mother and daughter encounter a demon in a village where girls have been disappearing.,239.8459,7.2,18,1389158
1261,Evil Dead II (Dead by Dawn) (1987),3/13/1987,"Ash Williams and his girlfriend Linda find a log cabin in the woods with a voice recording from an archeologist who had recorded himself reciting ancient chants from ""The Book of the Dead."" As they play the recording an evil power is unleashed taking over Linda's body.",4.9858,7.551,3277,765
1262,"Great Escape, The (1963)",7/23/2025,"A legendary escape-variety extravaganza returns—bigger, bolder, and more unpredictable than ever! This suspense-fueled new adventure plunges you across time and space, with mind-bending twists at every turn.",1.7015,0,0,1507660
1263,"Deer Hunter, The (1978)",3/10/2018,A star of hunting videos strives to bond with his 12-year-old son on a wilderness trip but learns familial connections can't be forced.,0.9407,5.1,112,311307
1264,Diva (1981),3/27/2021,"An ageing theatre star struggles with her mental condition and pending diagnosis, while preparing for a role. With the premiere approaching, she balances between acceptance and self denial, while losing grip on reality.",0.5968,0,0,892288
1265,Groundhog Day (1993),2/11/1993,"A narcissistic TV weatherman, along with his attractive-but-distant producer, and his mawkish cameraman, is sent to report on Groundhog Day in the small town of Punxsutawney, where he finds himself repeating the same day over and over.",10.3808,7.616,8391,137
1266,Unforgiven (1992),8/7/1992,"William Munny is a retired, once-ruthless killer turned gentle widower and hog farmer. To help support his two motherless children, he accepts one last bounty-hunter mission to find the men who brutalized a prostitute. Joined by his former partner and a cocky greenhorn, he takes on a corrupt sheriff.",6.8329,7.915,4667,33
1267,"Manchurian Candidate, The (1962)",7/30/2004,"Years after his squad was ambushed during the Gulf War, Major Ben Marco finds himself having terrible nightmares. He begins to doubt that his fellow squad-mate Sergeant Raymond Shaw, now a vice-presidential candidate, is the hero he remembers him being. As Marco's doubts deepen, Shaw's political power grows, and, when Marco finds a mysterious implant embedded in his back, the memory of what really happened begins to return.",4.3232,6.479,1633,14462
1268,Pump Up the Volume (1990),8/22/1990,"Mark Hunter, a lonely high school student, uses his shortwave radio to moonlight as the popular pirate DJ ""Hard Harry."" When his show gets blamed for a teen committing suicide, the students clash with high school faculty and the authorities.",1.8482,7.1,374,8428
1269,Arsenic and Old Lace (1944),4/2/1969,"A drama critic learns on his wedding day that his beloved maiden aunts are homicidal maniacs, and that insanity runs in his family.",0.2531,7,3,565706
1270,Back to the Future (1985),7/3/1985,"Eighties teenager Marty McFly is accidentally sent back in time to 1955, inadvertently disrupting his parents' first meeting and attracting his mother's romantic interest. Marty must repair the damage to history by rekindling his parents' romance and - with the help of his eccentric inventor friend Doc Brown - return to 1985.",18.5986,8.322,20821,105
1271,Fried Green Tomatoes (1991),12/27/1991,"Amidst her own personality crisis, a southern housewife meets an outgoing old woman who tells her the story of Idgie Threadgoode and Ruth Jamison, two young women who experienced hardships and love in 1920s Whistle Stop, Alabama.",7.117,7.699,1402,1633
1272,Patton (1970),1/25/1970,"""Patton"" tells the tale of General George S. Patton, famous tank commander of World War II. The film begins with Patton's career in North Africa and progresses through the invasion of Germany and the fall of the Third Reich. Side plots also speak of Patton's numerous faults such his temper and habit towards insubordination.",3.1843,7.479,1145,11202
1273,Down by Law (1986),9/20/1986,"A disc jockey, a pimp and an Italian tourist escape from jail in New Orleans.",2.0353,7.4,789,1554
1274,Akira (1988),6/10/1988,A secret military project endangers Neo-Tokyo when it turns a biker gang member into a rampaging psychic psychopath that only two teenagers and a group of psychics can stop.,9.5637,7.9,4492,149
1275,Highlander (1986),3/7/1986,He fought his first battle on the Scottish Highlands in 1536. He will fight his greatest battle on the streets of New York City in 1986. His name is Connor MacLeod. He is immortal.,7.6543,6.876,2737,8009
1276,Cool Hand Luke (1967),11/1/1967,"When petty criminal Luke Jackson is sentenced to two years in a Florida prison farm, he doesn't play by the rules of either the sadistic warden or the yard's resident heavy, Dragline, who ends up admiring the new guy's unbreakable will. Luke's bravado, even in the face of repeated stints in the prison's dreaded solitary confinement cell, ""the box,"" make him a rebel hero to his fellow convicts and a thorn in the side of the prison officers.",5.9461,7.733,1500,903
1277,Cyrano de Bergerac (1990),11/16/1950,"France, 1640. Cyrano, the charismatic swordsman-poet with the absurd nose, hopelessly loves the beauteous Roxane; she, in turn, confesses to Cyrano her love for the handsome but tongue-tied Christian. The chivalrous Cyrano sets up with Christian an innocent deception, with tragic results.",1.9144,6.799,68,43386
1278,Young Frankenstein (1974),12/15/1974,"A young neurosurgeon inherits the castle of his grandfather, the famous Dr. Victor von Frankenstein. In the castle he finds a funny hunchback, a pretty lab assistant and the elderly housekeeper. Young Frankenstein believes that the work of his grandfather was delusional, but when he discovers the book where the mad doctor described his reanimation experiment, he suddenly changes his mind.",4.0508,7.868,3241,3034
1279,Night on Earth (1991),12/12/1991,A quintet of cabbies in five cities and their remarkable fares on the same eventful night.,2.3888,7.516,971,339
1280,Raise the Red Lantern (Da hong deng long gao gao gua) (1991),12/18/1991,"In 1920s China, 19-year-old Songlian becomes a concubine of a powerful lord and is forced to compete with his three wives for the privileges gained.",2.8846,7.928,752,10404
1281,"Great Dictator, The (1940)",10/15/1940,Dictator Adenoid Hynkel tries to expand his empire while a poor Jewish barber tries to avoid persecution from Hynkel's regime.,4.4107,8.3,3512,914
1282,Fantasia (1940),11/13/1940,"Walt Disney's timeless masterpiece is an extravaganza of sight and sound! See the music come to life, hear the pictures burst into song and experience the excitement that is Fantasia over and over again.",7.138,7.354,3177,756
1283,High Noon (1952),4/4/2009,Baltimore's top hostage negotiator embarks on a relationship with a man who could be her soulmate while racing to resolve a case that threatens her job and her life,0.6406,6,30,35059
1284,"Big Sleep, The (1946)",8/23/1946,"Private Investigator Philip Marlowe is hired by wealthy General Sternwood regarding a matter involving his youngest daughter Carmen. Before the complex case is over, Marlowe sees murder, blackmail, deception, and what might be love.",2.5556,7.6,1091,910
1285,Heathers (1989),10/1/1988,"A girl who halfheartedly tries to be part of the ""in crowd"" of her school meets a rebel who teaches her a more devious way to play social politics: by killing the popular kids.",4.4142,7.3,1787,2640
1286,Somewhere in Time (1980),12/16/2023,A captivating look at the theme of memory through a collection of found footage. Exploring moments in time and acknowledging our own failure to recall events as and when they happened.,0.1049,0,0,1215783
1287,Ben-Hur (1959),11/18/1959,"In 25 AD, Judah Ben-Hur, a Jew in ancient Judea, opposes the occupying Roman empire.  Falsely accused by a Roman childhood friend-turned-overlord of trying to kill the Roman governor, he is put into slavery and his mother and sister are taken away as prisoners.",7.143,7.887,2935,665
1288,This Is Spinal Tap (1984),3/2/1984,"""This Is Spinal Tap"" shines a light on the self-contained universe of a metal band struggling to get back on the charts, including everything from its complicated history of ups and downs, gold albums, name changes and undersold concert dates, along with the full host of requisite groupies, promoters, hangers-on and historians, sessions, release events and those special behind-the-scenes moments that keep it all real.",3.8511,7.413,1501,11031
1289,Koyaanisqatsi (a.k.a. Koyaanisqatsi: Life Out of Balance) (1983),4/27/1983,Takes us to locations all around the US and shows us the heavy toll that modern technology is having on humans and the earth. The visual tone poem contains neither dialogue nor a vocalized narration: its tone is set by the juxtaposition of images and the exceptional music by Philip Glass.,1.1546,7.867,731,11314
1290,Some Kind of Wonderful (1987),2/27/1987,"Keith Nelson, an artsy high school outcast, tries to land a date with popular girl Amanda Jones with some help from his tomboy best friend, Watts. However, Watts realizes she likes Keith as more than just a friend and tries to convince him to stop pursuing Amanda. Matters are further complicated when Keith's invitation draws the ire of Amanda's rich yet snobby ex-boyfriend, Hardy Jenns, who makes plans to get even.",3.7423,6.863,499,15143
1291,Indiana Jones and the Last Crusade (1989),5/24/1989,"In 1938, an art collector appeals to eminent archaeologist Dr. Indiana Jones to embark on a search for the Holy Grail. Indy learns that a medieval historian has vanished while searching for it, and the missing man is his own father, Dr. Henry Jones Sr.. He sets out to rescue his father by following clues in the old man's notebook, which his father had mailed to him before he went missing. Indy arrives in Venice, where he enlists the help of a beautiful academic, Dr. Elsa Schneider, along with Marcus Brody and Sallah. Together they must stop the Nazis from recovering the power of eternal life and taking over the world!",8.9475,7.8,10589,89
1292,Being There (1979),12/19/1979,"A simple-minded gardener named Chance has spent all his life in the Washington D.C. house of an old man. When the man dies, Chance is put out on the street with no knowledge of the world except what he has learned from television.",2.633,7.611,1044,10322
1293,Gandhi (1982),12/1/1982,"In the early years of the 20th century, Mohandas K. Gandhi, a British-trained lawyer, forsakes all worldly possessions to take up the cause of Indian independence. Faced with armed resistance from the British government, Gandhi adopts a policy of 'passive resistance', endeavouring to win freedom for his people without resorting to bloodshed.",3.7126,7.555,2385,783
1295,"Unbearable Lightness of Being, The (1988)",2/5/1988,"Successful surgeon Tomas leaves Prague for an operation, meets a young photographer named Tereza, and brings her back with him. Tereza is surprised to learn that Tomas is already having an affair with the bohemian Sabina, but when the Soviet invasion occurs, all three flee to Switzerland. Sabina begins an affair, Tom continues womanizing, and Tereza, disgusted, returns to Czechoslovakia. Realizing his mistake, Tomas decides to chase after her.",3.7512,6.907,478,10644
1296,"Room with a View, A (1986)",9/29/2022,"Jobless and stripped of any prospects of a normal life in Lebanon, Wael tries to kill himself on August 4th 2020, not knowing that a few moments later something big will happen… Beirut will explode.",0.0143,0,0,1028047
1297,Real Genius (1985),8/7/1985,"When teenage geniuses Mitch Taylor and Chris Knight, working on an advanced laser project, learn that the military wants to use it as a weapon, they decide to thwart the plan.",3.8344,6.673,466,14370
1298,Pink Floyd: The Wall (1982),7/14/1982,A troubled rock star descends into madness in the midst of his physical and social isolation from everyone.,4.3043,7.946,1558,12104
1299,"Killing Fields, The (1984)",11/11/2005,"Thirty years ago, Communist Cambodian leader Pol Pot set about establishing a nation of people living to serve the state. He insisted that anything private, right down to his subjects' thoughts and emotions, were immoral. When Pol Pot's plan to increase rice production failed, he declared it was due to enemies within the party. Thus began the purge of some of Pol Pot's most devoted followers and their families.",0.045,0,0,1309876
1300,My Life as a Dog (Mitt liv som hund) (1985),12/12/1985,"A boy, obsessed with comparing himself with those less fortunate, experiences a different life at the home of his aunt and uncle in 1959 Sweden.",0.999,7.249,271,8816
1301,Forbidden Planet (1956),3/23/1956,"Starship C57D travels to planet Altair 4 in search of the crew of spaceship ""Bellerophon,"" a scientific expedition that has been missing for twenty years. They find themselves unwelcome by the expedition's lone survivor and warned of destruction by an invisible force if they don't turn back immediately.",3.6571,7.248,982,830
1302,Field of Dreams (1989),4/21/1989,"Ray Kinsella is an Iowa farmer who hears a mysterious voice telling him to turn his cornfield into a baseball diamond. He does, but the voice's directions don't stop -- even after the spirits of deceased ballplayers turn up to play.",3.1024,7.113,1573,2323
1303,"Man Who Would Be King, The (1975)",4/17/2015,"August 16, 1977. All of America was stunned by the news of Elvis Presley's untimely passing. Some went so far as to believe that it couldn't be true. Somehow he had faked his death. For the executives at Sun Records that fantasy became an opportunity in the form of Orion, a mysterious masked performer with the voice of The King. First appearing in 1979, Orion recorded 11 albums and performed live to packed houses and rapturous fans around the nation. But who was the man behind the mask?  In this stranger-than-fiction true story, Jeanie Finlay exposes the incredible life of an unknown singer plucked from obscurity and thrust into the spotlight with the complicity of a manipulative music industry and a public fan base unwilling to let The King go. Resonant in its themes of identity, fate, and the double-edged nature of fame, Orion is a stylish mystery story that finally gives a name and a face to a gifted artist who had been unjustly deprived of both.",0.2032,7,22,333278
1304,Butch Cassidy and the Sundance Kid (1969),9/23/1969,"As the west rapidly becomes civilized, a pair of outlaws in 1890s Wyoming find themselves pursued by a posse and decide to flee to South America in hopes of evading the law.",6.1461,7.61,2307,642
1305,"Paris, Texas (1984)",7/16/1984,"A man wanders out of the desert not knowing who he is. His brother finds him, and helps to pull his memory back of the life he led before he walked out on his family and disappeared four years earlier.",5.6751,8.103,2034,655
1306,Until the End of the World (Bis ans Ende der Welt) (1991),9/12/1991,"In 1999, a woman's life is forever changed after she survives a car crash with two bank robbers, who enlist her help to take the money to a drop in Paris. On the way, she runs into another fugitive from the law — an American doctor on the run from the CIA. They want to confiscate his father's invention – a device which allows anyone to record their dreams and visions.",2.8915,6.758,221,10341
1307,When Harry Met Sally... (1989),7/12/1989,"Sex always gets in the way of friendships between men and women. At least, that's what Harry Burns believes. So when Harry meets Sally Albright and a deep friendship blossoms between them, Harry's determined not to let his attraction to Sally destroy it. But when a night of weakness ends in a morning of panic, can the pair avoid succumbing to Harry's fears by remaining friends and admitting they just might be the perfect match for each other?",6.9003,7.406,4280,639
1310,Hype! (1996),1/16/2014,"Ryan and Kevin and their crew from Los Angeles are hired by U.S. Interpol to be matched up against the notorious Gambler Crew from South Korea, known to the b-boy world as the best of the best. Their mission is to gather information about Tony Kai, an ""ex yakuza"" member who controls the Asian underworld in the United States. Tony Kai is in South Korea planning a worldwide monopoly on drugs, sex, and gambling. Ryan and Kevin struggle as they go deeper into the Asian underworld. Ryan falls for a beautiful Korean girl named Esther who happens to be the sister of ""Kicker"", the leader of the mafia-run Gamblers crew. Their love is put to the test as the rivalry between the two crews escalate. As reality sets in, the crew from LA is no match against the world champion Gamblers crew in the Mach 1 competition. Ryan, Kevin and the crew go into hiding where they meet an underground b-boy legend...",2.1736,5.7,3,265991
1312,Female Perversions (1996),4/25/1997,"Eve Stephens, a beautiful and sexy high-powered attorney, is up for appointment as a judge. But below her veneer of self-confidence lies a darker side, one in which she is driven by bizarre visions and sexual fantasies. After a series of events, including rescuing her sister Madelyn after her arrest for shoplifting, being rejected by her lover John during a surprise visit, and finally, meeting with the Governor regarding her judicial appointment, Eve comes unraveled. In a stunning and climactic conclusion, Eve is forced to confront her fears and, more importantly, herself.",1.5418,5,53,41801
1318,Blue Juice (1995),9/15/1995,"JC is the hero of the Cornish surfing community. Staring thirty hard in the face, he fears that the wave that has carried him through a prolonged adolescence is heading for the rocks as his girlfriend pressures him for commitment and his friends contemplate growing up.",1.6525,3.9,37,18762
1320,Alien³ (a.k.a. Alien 3) (1992),1/24/1997,"The all female crew of the transport ship Muse is on a mission in deep space. They pick up an SOS signal and discover a derelict space cruiser where all the women have died mysteriously. They take the only survivor, a young woman named Flair, and detonate the ghost ship. However, the danger is just beginning. With Flair on the Muse, the romances between the women begin to take a new turn. One by one, the crewmembers are attacked by a mysterious alien presence, desperate to find a way to reproduce with human women!",1.3471,6.154,13,272108
1321,"American Werewolf in London, An (1981)",8/21/1981,"American tourists David and Jack are savaged by an unidentified vicious animal whilst hiking on the Yorkshire Moors. Retiring to the home of a beautiful nurse to recuperate, David soon experiences disturbing changes to his mind and body.",6.8709,7.407,2541,814
1322,Amityville 1992: It's About Time (1992),7/16/1992,"A hot-shot architect returns home from his latest business trip with a surprise: an ornate old clock rescued out of a soon-to-be-demolished mansion in Amityville, New York, that brings about a seemingly unstoppable demonic force.",1.1587,4.7,128,41671
1323,Amityville 3-D (1983),11/18/1983,"To debunk the Amityville house's infamous reputation and take advantage of a rock-bottom asking price, skeptical journalist John Baxter buys the place and settles in to write his first novel.",1.5354,4.564,233,27214
1324,Amityville: Dollhouse (1996),10/2/1996,"Bill Martin has just finished construction on a picturesque new home for his family, but unknown to him, the previously barren property was once the site of the infamous Amityville murder house, which contains demonic entities with murderous sights on the family.",1.3015,4.5,107,52263
1325,Amityville: A New Generation (1993),9/29/1993,"Keyes, a successful photographer who lives at the border of Skid Row, notices a homeless man with a strange old mirror. Immediately struck by it for reasons he cannot explain, he convinces the man to sell it to him, soon behaving in increasingly erratic and unhinged ways.",3.1197,4.2,94,33519
1326,Amityville II: The Possession (1982),9/24/1982,"Anthony and Dolores Montelli, along with their four children, move into their dream house in Amityville and are immediately plagued by a string of paranormal experiences. When the abusive Anthony wrongly places the blame on their children, Dolores recruits a local Catholic priest to exorcise the house.",4.6403,5.725,376,16235
1327,"Amityville Horror, The (1979)",4/14/2005,"George Lutz, his wife Kathy, and their three children have just moved into a beautiful, and improbably cheap, Dutch colonial mansion nestled in the sleepy coastal town of Amityville, Long Island. However, their dream home is concealing a horrific past and soon each member of the Lutz family is plagued with increasingly strange and violent visions and impulses.",6.6293,6.136,2246,10065
1328,"Amityville Curse, The (1990)",5/28/2023,"A group of friends purchase an infamous home with the intention of flipping it, only to discover a deadly paranormal presence emanating from within the house.",0.9587,4.577,13,1024597
1329,Blood for Dracula (Andy Warhol's Dracula) (1974),8/13/1974,"Deathly ill Count Dracula and his slimy underling, Anton, travel to Italy in search of a virgin's blood. They're welcomed at the crumbling estate of indebted Marchese Di Fiore, who's desperate to marry off his daughters to rich suitors. But there, instead of pure women, the count encounters incestuous lesbians with vile blood and Marxist manservant Mario, who's suspicious of the aristocratic Dracula.",2.5626,5.7,166,25944
1330,April Fool's Day (1986),3/29/1997,"Comedy drama about warring neighbours Malcolm and Martin who spend April Fool's Day trying to catch each other out with ever more fiendish tricks, watched wearily by their long-suffering wives.",0.0709,2,1,527550
1331,Audrey Rose (1977),4/6/1977,"A man is convinced that a young girl is the reincarnation of his own daughter Audrey Rose, who died in a fiery car accident, along with his wife, two minutes before the girl was born.",1.2984,5.619,139,49126
1332,"Believers, The (1987)",11/14/2020,,0.3511,7,1,763342
1333,"Birds, The (1963)",10/21/2022,"Migrant families experience violence, but they also keep beautiful memories when they arrive in new lands. Fantastic and intimate stories, recalled from childhood, travel across time and space, magically intermingling with the help of the four elements and breaking the boundaries of cinema.",0.1379,0,0,1036117
1334,"Blob, The (1958)",11/13/1981,Little Vendulka receives a birthday gift of a seemingly innocuous children's book. Little she knows that the book is actually a portal into the surreal world of nursery rhymes and Josef Lada's paintings.,1.5456,5,1,137762
1335,Blood Beach (1981),9/1/1980,"Something or someone is attacking people one by one on the beach. Some of them are mutilated, but most of them are sucked into the sand, disappearing without a trace. What is the creature responsible? Where does it live, and where did it come from? And is there any chance of it reproducing? Meanwhile, David Huffman and Mariana Hill are once-almost-married old friends, reunited over the death of her mother on the beach, and searching for clues in the abandoned buildings where they used to play when they were young.",2.3015,4.861,79,37843
1336,Body Parts (1991),8/2/1991,"A criminal psychologist loses his arm in a car crash, and becomes one of three patients to have their missing limbs replaced by those belonging to an executed serial killer. One of them dies violently, and disturbing occurrences start happening to the surviving two.",0.4535,5.754,120,32146
1337,"Body Snatcher, The (1945)",9/26/1957,"A detective and his cowboy friend team up to stop a mad scientist who is stealing the bodies of murdered wrestlers, and bringing them back to life while electronically replacing their minds with those of animals to make them stronger and live longer.  Posing as a successful masked wrestler, the cowboy quickly attracts the attention of the scientist and his henchmen as their next experimental subject...",1.5166,5.5,11,194166
1339,Dracula (Bram Stoker's Dracula) (1992),7/30/2025,"The story of 15th century Prince Vladimir who curses God following the death of his beloved wife and is turned into a vampire. Later, in 19th century London, he discovers his wife’s doppelgänger and dooms himself by pursuing her.",25.4822,6.3,48,1246049
1340,"Bride of Frankenstein, The (Bride of Frankenstein) (1935)",4/26/2020,Frankenstein tries to create a living companion for him from the bodies of the women he killed.,0.0413,0,0,726333
1341,Burnt Offerings (1976),10/18/1976,"A couple and their twelve-year-old son move into a giant house for the summer where things aren’t quite what they seem. Every time someone gets hurt on the grounds, the beat-up house seems to repair itself…",0.8016,6.5,250,13549
1342,Candyman (1992),10/16/1992,"The Candyman, a murderous soul with a hook for a hand, is accidentally summoned to reality by a skeptic grad student researching the monster's myth.",3.2858,6.6,1684,9529
1343,Cape Fear (1991),11/13/1991,"Sam Bowden is a small-town corporate attorney. Max Cady is a tattooed, cigar-smoking, Bible-quoting, psychotic rapist. What do they have in common? 14 years ago, Sam was a public defender assigned to Max Cady's rape trial, and he made a serious error: he hid a document from his illiterate client that could have gotten him acquitted. Now, the cagey Cady has been released, and he intends to teach Sam Bowden and his family a thing or two about loss.",5.848,7.254,3615,1598
1344,Cape Fear (1962),11/13/1991,"Sam Bowden is a small-town corporate attorney. Max Cady is a tattooed, cigar-smoking, Bible-quoting, psychotic rapist. What do they have in common? 14 years ago, Sam was a public defender assigned to Max Cady's rape trial, and he made a serious error: he hid a document from his illiterate client that could have gotten him acquitted. Now, the cagey Cady has been released, and he intends to teach Sam Bowden and his family a thing or two about loss.",5.848,7.254,3615,1598
1345,Carrie (1976),11/3/1976,"Withdrawn and sensitive teen Carrie White faces taunting from classmates at school and abuse from her fanatically pious mother. When strange occurrences start happening around Carrie, she begins to suspect that she has supernatural powers.",8.5303,7.319,4046,7340
1346,Cat People (1982),4/2/1982,"After years of separation, Irena Gallier and her minister brother, Paul, reunite in New Orleans. When zoologists capture a wild panther, Irena is drawn to the cat – and zoo curator Oliver to her. Soon, Paul will have to reveal the family secret: that when sexually aroused, they revert into predatory jungle cats.",1.7698,6.038,533,6217
1347,"Nightmare on Elm Street, A (1984)",11/9/1984,"Teenagers in a small town are dropping like flies, apparently in the grip of mass hysteria causing their suicides. A cop's daughter, Nancy Thompson, traces the cause to child molester Fred Krueger, who was burned alive by angry parents many years before. Krueger has now come back in the dreams of his killers' children, claiming their lives as his revenge. Nancy and her boyfriend, Glen, must devise a plan to lure the monster out of the realm of nightmares and into the real world...",9.2373,7.341,5409,377
1348,"Nosferatu (Nosferatu, eine Symphonie des Grauens) (1922)",12/25/2024,"A gothic tale of obsession between a haunted young woman and the terrifying vampire infatuated with her, causing untold horror in its wake.",18.7513,6.71,3016,426063
1349,Vampire in Venice (Nosferatu a Venezia) (Nosferatu in Venice) (1986),9/10/1988,"Professor Paris Catalano visits Venice, to investigate the last known appearance of the famous vampire Nosferatu during the carnival of 1786.",0.9073,6,61,28198
1350,"Omen, The (1976)",4/3/2024,"When a young American woman is sent to Rome to begin a life of service to the church, she encounters a darkness that causes her to question her own faith and uncovers a terrifying conspiracy that hopes to bring about the birth of evil incarnate.",7.8446,6.9,1142,437342
1351,Blood and Wine (Blood & Wine) (1996),10/3/1996,"A man who has failed as a father and husband commits a heist to make money for his fledging business, but things become complicated when his wife interferes.",0.8801,5.721,172,31640
1352,Albino Alligator (1996),1/17/1997,"While escaping from a foiled robbery attempt, three thieves find themselves surrounded by police at a New Orleans bar--only they're not the people the police are searching for.",1.0989,5.724,156,8744
1353,"Mirror Has Two Faces, The (1996)",10/15/1958,"A teacher runs an ad in the newspaper to find a wife. Afraid of beautiful ladies, he weds an ugly woman. After a car accident, he meets a doctor who offers to reveal his wife's beauty.",0.2559,6.4,22,86260
1354,Breaking the Waves (1996),7/5/1996,"In a small, conservative Scottish village, an oilman is paralyzed in an accident. His wife, who prayed for his return, feels guilty; even more, when he urges her to have sex with another.",3.6914,7.498,1050,145
1355,Nightwatch (1997),1/31/1997,A law student takes a job as a night watchman at a morgue and begins to discover clues that implicate him as the suspect in a series of murders.,1.7407,6.037,406,2212
1356,Star Trek: First Contact (1996),11/22/1996,"The Borg, a relentless race of cyborgs, are on a direct course for Earth. Violating orders to stay away from the battle, Captain Picard and the crew of the newly-commissioned USS Enterprise E pursue the Borg back in time to prevent the invaders from changing Federation history and assimilating the galaxy.",7.2304,7.29,1851,199
1357,Shine (1996),8/15/1996,"Pianist David Helfgott, driven by his father and teachers, has a breakdown. Years later he returns to the piano, to popular if not critical acclaim.",1.974,7.372,676,7863
1358,Sling Blade (1996),8/30/1996,"Karl Childers, a mentally disabled man, has been in the custody of the state mental hospital since the age of 12 for killing his mother and her lover. Although thoroughly institutionalized, he is deemed fit to be released into the outside world.",2.385,7.543,820,12498
1359,Jingle All the Way (1996),12/2/2014,Larry's daughter wants only one thing for Christmas - a talking bear. His daughter's step-dad intends to make sure that Larry can't get one.,2.0476,5.2,121,289728
1361,Paradise Lost: The Child Murders at Robin Hood Hills (1996),12/3/1996,A horrific triple child murder leads to an indictment and trial of three nonconformist boys based on questionable evidence.,4.7133,7.599,187,17204
1363,"Preacher's Wife, The (1996)",6/29/2023,"In a new town with a new baby and a husband who has to work all the time, a young mom gets involved with the highly popular local church. The preacher’s wife welcomes her with open arms and she enrolls her baby in the church’s daycare which is run by the preacher’s wife. Slowly but surely, it seems as though the preacher’s wife is taking over as the baby’s main caregiver and framing the new mom as an unfit mom.",0.2611,6.5,4,997618
1365,Ridicule (1996),5/9/1996,"To get royal backing on a needed drainage project, a poor French lord must learn to play the delicate games of wit at court at Versailles.",0.7595,7,212,12709
1366,"Crucible, The (1996)",8/4/1923,"A woman, named simply ""Elle"" and her husband, a wealthy industrialist, are not on the best of terms. While she enjoys the way he caters to her every whim, she wonders whether he really loves her. He, on the other hand, torments himself by imagining rivals. One morning she awakens from a nightmare in which she has been pursued by a man in various guises, who turns out to be the famous Detective Z, whose memoirs she has been reading. When she and her husband quarrel over leaving Paris permanently for a country estate, he goes to the ""Trouve Tout"" Agency and hires, of all people, Detective Z, to win back her affection.",1.2729,6.7,14,186166
1367,101 Dalmatians (1996),11/27/1996,"An evil, high-fashion designer plots to steal Dalmatian puppies in order to make an extravagant fur coat, but instead creates an extravagant mess.",7.0275,5.932,3484,11674
1370,Die Hard 2 (1990),7/3/1990,"One year after his heroics in Los Angeles, John McClane is an off-duty cop who is the wrong guy in the wrong place at the wrong time. On a snowy Christmas Eve, as he waits for his wife's plane to land at Washington Dulles International Airport, terrorists take over the air traffic control system in a plot to free a South American army general and drug smuggler being flown into the US to face drug charges. It's now up to McClane to take on the terrorists, while coping with an inept airport police chief, an uncooperative anti-terrorist squad, and the life of his wife and everyone else trapped in planes circling overhead.",8.9745,6.957,6074,1573
1371,Star Trek: The Motion Picture (1979),12/7/1979,"When an unidentified alien destroys three powerful Klingon cruisers, Captain James T. Kirk returns to the newly transformed U.S.S. Enterprise to take command.",5.2287,6.471,1813,152
1372,Star Trek VI: The Undiscovered Country (1991),12/6/1991,"After years of war, the Federation and the Klingon empire find themselves on the brink of a peace summit when a Klingon ship is nearly destroyed by an apparent attack from the Enterprise. Both worlds brace for what may be their deadliest encounter.",4.6474,7,1330,174
1373,Star Trek V: The Final Frontier (1989),6/9/1989,A renegade Vulcan with a startling secret hijacks the U.S.S. Enterprise in order to find a mythical planet.,4.3374,5.7,1229,172
1374,Star Trek II: The Wrath of Khan (1982),6/4/1982,"The starship Enterprise and its crew is pulled back into action when old nemesis, Khan, steals a top secret device called Project Genesis.",1.7504,7.447,2007,154
1375,Star Trek III: The Search for Spock (1984),6/1/1984,A surprise visit from Spock's father provides a startling revelation: McCoy is harboring Spock's living essence.,1.7152,6.58,1429,157
1376,Star Trek IV: The Voyage Home (1986),11/26/1986,"When a huge alien probe enters the galaxy and begins to vaporize Earth's oceans, Kirk and his crew must travel back in time in order to bring back whales and save the planet.",3.6067,7.2,1559,168
1377,Batman Returns (1992),6/19/1992,"The monstrous Penguin, who dwells in the sewers beneath Gotham, joins up with corrupt mayoral candidate Max Shreck to topple the Batman once and for all. But when Shreck's timid assistant Selina Kyle finds out, and Shreck tries to kill her, she's transformed into the sexy Catwoman. She teams up with the Penguin and Shreck to destroy Batman, but sparks fly unexpectedly when she confronts the caped crusader.",12.4653,6.94,6773,364
1378,Young Guns (1988),2/17/1988,"A group of young gunmen, led by Billy the Kid, become deputies to avenge the murder of the rancher who became their benefactor. But when Billy takes their authority too far, they become the hunted.",4.2395,6.7,970,11967
1379,Young Guns II (1990),8/1/1990,"Three of the original five ""young guns"" — Billy the Kid, Jose Chavez y Chavez, and Doc Scurlock — return in Young Guns, Part 2, which is the story of Billy the Kid and his race to safety in Old Mexico while being trailed by a group of government agents led by Pat Garrett.",2.9147,6.507,560,9086
1380,Grease (1978),6/16/1978,"Australian good girl Sandy and greaser Danny fell in love over the summer. But when they unexpectedly discover they're now in the same high school, will they be able to rekindle their romance despite their eccentric friends?",11.9752,7.375,7453,621
1381,Grease 2 (1982),6/11/1982,"It's 1961, two years after the original Grease gang graduated, and there's a new crop of seniors and new members of the coolest cliques on campus, the Pink Ladies and T-Birds. Michael Carrington is the new kid in school - but he's been branded a brainiac. Can he fix up an old motorcycle, don a leather jacket, avoid a rumble with the leader of the T-Birds, and win the heart of Pink Lady Stephanie?",5.6717,5.198,703,9037
1382,Marked for Death (1990),10/5/1990,"Just retired from the Drug Enforcement Agency, John Hatcher returns to his hometown and quickly discovers that drugs have infiltrated his old neighborhood. Determined to drive the dealers out, Hatcher crosses paths with a ferocious Jamaican drug lord who vows that Hatcher and his family are now marked for death.",9.0764,6.097,558,10173
1385,Under Siege (1992),10/8/1992,"A disgruntled ex-CIA operative, his assistant and their assembled group of terrorists seize a battleship with nuclear blackmail in mind. They've planned for every contingency but ignore the ship's cook, former Navy SEAL Casey Ryback—an error that could be fatal.",3.8907,6.3,1610,8845
1387,Jaws (1975),6/20/1975,"When the seaside community of Amity finds itself under attack by a dangerous great white shark, the town's chief of police, a young marine biologist, and a grizzled hunter embark on a desperate quest to destroy the beast before it strikes again.",28.592,7.676,10964,578
1388,Jaws 2 (1978),6/16/1978,Police chief Brody must protect the citizens of Amity after a second monstrous shark begins terrorizing the waters.,5.2129,6,2013,579
1389,Jaws 3-D (1983),7/22/1983,A giant thirty-five-foot shark becomes trapped in a SeaWorld theme park and it's up to the sons of police chief Brody to rescue everyone.,2.933,4.5,1342,17692
1390,My Fellow Americans (1996),12/20/1996,"They used to run the country. Now they're running for their lives! Two on-the-lam former Presidents of the United States. Framed in a scandal by the current President and pursued by armed agents, the two squabbling political foes plunge into a desperately frantic search for the evidence that will establish their innocence.",1.539,6,162,17795
1391,Mars Attacks! (1996),12/13/1996,"A fleet of Martian spacecraft surrounds the world's major cities and all of humanity waits to see if the extraterrestrial visitors have, as they claim, ""come in peace."" U.S. President James Dale receives assurance from science professor Donald Kessler that the Martians' mission is a friendly one. But when a peaceful exchange ends in the total annihilation of the U.S. Congress, military men call for a full-scale nuclear retaliation.",8.5051,6.415,5636,75
1392,Citizen Ruth (1996),11/21/1996,"""Citizen Ruth"" is the story of Ruth Stoops, a woman who nobody even noticed -- until she got pregnant. Now, everyone wants a piece of her. The film is a comedy about one woman caught in the ultimate tug-of-war: a clash of wild, noisy, ridiculous people that rapidly dissolves into a media circus.",2.127,6.612,139,13891
1393,Jerry Maguire (1996),12/13/1996,"Jerry Maguire used to be a typical sports agent: willing to do just about anything he could to get the biggest possible contracts for his clients, plus a nice commission for himself. Then, one day, he suddenly has second thoughts about what he's really doing. When he voices these doubts, he ends up losing his job and all of his clients, save Rod Tidwell, an egomaniacal football player.",10.5311,6.969,3474,9390
1394,Raising Arizona (1987),3/13/1987,"When a childless couple--an ex-con and an ex-cop--decide to help themselves to one of another family's quintuplets, their lives become more complicated than they anticipated.",7.5054,7.061,2201,378
1395,Tin Men (1987),3/6/1987,A minor car accident drives two rival aluminum-siding salesmen to the ridiculous extremes of man versus man in 1963 Baltimore.,2.011,6.4,130,10896
1396,Sneakers (1992),9/9/1992,"When shadowy U.S. intelligence agents blackmail a reformed computer hacker and his eccentric team of security experts into stealing a code-breaking 'black box' from a Soviet-funded genius, they uncover a bigger conspiracy. Now, he and his 'sneakers' must save themselves and the world economy by retrieving the box from their blackmailers.",8.1045,6.905,972,2322
1397,Bastard Out of Carolina (1996),12/15/1996,"A poor, struggling South Carolinian mother and daughter face painful choices with their resolve and pride. Bone, the eldest daughter, and Anney her tired mother, grow both closer and farther apart: Anney sees Glen as her last chance.",0.8354,7.1,79,41240
1398,In Love and War (1996),11/18/2001,"After being released from an Italian prison, British officer Eric Newby (Blue) must find his way out of Italy before the Germans come. However, he is injured on the way and is left behind from his fellow soldiers. He is helped out by the local Italians, and he meets Wanda (Bobulova), a beautiful local girl who helps him learn Italian so he can escape. Slowly, their small friendship turns into a romance, but with the Germans looking for Eric, they are kept apart, not knowing what will happen.",1.1472,6.8,4,213510
1399,Marvin's Room (1996),12/18/1996,A leukemia patient attempts to end a 20-year feud with her sister to get her bone marrow.,1.5105,6.718,612,9819
1401,Ghosts of Mississippi (1996),12/20/1996,A Mississippi district attorney and the widow of Medgar Evers struggle to bring a white supremacist to justice for the 1963 murder of the civil rights leader.,2.5637,6.6,150,31908
1405,Beavis and Butt-Head Do America (1996),12/20/1996,"Slacker duo Beavis and Butt-Head wake to discover their TV has been stolen. Their search for a new one takes them on a clueless adventure across America, during which they manage to accidentally become America's most wanted.",1.8051,6.639,731,3179
1406,La Cérémonie (1995),8/30/1995,"Sophie, a quiet and shy maid working for an upper-class French family, finds a friend in the energetic and uncompromising postmaster Jeanne, who encourages her to stand up against her bourgeois employers.",1.0193,7.269,368,1802
1407,Scream (1996),1/12/2022,"Twenty-five years after a streak of brutal murders shocked the quiet town of Woodsboro, a new killer has donned the Ghostface mask and begins targeting a group of teenagers to resurrect secrets from the town’s deadly past.",11.9131,6.686,3554,646385
1408,"Last of the Mohicans, The (1992)",7/31/1987,An animated version of James Fenimore Cooper's classic wilderness adventure during the French and Indian War in colonial America. Hawkeye is in his prime as the famous scout who rescues the daughters of the Commander of a frontier fort. Produced by Burbank Films Australia.,0.6242,6,1,219194
1409,Michael (1996),9/14/2011,"Although to the outside world he seems like the a perfectly normal insurance broker, Michael secretly keeps a 10-year-old boy, Wolfgang locked in a room in his soundproof basement.",1.5767,6.9,136,78604
1411,Hamlet (1996),5/2/2020,,0.5195,0,0,1108022
1412,Some Mother's Son (1996),9/13/1996,"Based on the true story of the 1981 hunger strike in a British prison, in which IRA prisoner Bobby Sands led a protest against the treatment of IRA prisoners as criminals rather than as prisoners of war. The film focuses on the mothers of two of the strikers, and their struggle to save the lives of their sons.",1.3157,6.7,37,58102
1413,"Whole Wide World, The (1996)",9/8/1996,"In 1930s Texas, pulp fiction master Robert E. Howard is introduced to Novalyne Price, a teacher with aspirations of becoming an author herself, and they begin a unique relationship filled with conversation and imagination. Although the possibility exists for romance, Howard's obsession with his work and dedication to his sick mother leads Price to look elsewhere for love, leaving Howard feeling betrayed and alone.",0.9866,6.6,50,18451
1414,Mother (1996),6/17/2024,"A short revenge story, while the sun goes down.",0.0885,0,0,1306289
1415,"Thieves (Voleurs, Les) (1996)",2/11/1977,"Martin and Sally Cramer grew up on the hardscrabble Lower East Side, where Sally still teaches; meanwhile, Martin's the head of a fancy private school. Romantic dalliances with others convince them that they're meant to be together despite their differences, a decision that's cemented, oddly enough, by an over-the-top argument that draws the police.",1.4669,3.7,3,186416
1416,Evita (1996),12/14/1996,"The hit musical based on the life of Evita Duarte, an Argentinian actress who eventually became the wife of Argentinian president Juan Perón, and the most beloved and hated woman in Argentina.",2.8105,6.1,488,8818
1417,"Portrait of a Lady, The (1996)",1/1/1997,A documentary about the making of Jane Campion's 'The Portrait of a Lady'.,0.1537,7.5,2,481274
1419,Walkabout (1971),7/1/1971,"Under the pretense of having a picnic, a geologist takes his teenage daughter and 6-year-old son into the Australian outback and attempts to shoot them. When he fails, he turns the gun on himself, and the two city-bred children must contend with harsh wilderness alone. They are saved by a chance encounter with an Aboriginal boy who shows them how to survive, and in the process underscores the disharmony between nature and modern life.",1.1268,7.3,417,36040
1422,Murder at 1600 (1997),4/18/1997,"A secretary is found dead in a White House bathroom during an international crisis, and Detective Harlan Regis is in charge of the investigation. Despite resistance from the Secret Service, Regis partners with agent Nina Chance. As political tensions rise, they learn that the crime could be part of an elaborate cover-up. Framed as traitors, the pair, plus Regis' partner, break into the White House in order to expose the true culprit.",3.6247,6.07,555,9415
1423,Hearts and Minds (1996),12/20/1974,"Many times during his presidency, Lyndon B. Johnson said that ultimate victory in the Vietnam War depended upon the U.S. military winning the ""hearts and minds"" of the Vietnamese people. Filmmaker Peter Davis uses Johnson's phrase in an ironic context in this anti-war documentary, filmed and released while the Vietnam War was still under way, juxtaposing interviews with military figures like U.S. Army Chief of Staff William C. Westmoreland with shocking scenes of violence and brutality.",1.5506,7.7,90,42449
1425,Fierce Creatures (1997),1/23/1997,"Ex-policeman Rollo Lee is sent to run Marwood Zoo, the newly acquired business of a New Zealand tycoon. In order to meet high profit targets and keep the zoo open, Rollo enforces a new 'fierce creatures' policy, whereby only the most impressive and dangerous animals are allowed to remain in the zoo. However, the keepers are less enthusiastic about complying with these demands.",3.7665,6.2,365,12145
1426,Zeus and Roxanne (1997),1/24/1997,"Mary Beth is a marine biologist that gets annoyed when a dog called Zeus stows aboard her research boat. Nevertheless she is intrigued when the intrusive canine makes best-friends with her captive dolphin, Roxanne. She falls in love with Zeus's owner, Terry, a musician who rides a bike.",0.7384,5.2,82,42424
1427,Turbulence (1997),1/9/1997,"On a flight transporting dangerous convicts, murderer Ryan Weaver manages to break free and cause complete chaos throughout the plane. As various people on board fall victim to Weaver, it is ultimately down to flight attendant Teri Halloran to keep the aircraft from crashing, with on-ground support from an air traffic controller. While Halloran struggles to pilot the plane, Weaver continues to terrorize the surviving members of the crew.",1.1929,5.343,261,34314
1428,Angel Baby (1995),10/26/1995,Two schizophrenics meet during therapy and fall in love. Unfortunately they are on a road to nowhere...,0.4773,6.6,20,2892
1429,First Strike (Police Story 4: First Strike) (Ging chaat goo si 4: Ji gaan daan yam mo) (1996),5/10/1985,A U.S. Navy submarine captain tries to prevent the Soviets from trying to launch World War III.,0.4122,5,1,396869
1430,Underworld (1996),9/19/2003,"Vampires and werewolves have waged a nocturnal war against each other for centuries. But all bets are off when a female vampire warrior named Selene, who's famous for her strength and werewolf-hunting prowess, becomes smitten with a peace-loving male werewolf, Michael, who wants to end the war.",6.6597,6.838,6353,277
1431,Beverly Hills Ninja (1997),1/17/1997,"Haru, an orphaned American who washes ashore in Japan and is mistaken for the great White Ninja of legend. Raised among the finest Ninjas, Haru grows strong and big - very big. With the grace of all Three Stooges rolled into one body, Haru is an embarrassment to his clan. But when a beautiful blonde pleads for his help, Haru is given one dangerous, disastrously funny chance to prove himself.",2.6836,5.657,795,9622
1432,Metro (1997),1/16/1997,"Roper, a hostage negotiator catches a murderous bank robber after a blown heist. The bank robber escapes and immediately goes after the man who put him behind bars.",1.639,5.712,579,8860
1437,"Cement Garden, The (1993)",2/20/1993,"After the death of her husband, the mother of Julie, Jack, Sue and Tom begins to suffer from a mysterious illness. Aware that she is going to have to go into hospital she opens a bank account for the children, so that they can be financially self-sufficient and will be able to avoid being taken into care by the authorities. Unfortunately she also dies and Julie and Jack (the older, teenage children) decide to hide her body in the basement so that they can have free reign of their household. Soon Tom has taken to dressing as a girl whilst Sue has become increasingly reticent, confiding only to her diary, meanwhile Jack and Julie sense an attraction developing for each other. However Julie's new beau, Derek, threatens to unearth the many dark secrets within this family as he becomes increasingly suspicious of Jack.",0.9194,6.769,104,14832
1438,Dante's Peak (1997),2/7/1997,"Volcanologist Harry Dalton comes to the sleepy town of Dante's Peak to investigate the recent rumblings of the dormant volcano the burg is named for. Before long, his worst fears are realized when a massive eruption hits, and immediately, Harry, the mayor and the townspeople find themselves fighting for their lives amid a catastrophic nightmare.",5.2413,6.2,1942,9619
1439,Meet Wally Sparks (1997),1/31/1997,Wally Sparks is a tabloid TV show reporter who's trying to boost ratings on his show. He goes to the governor's mansion to uncover a sex scandal.,1.7904,4.706,51,40506
1440,Amos & Andrew (1993),3/5/1993,"When Andrew Sterling, a successful black urbanite writer, buys a vacation home on a resort in New England the police mistake him for a burglar. After surrounding his home with armed men, Chief Tolliver realizes his mistake and to avoid the bad publicity offers a thief in his jail, Amos Odell a deal.",1.516,5.416,163,31000
1441,Benny & Joon (1993),4/16/1993,A mentally ill young woman finds her love in an eccentric man who models himself after Buster Keaton.,2.0004,7,791,4104
1442,Prefontaine (1997),1/24/1997,"It's the true-life story of legendary track star Steve Prefontaine, the exciting and sometimes controversial ""James Dean of Track,"" whose spirit captured the heart of the nation! Cocky, charismatic, and tough, ""Pre"" was a running rebel who defied rules, pushed limits ... and smashed records ...",2.2535,6.567,82,26306
1445,McHale's Navy (1997),6/25/1964,The crew of PT-73 get into trouble when they back the wrong horse in a race. Now they have to come up with a way to raise the money to pay off the winners.,0.3566,4.6,14,54295
1446,Kolya (Kolja) (1996),5/15/1996,"After a fictitious marriage with a Russian emigrant, Cellisten Louka, a Czech man, must suddenly take responsibility for her son. However, it’s not long before the communication barrier is broken between the two new family members.",1.6282,7.339,192,784
1447,Gridlock'd (1997),1/29/1997,"After a friend overdoses, Spoon and Stretch decide to kick their drug habits and attempt to enroll in a government detox program. Their efforts are hampered by seemingly endless red tape, as they are shuffled from one office to another while being chased by drug dealers and the police.",2.2067,6.664,223,12489
1449,Waiting for Guffman (1996),8/21/1996,Aspiring director Corky St. Clair and the marginally talented amateur cast of his hokey small-town musical production go overboard when they learn that Broadway theater agent Mort Guffman will be in attendance.,1.8733,7,255,16448
1453,"Beautician and the Beast, The (1997)",2/7/1997,A New York City beautician is mistakenly hired as the school teacher for the children of the president of a small Eastern European country.,1.205,6.715,356,17894
1454,SubUrbia (1997),4/13/1984,"When household tensions and a sense of worthlessness overcome Evan, he finds escape when he clings with the orphans of a throw-away society. The runaways hold on to each other like a family until a tragedy tears them apart.",2.0753,6.7,88,28054
1456,"Pest, The (1997)",11/14/2024,"In the wake of the Kangfu Pharmaceutical director's death, three men from very different backgrounds find their lives spiraling into crisis. Desperate for a way out, they join forces to steal the factory’s most prized possession—a legendary century-old wild ginseng—in a daring attempt to change their fates.",1.9325,0,0,1384408
1457,Fools Rush In (1997),2/14/1997,"After a one night stand with Alex, Isabel realizes that she is pregnant and they decide to get married. However, along with the marriage comes compromise of one's own cultural traditions.",3.6659,6.482,570,1968
1458,Touch (1997),5/12/2009,"Jonard is having trouble making ends meet. His mother is suffering from depression, and he and his sister are forced to quit school in order to take care of her. One day, Jonard meets up his friend Rodel, and Rodel introduces him to the world of massage parlors. Rodel teaches him massage, and brings him to Heavenly Touch, a syndicate-run massage parlor that mostly caters to homosexuals.",5.1623,5.931,51,179387
1459,Absolute Power (1997),2/14/1997,"A master thief coincidentally is robbing a house where a murder—in which the President of the United States is involved—occurs in front of his eyes. He is forced to run, while holding evidence that could convict the President.",1.8942,6.7,1149,66
1460,That Darn Cat (1997),12/2/1965,"A young woman suspects foul play when her cat comes home wearing a wristwatch. Convincing the FBI, though, and catching the bad guys is tougher than she imagined.",1.0173,6.6,178,20723
1461,Vegas Vacation (National Lampoon's Las Vegas Vacation) (1997),2/13/1997,"The Griswold family hits the road again for a typically ill-fated vacation, this time to the glitzy mecca of slots and showgirls—Las Vegas.",2.1864,6,677,11419
1464,Lost Highway (1997),1/15/1997,"A tormented jazz musician finds himself lost in an enigmatic story involving murder, surveillance, gangsters, doppelgängers, and an impossible transformation inside a prison cell.",4.2985,7.543,2773,638
1465,Rosewood (1997),2/21/1997,"Spurred by a white woman's lie, vigilantes destroy a black Florida town and slay inhabitants in 1923.",2.2697,6.5,108,25624
1466,Donnie Brasco (1997),2/27/1997,An FBI undercover agent infiltrates the mob and identifies more with the mafia life at the expense of his regular one.,4.8984,7.537,4628,9366
1468,Booty Call (1997),2/26/1997,"Rushon is sexually pent-up and ready to take thing things to the next level with his girlfriend, Nikki. But when he calls for a date, she asks to make it a double — bringing along her brash friend, Lysterine, whom Rushon sets up with his lewd buddy, Bunz. Things go better than expected. As the evening transitions from the restaurant to the bedroom, the two men go on a madcap search for what will surely make the night complete: condoms.",0.8049,5.252,119,21915
1473,Best Men (1997),10/17/1997,"Four tuxedo clad men show up at a penitentiary to meet a friend who has just been released after three years in prison and is going straight from the jail to marry his girlfriend. En route to the wedding, one of the men asks to stop by a bank to pick up some cash. As it turns out, he is a wanted bank robber who uses Shakespeare passages during his robberies and thus has become known as ""Hamlet"". Soon all five men are caught up in the bank and involved in the robbery as they end up in a hostage situation. The hostage negotiator shows up who turns out to be Hamlet's father.",1.0408,5.254,57,19952
1475,Kama Sutra: A Tale of Love (1996),2/28/1997,"Tara and Maya are two inseparable friends in India. Their tastes, habits, and hobbies are the same. Years later, the two have matured, but have maintained their friendship. Tara gets married to the local prince, Raj Singh, who soon succeeds the throne as the sole heir. After the marriage, Raj gets bored of Tara and starts seeking another female to satisfy his sexual needs. He notices Maya and is instantly attracted to her. He has her included as one of his courtesans, and is intimate with her. Watch what happens when Tara finds out and the extent she will go to keep her marriage intact.",1.4932,5.7,177,28005
1476,Private Parts (1997),3/7/1997,"The life and career of shock-jock superstar Howard Stern is recounted from his humble beginnings to his view from the top. Possessing a desire to be an on-air personality since childhood, Stern meanders through the radio world, always with his supportive wife, Alison, by his side. Landing a gig in Washington, D.C., Stern meets Robin Quivers, who will become his long-time partner in crime. When the two move to New York, they face the wrath of NBC executives.",0.9653,6.463,354,9403
1477,Love Jones (1997),3/14/1997,"Darius Lovehall is a young black poet in Chicago who starts dating Nina Moseley, a beautiful and talented photographer. While trying to figure out if they've got a ""love thing"" or are just ""kicking it,"" they hang out with their friends, talking about love and sex. Then Nina tests the strength of Darius' feelings and sets a chain of romantic complications into motion.",0.8512,7.4,68,27322
1479,"Saint, The (1997)",3/23/2017,"Lithuanian provincial town is facing the economic crisis in 2008. Vytas gets fired from the factory. Pushed by his wife, he immediately starts looking for a new job, but not really successfully. After having his haircut done, Vytas starts looking for a new love affair with a hairdresser Marija, but not really successfully, either. Finally, Vytas gets involved into a third search - he starts looking for a guy who posted video on youtube, claiming he saw Jesus Christ in their town. This is the only time he succeeds.",1.8175,7.4,4,445538
1480,Smilla's Sense of Snow (1997),2/28/1997,"Smilla Jaspersen attempts to understand the death of a small boy who falls from the roof of her apartment building. Suspecting wrongdoing, Smilla uncovers a trail of clues leading towards a secretive corporation that has made several mysterious expeditions to Greenland.",1.559,6.285,242,9311
1483,Crash (1996),7/17/1996,"After getting into a serious car accident, a TV director discovers an underground sub-culture of scarred, omnisexual car-crash victims, and he begins to use car accidents and the raw sexual energy they produce to try to rejuvenate his sex life with his wife.",4.8412,6.44,1236,884
1484,"Daytrippers, The (1996)",3/5/1997,"Eliza D'Amico thinks her marriage to Louis is going great until she finds a mysterious love note to her husband. Concerned, she goes to her mother for advice. Eliza, her parents, her sister Jo, and Jo's boyfriend all pile into the station wagon and go to the city to confront Louis with the letter. On the way, the five explore their relations with each other and meet many interesting people.",0.6833,6.489,95,49806
1485,Liar Liar (1997),3/21/1997,"Forced by his son's birthday wish, fast-talking attorney and habitual liar Fletcher Reede must tell the truth for the next 24 hours.",7.3418,6.703,5939,1624
1487,Selena (1997),3/21/1997,"In this biographical drama, Selena Quintanilla is born into a musical Mexican-American family in Texas. Her father, Abraham, realizes that his young daughter is talented and begins performing with her at small venues. She finds success and falls for her guitarist, Chris Perez, who draws the ire of her father. Seeking mainstream stardom, Selena begins recording an English-language album which, tragically, she would never complete.",2.8103,7.73,1258,16052
1488,"Devil's Own, The (1997)",3/13/1997,"Frankie McGuire, one of the IRA's deadliest assassins, draws an American family into the crossfire of terrorism. But when he is sent to the U.S. to buy weapons, Frankie is housed with the family of Tom O'Meara, a New York cop who knows nothing about Frankie's real identity. Their surprising friendship, and Tom's growing suspicions, forces Frankie to choose between the promise of peace or a lifetime of murder.",2.0149,6.2,1269,4477
1489,Cats Don't Dance (1997),3/26/1997,An ambitious singing and dancing cat in 1939 Hollywood overcomes several obstacles to fulfill his dream of becoming a movie star.,2.6319,7.2,192,24662
1490,B*A*P*S (1997),3/28/1997,"Two wannabe Black American princesses aim to marry rich men, who will pay for their world's first combination hair salon and soul food restaurant.",1.0404,5.26,75,18423
1493,Love and Other Catastrophes (1996),8/1/1996,A day in the life of two film school students trying to find love and another housemate.,0.8087,5.333,27,76996
1495,Turbo: A Power Rangers Movie (1997),3/27/1997,"The legendary Power Rangers must stop the evil space pirate Divatox from releasing the powerful Maligore from his volcanic imprisonment on the island of Muranthias, where only the kindly wizard Lerigot has the key to release him. The hope of victory lies in the Ranger's incredible new Turbo powers and powerful Turbo Zords.",1.9608,5.768,300,6499
1496,Anna Karenina (1997),4/4/1997,"Anna Karenina, the wife of a Russian imperial minister, creates a high-society scandal by an affair with Count Vronsky, a dashing cavalry officer in 19th-century St. Petersburg.",2.3162,6.04,150,50512
1497,Double Team (1997),4/4/1997,"A CIA agent is interned for failing to kill an international terrorist. Escaping from his island exile, he teams up with a flamboyant arms dealer and sets out to find the terrorist and rescue the agent's family. Together they're a two-man arsenal... with enough voltage to rock the free world.",2.1807,5.2,786,9405
1498,Inventing the Abbotts (1997),4/4/1997,"In the 1950s, brothers Jacey and Doug Holt, who come from the poorer side of their sleepy Midwestern town, vie for the affections of the wealthy, lovely Abbott sisters. Lady-killer Jacey alternates between Eleanor and Alice, wanting simply to break the hearts of rich young women. But sensitive Doug has a real romance with Pamela, which Jacey and the Abbott patriarch, Lloyd, both frown upon.",2.809,6.308,237,12723
1499,Anaconda (1997),4/11/1997,"A 'National Geographic' film crew is taken hostage by an insane hunter, who takes them along on his quest to capture the world's largest — and deadliest — snake.",5.6115,5.242,2590,9360
1500,Grosse Pointe Blank (1997),4/11/1997,"Hitman Martin Blank becomes a moving target after he rebuffs a fellow assassin's invitation to form a union. On the advice of his quirky assistant and neurotic psychiatrist, Martin begrudgingly heads out to Grosse Pointe, Michigan for his ten-year high school reunion, where he soon comes across the woman he jilted on prom night.",3.0296,6.9,965,9434
1502,Kissed (1996),7/6/2020,"A coroner fixes up the new body in the morgue, and adds a few touches of his own.",0.598,6.5,12,722261
1503,8 Heads in a Duffel Bag (1997),4/18/1997,"Mafia hitman Tommy Spinelli is flying to San Diego with a bag that holds eight severed heads, which he's bringing to his superiors to prove that some troublesome rival mobsters are permanently out of the picture. When his bag gets accidentally switched at the airport, Tommy must track down his duffel bag and the 8 heads it contains.",1.2744,5,169,13982
1507,Paradise Road (1997),10/21/1988,"The love story between a German prisoner of war and a British Army nurse, in an English prison camp in Rhodesia, during World War II.",0.2884,0,0,831446
1513,Romy and Michele's High School Reunion (1997),4/25/1997,"Two not-too-bright party girls reinvent themselves for their high school reunion. Armed with a borrowed Jaguar, new clothes and the story of their success as the inventors of Post-It notes, Romy and Michele descend on their alma mater, but their façade crumbles quickly.",1.7981,6.224,555,9611
1514,Temptress Moon (Feng Yue) (1996),5/9/1996,"Set in the decadent 1920s, Temptress Moon tells the very complicated story of a wealthy family living on the outskirts of Shanghai. Their youngest daughter, Ruyi, is brought up as a servant to her opium-addicted father and brother. Meanwhile, her brother-in-law Zhongliang has a successful, if illegal, career seducing and blackmailing married women in the city. When he comes to Ruyi's home the two fall in love, and trouble ensues.",2.4308,6.9,34,47694
1515,Volcano (1997),4/25/1997,"An earthquake shatters a peaceful Los Angeles morning and opens a fissure deep into the earth, causing lava to start bubbling up. As a volcano begins forming in the La Brea Tar Pits, the director of the city's emergency management service, working with a geologist, must then use every resource in the city to try and stop the volcano from consuming LA.",4.8876,5.9,1585,10357
1516,Children of the Revolution (1996),12/26/1996,"A man (Richard Roxburgh) the Australian government blames for 1990s political woes blames his mother (Judy Davis), a communist Stalin seduced in 1951.",2.2395,5.7,20,9977
1517,Austin Powers: International Man of Mystery (1997),5/2/1997,"As a swinging fashion photographer by day and a groovy British superagent by night, Austin Powers is the '60s' most shagadelic spy. But can he stop megalomaniac Dr. Evil after the bald villain freezes himself and unthaws in the '90s? With the help of sexy sidekick Vanessa Kensington, he just might.",10.1455,6.582,3576,816
1518,Breakdown (1997),5/2/1997,"On their cross-country drive, a married couple, Jeff and Amy Taylor, experience car trouble after their SUV breaks down. Stranded in the New Mexico desert, the two catch a break when a passing truck driver offers Amy a ride to a nearby café to call for help. Meanwhile, Jeff is able to fix the car and make his way to the café, but Amy isn't there. He tracks down the trucker -- who tells the police he's never seen Jeff or his wife before. Jeff then begins a desperate, frenzied search for Amy.",6.7012,6.9,1012,2163
1519,Broken English (1996),11/22/2007,"Nora Wilder is freaking out. Everyone around her is either in a relationship, married, or has children. Nora is in her thirties, alone with job she's outgrown and a mother who constantly reminds her of it all. Not to mention her best friend Audrey's ""perfect marriage"". But after a series of disastrous dates, Nora unexpectedly meets Julien, a quirky Frenchman who opens her eyes to a lot more than love.",3.0692,5.971,70,13337
1526,Fathers' Day (1997),5/9/1997,A woman cons two old boyfriends into searching for her runaway son by convincing both that they are the boy's father.,1.3415,5.458,289,12499
1527,"Fifth Element, The (1997)",5/2/1997,"In 2257, a taxi driver is unintentionally given the task of saving a young girl who is part of the key that will ensure the survival of humanity.",13.4647,7.557,11179,18
1529,Nowhere (1997),9/29/2023,"A young pregnant woman named Mia escapes from a country at war by hiding in a maritime container aboard a cargo ship. After a violent storm, Mia gives birth to the child while lost at sea, where she must fight to survive.",7.8224,7.343,1471,1151534
1533,"Promise, The (La promesse) (1996)",10/11/1987,"Elmer Jackson is a carpenter in a small Californian town in the 1930s. Struggling to bring up 4 young boys after the death of his wife, he is horrified when the Government (citing trumped-up charges of parental neglect) places the boys into various foster homes and institutions, unaware of the abuse that boys would then be subjected to. The conditions imposed by the court and the difficulties caused by the Depression make Jackson's determined and vigorous quest to find his boys extremely difficult.",1.9512,7.583,18,58473
1537,Shall We Dance? (Shall We Dansu?) (1996),10/15/2004,"A bored estate lawyer spots a beautiful woman in the window of a ballroom dance studio. He secretly starts taking dancing lessons to be near her, and then over time discovers how much he loves dancing. His wife, meanwhile, has hired a private detective to find out why he has started coming home late smelling of perfume.",2.8614,6.415,1234,4380
1541,Addicted to Love (1997),5/23/1997,"Good-natured astronomer Sam is devastated when the love of his life leaves him for a suave Frenchman. He therefore does what every other normal dumpee would do — go to New York and set up home in the abandoned building opposite his ex-girlfriend's apartment, wait until she decides to leave her current lover, and then win her back.",1.4992,6.2,424,2058
1542,Brassed Off (1996),11/1/1996,"A Yorkshire coal mine is threatened with closure and the only hope is for the men to enter their Grimley Colliery Brass Band into a national competition. They believe they have no hope until Gloria appears carrying her Flugelhorn. At first mocked for being a woman, she soon becomes the only chance for the band to win.",0.8252,7,283,9450
1544,"Lost World: Jurassic Park, The (1997)",5/23/1997,"Four years after Jurassic Park's genetically bred dinosaurs ran amok, multimillionaire John Hammond shocks chaos theorist Ian Malcolm by revealing that he has been breeding more beasties at a secret location. Malcolm, his paleontologist ladylove and a wildlife videographer join an expedition to document the lethal lizards' natural behavior in this action-packed thriller.",0.692,6.6,8809,330
1545,Ponette (1996),9/25/1996,"After losing her mother in a car accident that leaves her with a broken arm, 4-year-old Ponette struggles with anguish and fear. Left by her father with a caring aunt and her children, Ponette grieves, secretly hoping her mother will somehow come back. Confused by the religious explanations provided by adults, and challenged by the cruel taunts of a few children at school, little Ponette must make her way through her emotional turmoil.",1.7081,7.417,54,38523
1546,Schizopolis (1996),4/2/1997,A man works for the unpleasant guru of a Scientology-like movement.,1.0762,6.1,101,16375
1547,Shiloh (1997),11/30/1996,"An abused beagle runs away from his owner. On the road, he meets young Marty Preston and follows him home. The boy immediately forms a bond with the dog and names him Shiloh. His stern father won't let him keep the dog because it belongs to Judd Travers, a local hunter. After Shiloh is mistreated again, he runs away and returns to Marty. Knowing his father will once again make him bring Shiloh back to Judd, he makes a home for the dog in an old shed up the hill from the Prestons' house and hides him from his family. His secret is soon discovered when a stray attacks the dog one night and he must turn to his father for help.",1.9832,5.708,72,33660
1549,Rough Magic (1995),9/7/1995,"In the 1950s, a pretty magician's apprentice travels to Mexico to escape her boyfriend, a wealthy politician, and to find a Mayan shaman who will teach her the ancient principles of magic.",0.7688,5.525,32,45671
1550,Trial and Error (1997),5/30/1997,"An actor poses as a lawyer to help his sick friend, and problems develop.",1.0384,5.4,83,17770
1551,Buddy (1997),8/29/2003,"Kristoffer lives in Oslo with his friends Geir and Stig Inge.  He works as a billboard installer, and in his spare time he makes a video diary with Geir and Stig, containing stunts of a Jackass-nature. When Kristoffer's girlfriend, Elisabeth, leaves him, his life seems to fall to pieces. Until his videos are featured on Norway's most popular talk show and Kristoffer becomes famous.",0.2679,6.41,39,15177
1552,Con Air (1997),6/5/1997,"Newly-paroled former US Army ranger Cameron Poe is headed back to his wife, but must fly home aboard a prison transport flight dubbed ""Jailbird"" taking the “worst of the worst” prisoners, a group described as “pure predators”, to a new super-prison. Poe faces impossible odds when the transport plane is skyjacked mid-flight by the most vicious criminals in the country led by the mastermind — genius serial killer Cyrus ""The Virus"" Grissom, and backed by black militant Diamond Dog and psychopath Billy Bedlam.",7.5649,6.754,4422,1701
1554,"Pillow Book, The (1996)",9/1/1995,A woman with a body writing fetish seeks to find a combined lover and calligrapher.,1.9739,6.389,175,26422
1556,Speed 2: Cruise Control (1997),6/13/1997,"A disgruntled former employee hijacks the Seabourn Legend cruise liner. Set on a fixed course, without any means of communication and at the mercy of the hijacker, it's up to the one cop on vacation, and his soon to be fiancé (hopefully) Annie, to regain control of it before it kills the passengers and causes an environmental disaster. Insurmountable and daunting tasks awaits them on their  perilous journey throughout the ship trying to fend off the hijacker and save the passengers.",2.5692,4.609,1702,1639
1562,Batman & Robin (1997),6/20/1997,"Batman and his sidekick Robin attempt to the foil the sinister schemes of a deranged set of new villains, most notably the melancholy Mr. Freeze, who wants to make Gotham City into an arctic region, and the sultry Poison Ivy, a botanical femme fatale. As the Dynamic Duo contend with these bad guys, a third hero, Batgirl, joins the ranks of the city's crime-fighters.",9.5479,4.378,5188,415
1564,For Roseanna (Roseanna's Grave) (1997),3/6/1997,"Roseanna is dying of a heart condition, and all she wants is to be buried next to her daughter, in a cemetery that is getting full fast. The cemetery can't expand because Capestro, the man who owns the land next to the cemetery, won't sell. While Marcello is doing good deeds to make sure no one dies, Roseanna thinks of Marcello's future.",1.8399,6.6,34,65889
1565,Head Above Water (1996),11/7/1996,"Judge George brings his young wife, Nathalie, to a remote island for a vacation. But while George accompanies their only neighbor -- Nathalie's childhood friend Lance -- on a fishing trip, Nathalie spends time with her ex, Kent. When Kent ends up dead the next morning, Nathalie tries to hide the evidence before her husband gets home. After the body is found, the events of the previous night unravel, with unexpected revelations.",1.0442,6,155,11103
1566,Hercules (1997),8/12/1983,"Hercules, a semi-divine being, squares off against King Minos, who is attempting to use science to gain power and take over the world. With the help of a benevolent sorceress, Circe, Hercules tries to save his beloved Cassiopeia from being sacrificed by Minos, and struggles against laser-breathing creatures and an evil sorceress.",6.0949,4.925,114,26452
1569,My Best Friend's Wedding (1997),6/19/1997,"When she receives word that her longtime platonic pal Michael O'Neal is getting married to debutante Kimberly Wallace, food critic Julianne Potter realizes her true feelings for Michael -- and sets out to sabotage the wedding.",2.7284,6.588,2758,8874
1571,When the Cat's Away (Chacun cherche son chat) (1996),5/2/1929,"While Tom Cat goes away hunting, Mickey, Minnie, and their mouse friends break into his house and perform music. They play various tunes on the piano while the other mice hit household objects in tune to the music.",0.1087,5.946,56,190262
1572,"Contempt (Mépris, Le) (1963)",2/24/2019,Angel leaves a party she never wanted to go to in the first place.,0.0331,0,0,970630
1573,Face/Off (1997),6/27/1997,"In order to foil a terrorist plot, an FBI agent undergoes facial transplant surgery and assumes the identity of a criminal mastermind. The plan turns sour when the criminal wakes up prematurely and seeks revenge.",8.6096,7.046,5587,754
1574,Fall (1997),8/11/2022,"For best friends Becky and Hunter, life is all about conquering fears and pushing limits. But after they climb 2,000 feet to the top of a remote, abandoned radio tower, they find themselves stranded with no way down. Now Becky and Hunter’s expert climbing skills will be put to the ultimate test as they desperately fight to survive the elements, a lack of supplies, and vertigo-inducing heights",11.6321,7.133,4221,985939
1580,Men in Black (a.k.a. MIB) (1997),7/2/1997,"After a police chase with an otherworldly being, a New York City cop is recruited as an agent in a top-secret organization established to monitor and police alien activity on Earth: the Men in Black. Agent K and new recruit Agent J find themselves in the middle of a deadly plot by an intergalactic terrorist who has arrived on Earth to assassinate two ambassadors from opposing galaxies.",12.723,7.213,14247,607
1581,Out to Sea (1997),7/2/1997,"Care-free Charlie cons his widower brother-in-law Herb into an expenses-paid luxury cruise in search of rich, lonely ladies. The catch is that they are required to be dance hosts! With a tyrannical cruise director, and the luscious Liz and lovely Vivian, our heroes have lots of mis-adventures before they finally return to port.",1.625,5.697,104,18080
1582,Wild America (1997),7/2/1997,"Three brothers - Marshall, Marty and Mark dream of becoming naturalists and portraying animal life of America. One summer their dream comes true, they travel through America, filming alligators, bears and moose.",2.5936,6.081,105,38225
1583,"Simple Wish, A (1997)",7/11/1997,"Murray is a male fairy godmother, and he is trying to help 8-year-old Anabel to fulfil her ""simple wish"" - that her father Oliver, who is a cab driver, would win the leading role in a Broadway musical. Unfortunately, Murray's magic wand is broken and the fairies convention is threatened by evil witches Claudia and Boots.",2.4275,5.5,167,17834
1584,Contact (1997),7/11/1997,"A radio astronomer receives the first extraterrestrial radio signal ever picked up on Earth. As the world powers scramble to decipher the message and decide upon a course of action, she must make some difficult decisions between her beliefs, the truth, and reality.",8.4501,7.432,4695,686
1585,Love Serenade (1996),10/10/1996,"Two sisters in an Australian country town develop a fierce and competitive crush on their new neighbour, a brooding and self-centred radio personality.",1.256,6.1,27,65046
1586,G.I. Jane (1997),8/19/1997,"In response to political pressure from Senator Lillian DeHaven, the U.S. Navy begins a program that would allow for the eventual integration of women into its combat services. The program begins with a single trial candidate, Lieutenant Jordan O'Neil, who is chosen specifically for her femininity. O'Neil enters the grueling Navy SEAL training program under the command of Master Chief John James Urgayle, who unfairly pushes O'Neil until her determination wins his respect.",2.3061,6.472,1747,4421
1587,Conan the Barbarian (1982),4/2/1982,"A horde of rampaging warriors massacre the parents of young Conan and enslave the young child for years on The Wheel of Pain. As the sole survivor of the childhood massacre, Conan is released from slavery and taught the ancient arts of fighting. Transforming himself into a killing machine, Conan travels into the wilderness to seek vengeance on Thulsa Doom, the man responsible for killing his family. In the wilderness, Conan takes up with the thieves Valeria and Subotai. The group comes upon King Osric, who wants the trio of warriors to help rescue his daughter who has joined Doom in the hills.",8.9018,6.814,2613,9387
1588,George of the Jungle (1997),7/15/1997,"Deep in the African jungle, a baby named George, the sole survivor of a plane crash, is raised by gorillas. George grows up to be a buff and lovable klutz who has a rainforest full of animal friends: Tookie, his big-beaked toucan messenger; Ape, a witty talking gorilla; and Shep, a peanut-loving pooch of an elephant. But when poachers mess with George's pals, the King of Swing swings into action.",4.6787,5.639,2148,10603
1589,Cop Land (1997),8/15/1997,"Freddy Heflin is the sheriff of a place everyone calls “Cop Land” — a small and seemingly peaceful town populated by the big city police officers he’s long admired. Yet something ugly is taking place behind the town’s peaceful facade. And when Freddy uncovers a massive, deadly conspiracy among these local residents, he is forced to take action and make a dangerous choice between protecting his idols and upholding the law.",1.9988,6.791,1681,2142
1590,Event Horizon (1997),8/15/1997,"In 2047, a group of astronauts are sent to investigate and salvage the starship Event Horizon which disappeared mysteriously seven years before on its maiden voyage. However, it soon becomes evident that something sinister resides in its corridors.",8.6402,6.559,3035,8413
1591,Spawn (1997),7/31/1997,"After being murdered by corrupt colleagues in a covert government agency, Al Simmons makes a pact with the devil to be resurrected to see his beloved wife Wanda. In exchange for his return to Earth, Simmons agrees to lead Hell's Army in the destruction of mankind.",3.491,5.425,1407,10336
1592,Air Bud (1997),8/1/1997,A lonely boy befriends a stray dog who has a natural talent for basketball and together they experience the highs and lows of life as their friendship remains solid through a series of escapades.,2.9364,5.562,484,20737
1593,Picture Perfect (1997),12/26/2019,"Amanda is the assistant to a famous photographer. Her boss receives an invitation to photograph the Christmas festivities in the kingdom of Pantrea and Amanda goes posing as her. She will soon fall for Prince Leopold, despite not being a royalty.",0.7538,6.529,35,655466
1594,In the Company of Men (1997),3/28/1997,"Two business executives--one an avowed misogynist, the other recently emotionally wounded by his love interest--set out to exact revenge on the female gender by seeking out the most innocent, uncorrupted girl they can find and ruining her life.",1.1069,6.745,159,14585
1596,Career Girls (1997),6/1/1997,"A young college student in London moves into a flat and becomes best friends with a flatmate; the former moves into her own flat 4 years later but 6 years after their parting, the former returns to London to pay the latter a visit.",0.6155,6.6,80,49462
1597,Conspiracy Theory (1997),1/29/2016,A television crew heads to Nevada to search for alien life.,0.3565,2.5,6,454963
1598,Desperate Measures (1998),1/30/1998,"San Francisco police officer Frank Connor is in a frantic search for a compatible bone marrow donor for his gravely ill son. There's only one catch the potential donor is convicted multiple murderer Peter McCabe who sees a trip to the hospital as the perfect opportunity to get what he wants most: freedom. With McCabe's escape, the entire hospital becomes a battleground and Connor must pursue and, ironically, protect the deadly fugitive who is his son's only hope for survival.",1.9817,5.997,298,9458
1599,Steel (1997),10/21/1979,"Mike Catton was once a world-renowned construction foreman (at least in the construction world), but an accident left him with a serious fear of heights. Unable to climb the big skyscrapers while under construction, he retired and became a truck driver. But when an old friend needs him to help put up a building, and when the old friend gets harassed and threatened by an Evil Corporate Type, he comes out of retirement and assembles the creme de la creme of the construction world. Together, they race against time to finish the building while the Evil Corporate Type tries to stop them.",1.8259,5.5,14,121015
1600,She's So Lovely (1997),8/29/1997,"After being released from a psychiatric institution, a man tries to redeem himself in the eyes of his now-ex wife from the events that led up to his incarceration.",0.7637,5.84,122,38295
1601,Hoodlum (1997),8/27/1997,"In 1934, the second most lucrative business in New York City was running 'the numbers'. When Madam Queen—the powerful woman who runs the scam in Harlem—is arrested, Ellsworth 'Bumpy' Johnson takes over the business and must resist an invasion from a merciless mobster.",2.0794,6.413,212,22073
1602,Leave It to Beaver (1997),8/22/1997,"The Cleavers are an all-American family living in Ohio – wise father Ward, loving mother June, teenage son Wally, and 8-year-old Theodore, better known as 'Beaver'. Beaver hopes to get a bike as a gift from his father and to please him tries out for his school football team and he makes it, only to be embarrassed. The bike he gets is quickly stolen. Meanwhile, Wally is trying to help his friend Eddie Haskell to get the heart of pretty classmate Karen, but Karen seems to like Wally more, and that leads to tensions between the friends.",0.54,5.366,86,37244
1603,Mimic (1997),8/22/1997,"A disease carried by common cockroaches is killing Manhattan children. In an effort to stop the epidemic an entomologist, Susan Tyler, creates a mutant breed of insect that secretes a fluid to kill the roaches. This mutant breed was engineered to die after one generation, but three years later Susan finds out that the species has survived and evolved into a large, gruesome monster that can mimic human form.",3.6694,6.063,1165,4961
1604,Money Talks (1997),11/15/1932,"This exuberant comedy about Jewish domestic life tells the story of an old man who is to inherit a legacy if he can prove he is in need, and who thus begins to gamble spectacularly with his savings.",2.4155,4.7,3,372452
1605,Excess Baggage (1997),8/29/1997,"A rich brat fakes her own kidnapping, but in the process ends up locked in the trunk of a car that gets stolen.",2.7697,6.076,251,26180
1606,Kull the Conqueror (1997),8/29/1997,"A barbarian named Kull becomes ruler after defeating the old king in battle. In an effort to regain the throne, the former king's heirs resurrect Akivasha, a witch queen. However, Akivasha has plans of her own for the throne, and only Kull stands in the way.",2.681,5.098,148,17832
1608,Air Force One (1997),7/25/1997,"When Russian neo-nationalists hijack Air Force One, the world's most secure and extraordinary aircraft, the President is faced with a nearly impossible decision to give in to terrorist demands or sacrifice not only the country's dignity, but the lives of his wife and daughter.",4.7008,6.483,3121,9772
1609,187 (One Eight Seven) (1997),1/7/1972,"Rome, 1870. Opponents of the church power are being sent to prison. Some of the exhausted prisoners are asking for the mercy of Pope. Others, like Augusto Parenti, prefer to fight for their rights until the end. His wife, Teresa is a simple woman, who gets involved with the rebels.",0.6033,6.214,7,294087
1610,"Hunt for Red October, The (1990)",3/2/1990,"A new technologically-superior Soviet nuclear sub, the Red October, is heading for the U.S. coast under the command of Captain Marko Ramius. The American government thinks Ramius is planning to attack. Lone CIA analyst Jack Ryan has a different idea: he thinks Ramius is planning to defect, but he has only a few hours to find him and prove it - because the entire Russian naval and air commands are trying to find Ramius, too. The hunt is on!",10.1205,7.38,3434,1669
1611,My Own Private Idaho (1991),2/1/1991,"In this loose adaptation of Shakespeare's ""Henry IV,"" Mike Waters is a hustler afflicted with narcolepsy. Scott Favor is the rebellious son of a mayor. Together, the two travel from Portland, Oregon to Idaho and finally to the coast of Italy in a quest to find Mike's estranged mother. Along the way they turn tricks for money and drugs, eventually attracting the attention of a wealthy benefactor and sexual deviant.",4.5012,7.06,1172,468
1612,"Kiss Me, Guido (1997)",7/18/1997,"When he discovers his girlfriend having sex with his brother, Frankie decides to head to Manhattan, leaving his Bronx pizza shop forever for the fame and fortune of show business. But before stardom, he needs a place to stay. Looking in the personals, he notices GWM. And thinking it ""Guy with Money,"" he heads to the Village and the apartment of gay actor Warren, who's in desperate need of this month's rent.",0.4696,5,28,32519
1613,Star Maps (1997),7/23/1997,"Carlos wants to be an actor. But his father, Pepe, wants him to work in the family business, that is, male prostitution. Carlos decides that he will be one of his father's boys until he can get his foot in the door in Hollywood.",0.7647,5.3,18,108401
1614,In & Out (1997),9/10/1997,A midwestern teacher questions his sexuality after a former student makes a comment about him at the Academy Awards.,1.9526,6.473,708,10806
1615,"Edge, The (1997)",8/16/2025,Macau Police brings the tracking expert police officer out of retirement to help catch a dangerous group of professional thieves.,73.5077,7.5,20,1419406
1616,"Peacemaker, The (1997)",6/2/2018,"Although traumatized by witnessing the murder of his parents by one of the Choushuu, Ichimura Tetsunosuke's thirst for revenge leads him to desire strength. At the age of 15, Tetsunosuke approached the Shinsengumi, wanting to become one of its members. However, Tetsunosuke lacked the skill, mind, and will to emotionlessly cut down whoever threatened peace and the Shinsengumi. Even with the support of his brother Tatsunosuke and his newfound friends of the Shinsengumi, little did Tetsunosuke know the blood and pain he would have to face being part of this historical group.",4.2973,6.1,5,483456
1617,L.A. Confidential (1997),9/19/1997,Three detectives in the corrupt and brutal L.A. police force of the 1950s use differing methods to uncover a conspiracy behind the shotgun slayings of the patrons at an all-night diner.,9.1582,7.8,5211,2118
1619,Seven Years in Tibet (1997),9/12/1997,"Austrian mountaineer Heinrich Harrer journeys to the Himalayas without his family to head an expedition in 1939. But when World War II breaks out, the arrogant Harrer falls into Allied forces' hands as a prisoner of war. He escapes with a fellow detainee and makes his way to Lhasa, Tibet, where he meets the 14-year-old Dalai Lama, whose friendship ultimately transforms his outlook on life.",3.6385,7.158,2963,978
1620,Kiss the Girls (1997),9/29/1997,"Forensic psychologist and detective Alex Cross travels to North Carolina and teams with escaped kidnap victim Kate McTiernan to hunt down ""Casanova,"" a serial killer who abducts strong-willed women and forces them to submit to his demands. The trail leads to Los Angeles, where the duo discovers that the psychopath may not be working alone.",6.0661,6.521,1758,9437
1621,Soul Food (1997),9/26/1997,"Traditional Sunday dinners at Mama Joe's (Irma P. Hall) turn sour when sisters Teri (Vanessa L. Williams), Bird (Nia Long) and Maxine (Vivica A. Fox) start bringing their problems to the dinner table in this ensemble comedy. When tragedy strikes, it's up to grandson Ahmad (Brandon Hammond) to pull the family together and put the soul back into the family's weekly gatherings.",0.8938,6.3,85,29461
1623,Wishmaster (1997),9/19/1997,"The Djinn having been released from his ancient prison seeks to capture the soul of the woman who discovered him, thereby opening a portal and freeing his fellow Djinn to take over the earth.",5.1864,6.063,647,10351
1624,"Thousand Acres, A (1997)",9/19/1997,The lives of an Iowa farmer's three daughters are shattered when he suddenly decides to bequeath them the family's fertile farm.,2.057,5.8,75,66588
1625,"Game, The (1997)",10/14/2015,"Generations of movie fans have thrilled to Saw's blood-curdling story of a serial killer who traps his victims in a sadistic game of survival. Game Changer takes you behind the scenes, as cast and crew reveal the stories behind the film that launched the most successful horror franchise in movie history.",0.8715,7,5,471177
1626,Fire Down Below (1997),5/30/1957,"Tony and Felix own a tramp boat, and sail around the Caribbean doing odd jobs and drinking a lot. They agree to ferry the beautiful but passportless Irena to another island. They both fall for her, leading to betrayal and a break-up of their partnership. Tony takes a job on a cargo ship. After a collision he finds himself trapped below deck with time running out (the ship is aflame), and only Felix, whom he hates and has sworn to kill, left to save him.",1.8458,5.8,30,56188
1627,U Turn (1997),9/13/2018,"When a flyover in the city becomes the hotbed of accidents, a young reporter decides to investigate the issue. Her quest for an answer would lead her into a web of intrigue, murder and mystery.",1.4555,6.9,51,535657
1629,"MatchMaker, The (1997)",5/8/1996,"As seen in flashback, this is the story of 43-year-old Julie a beautician who when 15 was forced by her mother to give up her baby for adoption. Her son, now 28, a minister, with his wife expecting, begins to search for his biological mother to find out his family medical history. She hears of his search and reunites.",1.7388,6.3,3,224787
1631,"Assignment, The (1997)",12/13/2020,"Two FBI agents are given the assignment of taking out the most dangerous man in America, but how will they do it?",0.0071,0,0,938714
1633,Ulee's Gold (1997),6/13/1997,"Third-generation Florida beekeeper Ulee Jackson may have gotten out of Vietnam alive, but he left a part of himself behind. Now he methodically tends his bees, carefully provides for his two grandchildren and keeps his emotions at bay. But when a long-buried secret threatens Ulee's business and family, he is forced to break through his emotional walls and confront the terror of his wounded spirit.",0.585,6.527,77,55306
1635,"Ice Storm, The (1997)",9/27/1997,"In the weekend after thanksgiving 1973 the Hood family is skidding out of control. Then an ice storm hits, the worst in a century.",3.2592,6.9,695,68924
1639,Chasing Amy (1997),4/4/1997,"Holden and Banky are comic book artists. Everything is going good for them until they meet Alyssa, also a comic book artist. Holden falls for her, but his hopes are crushed when he finds out she's a lesbian.",3.4934,6.765,1455,2255
1641,"Full Monty, The (1997)",8/13/1997,"Sheffield, England. Gaz, a jobless steelworker in need of quick cash persuades his mates to bare it all in a one-night-only strip show.",1.6279,6.993,1713,9427
1642,Indian Summer (a.k.a. Alive & Kicking) (1996),4/23/1993,"A group of childhood friends, now in their thirties, reunite at Camp Tamakwa. Only a few of the original campers show up, but they still have a good time reminiscing. The people share experiences and grow while at the camp. They are dismayed to discover that the camp's owner, Unca Lou, is going to close the camp down.",1.1773,6.326,72,33506
1643,"Mrs. Brown (a.k.a. Her Majesty, Mrs. Brown) (1997)",6/27/2014,"When Moore Street market-trader Agnes Brown finds her livelihood under threat from a ruthless developer, she and her family embark on a campaign to save her stall, aided as only the Browns will be by a motley troop of blind trainee Ninjas, an alcoholic solicitor, and a barrister with Tourettes Syndrome.",0.676,5.3,69,262340
1644,I Know What You Did Last Summer (1997),7/16/2025,"When five friends inadvertently cause a deadly car accident, they cover up their involvement and make a pact to keep it a secret rather than face the consequences. A year later, their past comes back to haunt them and they're forced to confront a horrifying truth: someone knows what they did last summer…and is hell-bent on revenge.",390.121,5.864,268,1083433
1645,The Devil's Advocate (1997),10/17/1997,"Aspiring Florida defense lawyer Kevin Lomax accepts a job at a New York law firm. With the stakes getting higher every case, Kevin quickly learns that his boss has something far more evil planned.",14.4549,7.469,6371,1813
1646,RocketMan (a.k.a. Rocket Man) (1997),5/17/2019,"The story of Elton John's life, from his years as a prodigy at the Royal Academy of Music through his influential and enduring musical partnership with Bernie Taupin.",4.0928,7.318,4804,504608
1647,Playing God (1997),8/6/2021,"A brother and sister con-artist duo find themselves scamming a grieving billionaire by convincing him they can introduce him to God, face-to-face.",1.5399,6.042,60,717693
1648,"House of Yes, The (1997)",6/20/2000,"After a thirty year carreer, Yes toured in support of their then new album, The Ladder. Their performance of at the House of Blues, Las Vegas was released on video in 2000. Tracklisting: Yours Is No Disgrace Time and a Word Homeworld (The Ladder) Perpetual Change Lightning Strikes The Messenger Ritual-Nous Sommes Du Soleil And You and I It Will Be a Good Day (The River) Face to Face Awaken Your Move/I've Seen All Good People Cinema Owner of a Lonely Heart Roundabout",0.0311,7.7,3,68814
1649,"Fast, Cheap & Out of Control (1997)",10/3/1997,"Errol Morris’s Fast, Cheap & Out of Control interweaves the stories of four men, each driven to create eccentric worlds from their unique obsessions, all of which involve animals. There’s a lion tamer who shares his theories on the mental processes of wild animals; a topiary gardener who has devoted a lifetime to shaping bears and giraffes out of hedges and trees; a man fascinated with hairless mole rats; and an MIT scientist who has designed complex, autonomous robots that can crawl like bugs.",0.2285,6.744,41,25099
1650,Washington Square (1997),10/10/1997,"In 1870s New York, spinster heiress Catherine Sloper is courted by the much younger, penniless Morris Townsend, much to the chagrin of her overprotective father. Catherine must decide whether to spend the rest of her life alone, or marry a man interested in her solely for her inheritence.",1.0669,6.216,44,45019
1652,Year of the Horse (1997),10/8/1997,"A document of Neil Young and Crazy Horse's 1996 concert tour. Director Jarmusch conducts interviews about the band's long history, interspersed with backstage footage from the 1970s and 1980s.",1.1979,6.095,21,62422
1653,Gattaca (1997),9/7/1997,"Vincent is an all-too-human man who dares to defy a system obsessed with genetic perfection. He is an ""In-Valid"" who assumes the identity of a member of the genetic elite to pursue his goal of traveling into space with the Gattaca Aerospace Corporation.",8.0148,7.563,6593,782
1654,FairyTale: A True Story (1997),10/24/1997,"In 1917, two children take a photograph, which is soon believed by some to be the first scientific evidence of the existence of fairies. Based on the true story of the Cottingley Fairies.",1.2722,6.41,112,29911
1655,Phantoms (1998),1/23/1998,"In the peaceful Colorado town of Snowfield, something evil has wiped out the community. And now, it's up to a group of people to stop it, or at least get out of Snowfield alive.",1.3202,5.352,368,9827
1656,Swept from the Sea (1997),1/23/1998,"The film tells the story of Russian emigree and the only survivor from ship crash Yanko Goorall and servant Amy Foster in the end of 19th century. When Yanko enters a farm sick and hungry after the shipwreck, everyone is afraid of him, except for Amy, who is very kind and helps him. Soon he becomes like a son for Dr. James Kennedy and romance between Yanko and Amy follows.",1.0748,6.4,70,1959
1658,"Life Less Ordinary, A (1997)",10/24/1997,"A couple of angels, O'Reilly and Jackson, are sent to Earth to make sure that their next supervised love-connection succeeds. They follow Celine, a spoiled rich girl who has just accidentally shot a suitor and, due to a misunderstanding, is kidnapped by janitor Robert. Although Celine quickly frees herself, she stays with Robert for thrills. O'Reilly and Jackson pursue, hoping to unite the prospective lovers.",2.3289,6.141,470,8067
1659,Hurricane Streets (1997),1/21/1997,Marcus is a New York City street kid torn between his friends' criminal activities and a girl trying to keep him out of trouble.,1.6738,5.3,20,125052
1660,Eve's Bayou (1997),11/7/1997,"Summer heats up in rural Louisiana beside Eve’s Bayou, 1962, as the Batiste family tries to survive the secrets they’ve kept and the betrayals they’ve endured.",3.5786,6.393,145,45153
1661,Switchback (1997),10/31/1997,"After FBI agent Frank Lacrosse believes his son was kidnapped by a notorious serial killer, he travels to Amarillo, Texas, where he believes the murderer is in hiding. Although officially taken off the case because of its personal significance to him, Frank continues to pursue the killer, causing concern for local sheriff Buck Olmstead. When another victim pops up at a nearby car garage, Frank knows that he is as close as he'll ever be to tracking down the elusive killer.",2.1457,6.01,241,10871
1662,Gang Related (1997),10/8/1997,"Two corrupt cops have a successful, seemingly perfect money making scheme- they sell drugs that they seize from dealers, kill the dealers, and blame the crimes on street gangs. Their scheme is going along smoothly until they kill an undercover DEA agent posing as a dealer, and then try to cover-up their crime.",1.401,6.4,168,14398
1663,Stripes (1981),6/26/1981,"Hard-luck cabbie John Winger, directionless after being fired from his job and dumped by his girlfriend, enlists in the U.S. Army with his close pal, Russell Ziskey. After his barely satisfactory performance in basic training, the irreverent Winger emerges as the figurehead for a ragtag band of misfits. However, his hijinks threaten to cause an international scandal when he inadvertently commandeers a military assault vehicle behind enemy lines.",2.8118,6.6,950,10890
1665,Bean (1997),7/3/1997,"Childlike Englishman, Mr. Bean, is an incompetent watchman at the Royal National Gallery. After the museum's board of directors' attempt to have him fired is blocked by the chairman, who has taken a liking to Bean, they send him to Los Angeles to act as their ambassador for the unveiling of a historic painting to humiliate him. Fooled, Mr. Bean must now successfully unveil the painting or risk his and a hapless Los Angeles curator's termination.",6.0588,6.472,2484,1281
1667,Mad City (1997),11/7/1997,A misguided museum guard who loses his job and then tries to get it back at gunpoint is thrown into the fierce world of ratings-driven TV gone mad.,2.3179,6.244,352,9770
1670,Welcome to Sarajevo (1997),5/9/1997,"Follow a group of international journalists into the heart of the once cosmopolitan city of Sarajevo—now a danger zone of sniper and mortar attacks where residents still live. While reporting on an American aid worker who’s trying to get children out of the country, a British correspondent decides to take an orphaned girl home to London.",0.6126,6.4,114,14905
1671,Deceiver (1997),8/31/1997,"The gruesome death of a prostitute brings suspicion on one of her clients, James Wayland, a brilliant, self-destructive and epileptic heir to a textile fortune. So detectives Braxton and Kennesaw take Wayland in for questioning, thinking they can break the man. But despite his troubles, Wayland is a master of manipulation, and during the interrogation, he begins to turn the tables on the investigators, forcing them to reveal their own sinister sides.",0.8964,5.93,128,14583
1672,"Rainmaker, The (1997)",10/8/2004,A man who is in charge of seeding clouds to bring rain to a parched district becomes obsessed with a traditional singer.,0.2515,0,0,225595
1673,Boogie Nights (1997),10/10/1997,"Set in 1977, back when sex was safe, pleasure was a business and business was booming, idealistic porn producer Jack Horner aspires to elevate his craft to an art form. Horner discovers Eddie Adams, a hot young talent working as a busboy in a nightclub, and welcomes him into the extended family of movie-makers, misfits and hangers-on that are always around. Adams' rise from nobody to a celebrity adult entertainer is meteoric, and soon the whole world seems to know his porn alter ego, ""Dirk Diggler"". Now, when disco and drugs are in vogue, fashion is in flux and the party never seems to stop, Adams' dreams of turning sex into stardom are about to collide with cold, hard reality.",9.0713,7.634,3303,4995
1674,Witness (1985),2/8/1985,"While protecting an Amish boy – the sole witness to a brutal murder – and his mother, a detective is forced to seek refuge within their community when his own life comes under threat.",2.9009,7.098,1773,9281
1675,Incognito (1997),4/28/2009,Lucas is an up-and-coming singer ready to do anything to be on top of the French pop scene.,0.849,5.527,242,17413
1676,Starship Troopers (1997),11/7/1997,"Set in the future, the story follows a young soldier named Johnny Rico and his exploits in the Mobile Infantry. Rico's military career progresses from recruit to non-commissioned officer and finally to officer against the backdrop of an interstellar war between mankind and an arachnoid species known as ""the Bugs.""",11.3117,7.087,5165,563
1677,Critical Care (1997),10/31/1997,"Werner Ernst is a young hospital resident who becomes embroiled in a legal battle between two half-sisters who are fighting over the care of their comatose father. But are they really fighting over their father's care, or over his $10 million estate? Meanwhile, Werner must contend with his nutty supervisor, who insists that he only care for patients with full insurance. Can Werner sidestep the hospital's legal team and do what's best for the patient?",1.5538,6.4,41,61337
1678,"Joy Luck Club, The (1993)",9/8/1993,"Through a series of flashbacks, four Chinese women born in America and their respective mothers born in feudal China explore their pasts.",1.7917,7.1,151,19931
1679,Chairman of the Board (1998),3/13/1998,"Surfer Edison isn't able to make ends meet with his inventions or his lifestyle. But then he meets billionaire Armand McMillian, who takes a shine to the young bum — so much so that he leaves his invention company to him upon his death. Unfortunately, Armand's nephew, Bradford, only gets a surfboard. While Edison manages to run the company successfully, with the help of pretty Natalie, Bradford conspires to take him down.",2.4383,3.6,66,31535
1680,Sliding Doors (1998),4/23/1998,"London publicist Helen, effortlessly slides between parallel storylines that show what happens when she does or does not catch a train back to her apartment. Love. Romantic entanglements. Deception. Trust. Friendship. Comedy. All come into focus as the two stories shift back and forth, overlap and surprisingly converge.",2.8246,6.571,1364,10215
1681,Mortal Kombat: Annihilation (1997),11/11/1997,"A group of heroic warriors has only six days to save the planet in ""Mortal Kombat Annihilation."" To succeed they must survive the most spectacular series of challenges any human, or god, has ever encountered as they battle an evil warlord bent on taking control of Earth.",6.3896,4.5,1248,9823
1682,"Truman Show, The (1998)",6/4/1998,An insurance salesman begins to suspect that his whole life is actually some sort of reality TV show.,13.2382,8.148,19249,37165
1683,"Wings of the Dove, The (1997)",5/6/1981,"A 20th-century prostitute (Dominique Sanda) arranges for her lover (Michele Placido) to wed a wealthy, dying millionairess (Isabelle Huppert) in Venice.",0.3387,5.2,17,63225
1684,Mrs. Dalloway (1997),9/1/1997,"Clarissa Dalloway looks back on her youth as she readies for a gathering at her house. The wife of a legislator and a doyenne of London's upper-crust party scene, Clarissa finds that the plight of ailing war veteran Septimus Warren Smith reminds her of a past romance with Peter Walsh. In flashbacks, young Clarissa explores her possibilities with Peter.",2.1001,5.6,68,38904
1685,"I Love You, I Love You Not (1996)",8/28/1996,A school student and her European-born grandmother share sad stories of their lives.,1.1384,5.1,33,45565
1686,Red Corner (1997),10/30/1997,"An American attorney on business in China, ends up wrongfully on trial for murder and his only key to innocence is a female defense lawyer from the country.",4.1468,6.335,384,9407
1687,"Jackal, The (1997)",11/14/1997,"Hired by a powerful member of the Russian mafia to avenge an FBI sting that left his brother dead, a psychopathic hitman known only as The Jackal proves an elusive target for the people charged with the task of bringing him down: a deputy FBI director, a Russian MVK Major,  and a jailed IRA terrorist who can recognize him.",7.9355,6.384,1986,4824
1688,Anastasia (1997),7/12/1953,"Set 16 years after the execution of the Tsar and his family by the Bolsheviks. Exiles Prince Bounine and his friends come up with a scheme to con money by claiming an imposter to be Princess Anastasia who escaped the shootings. They find a poor woman who is close to suicide and both looks the part and speaks Russian. All they need to do is train her for her role, enough to convince other members of the ex-Royal household and family also in exile.",0.8111,4,1,1260416
1689,"Man Who Knew Too Little, The (1997)",11/14/1997,"An American gets a ticket for an audience participation game in London, then gets involved in a case of mistaken identity. As an international plot unravels around him, he thinks it's all part of the act.",2.1987,6.377,532,9414
1690,Alien: Resurrection (1997),11/12/1997,"Two hundred years after Lt. Ripley died, a group of scientists clone her, hoping to breed the ultimate weapon. But the new Ripley is full of surprises … as are the new aliens. Ripley must team with a band of smugglers to keep the creatures from reaching Earth.",13.555,6.159,5251,8078
1693,Amistad (1997),12/10/1997,"In 1839, the slave ship Amistad set sail from Cuba to America. During the long trip, Cinque leads the slaves in an unprecedented uprising. They are then held prisoner in Connecticut, and their release becomes the subject of heated debate. Freed slave Theodore Joadson wants Cinque and the others exonerated and recruits property lawyer Roger Baldwin to help his case. Eventually, John Quincy Adams also becomes an ally.",0.8419,7.019,1338,11831
1694,"Apostle, The (1997)",10/1/2014,"Akim, young Muslim will become imam sees his upset when he is touched by the love of Christ ... In a family chaos that opposes his brother identity Akim attempt to be accepted by his family.",0.625,6.5,14,294457
1695,Artemisia (1997),9/10/1997,"The story of Artemisia Gentileschi (1593-1653), one of the first well-known female painters, including her youth, when she was guided and protected by her father, the painter Orazio Gentileschi.",1.1568,6,43,39177
1696,Bent (1997),3/9/2018,"On his latest private investigation, a shamed former cop connects a murder case to a government conspiracy involving rogue agents from a top spy agency.",2.8235,5.235,196,505579
1699,"Butcher Boy, The (1997)",2/20/1998,"Francie and Joe live the usual playful, fantasy filled childhoods of normal boys. However, with a violent, alcoholic father and a manic depressive, suicidal mother the pressure on Francie to grow up are immense. When Francie's world turns to madness, he tries to counter it with further insanity, with dire consequences.",1.2998,6.8,119,22797
1701,Deconstructing Harry (1997),12/12/1997,"Writer Harry Block draws inspiration from people he knows, and from events that happened to him, sometimes causing these people to become alienated from him as a result.",8.1004,7.3,995,2639
1702,Flubber (1997),11/26/1997,"Professor Phillip Brainard, an absent minded professor, works with his assistant Weebo, trying to create a substance that's a new source of energy and that will save Medfield College where his sweetheart Sara is the president. He has missed his wedding twice, and on the afternoon of his third wedding, Professor Brainard creates flubber, which allows objects to fly through the air.",3.0344,5.7,2436,9574
1703,For Richer or Poorer (1997),12/11/1997,"Brad Sexton and his wife, Caroline, are wealthy New Yorkers with both marital and financial problems. The latter issue becomes a pressing matter when they discover that their accountant has embezzled millions and pinned the blame on them. Forced to go on the lam, Brad and Caroline end up in an Amish area of Pennsylvania and decide to pose as members of the religious group to evade the IRS. As the two adapt to the simple Amish lifestyle, they begin to reconnect.",0.8211,5.981,239,10371
1704,Good Will Hunting (1997),12/5/1997,"Headstrong yet aimless, Will Hunting has a genius-level IQ but chooses to work as a janitor at MIT. When he secretly solves highly difficult graduate-level math problems, his talents are discovered by Professor Gerald Lambeau, who decides to help the misguided youth reach his potential. When Will is arrested for attacking a police officer, Professor Lambeau makes a deal to get leniency for him if he gets court-ordered therapy. Eventually, therapist Dr. Sean Maguire helps Will confront the demons that are holding him back.",13.4888,8.157,13044,489
1707,Home Alone 3 (1997),12/12/1997,"9-year-old Alex Pruitt is home alone with the chicken pox. Turns out, due to a mix-up among nefarious spies, Alex was given a toy car concealing a top-secret microchip. Now Alex must fend off the spies as they try to break into his house to get it back.",5.6105,5.273,3126,9714
1711,Midnight in the Garden of Good and Evil (1997),11/21/1997,"A visiting city reporter's assignment suddenly revolves around the murder trial of a local millionaire, whom he befriends.",2.4173,6.362,599,8197
1713,Mouse Hunt (1997),11/6/2025,"A small mouse family plans a quiet Christmas outside the city, but their celebration is disrupted when humans unexpectedly appear. As the mice try to hide their preparations, the humans react to the noises behind the walls with determination.",0.1328,0,0,1427833
1717,Scream 2 (1997),12/12/1997,"Two years after the first series of murders, as Sidney Prescott acclimates to college life, someone donning the Ghostface costume begins a new string of killings.",6.2155,6.5,4407,4233
1718,Stranger in the House (1997),10/3/1992,"Since the suicide of his wife, Jacques Loursat has gone downhill. Estranged from his daughter, his lawyer's pratice in ruins, he consoles himself with drink. One night he is woken by a gunshot and catches sight of a young man fleeing the house. Isabelle, his daughter, claims to know nothing about it, even when he finds the body of a young man. Isabelle hangs around with a gang of spoiled young people who have no shortage of money, and is in love with Joel, an ambitious boy involved in drug dealing. Antoine, from a more modest background, is in love with her. When the police start investigating Joel's murder, Antoine becomes the ideal suspect.",1.3973,6.481,27,81042
1719,"Sweet Hereafter, The (1997)",9/25/1997,"A small mountain community in Canada is devastated when a school bus accident leaves more than a dozen of its children dead. A big-city lawyer arrives to help the survivors' and victims' families prepare a class-action suit, but his efforts only seem to push the townspeople further apart. At the same time, one teenage survivor of the accident has to reckon with the loss of innocence brought about by a different kind of damage.",1.6119,6.893,407,10217
1721,Titanic (1997),11/18/1997,"101-year-old Rose DeWitt Bukater tells the story of her life aboard the Titanic, 84 years later. A young Rose boards the ship with her mother and fiancé. Meanwhile, Jack Dawson and Fabrizio De Rossi win third-class tickets aboard the ship. Rose tells the whole story from Titanic's departure through to its death—on its first and last voyage—on April 15, 1912.",26.3407,7.906,26282,597
1722,Tomorrow Never Dies (1997),12/11/1997,A deranged media mogul is staging international incidents to pit the world's superpowers against each other. Now James Bond must take on this evil mastermind in an adrenaline-charged battle to end his reign of terror and prevent global pandemonium.,10.7148,6.37,3231,714
1726,"Postman, The (1997)",10/15/2019,A happy go lucky postman stumbles upon an empty house.,0.1617,8,1,775180
1727,"Horse Whisperer, The (1998)",2/1/1998,The mother of a severely traumatized daughter enlists the aid of a unique horse trainer to help the girl's equally injured horse.,2.9304,6.902,1140,547
1729,Jackie Brown (1997),12/25/1997,"Jackie Brown is a flight attendant who gets caught in the middle of smuggling cash into the country for her gunrunner boss. When the cops try to use Jackie to get to her boss, she hatches a plan — with help from a bail bondsman — to keep the money for herself.",5.5544,7.357,6621,184
1730,Kundun (1997),12/25/1997,"The Tibetans refer to the Dalai Lama as 'Kundun', which means 'The Presence'. He was forced to escape from his native home, Tibet, when communist China invaded and enforced an oppressive regime upon the peaceful nation. The Dalai Lama escaped to India in 1959 and has been living in exile in Dharamsala ever since.",1.5793,6.8,462,9746
1731,Mr. Magoo (1997),12/25/1997,"Mr. Magoo, a man with terrible eyesight, gets caught up in a museum robbery.",2.1979,4.476,396,9438
1732,"Big Lebowski, The (1998)",3/6/1998,"Jeffrey 'The Dude' Lebowski, a Los Angeles slacker who only wants to bowl and drink White Russians, is mistaken for another Jeffrey Lebowski, a wheelchair-bound millionaire, and finds himself dragged into a strange series of events involving nihilists, adult film producers, ferrets, errant toes, and large sums of money.",9.7667,7.838,11655,115
1733,Afterglow (1997),11/20/2024,"A man on the brink of annihilation explores the fractured corners of his mind, remembering what he had lost.",0.0989,0,0,1368477
1734,My Life in Pink (Ma vie en rose) (1997),5/28/1997,"Ludovic is waiting for a miracle. With six-year-old certainty, she believes she was meant to be a little girl -- and that the mistake will soon be corrected. But where she expects the miraculous, Ludo finds only rejection, isolation and guilt -- as the intense reactions of family, friends, and neighbors strip away every innocent lace and bauble.  As suburban prejudices close around them, family loves and loyalties are tested in the ever-escalating dramatic turns of Alain Berliner's critically acclaimed first feature. Winner of the Golden Globe for Best Foreign Language Film and a favorite at festivals around the world, this unique film experience delivers magic of the rarest sort through a story of difference, rejection, and childlike faith in miracles.",2.5779,6.995,104,27103
1735,Great Expectations (1998),1/30/1998,"Loosely based on the Charles Dickens' classic novel, ""Great Expectations"" is a sensual tale of a young man's unforgettable passage into manhood, and the three individuals who will undeniably change his life forever. Through the surprising interactions of these vivid characters, ""Great Expectations"" takes a unique and contemporary look at life's great coincidences.",4.2891,6.622,640,9410
1746,Senseless (1998),4/2/2008,"Elliott Gast is quickly climbing the corporate ladder of international commerce, negotiating deals to generate large fortunes for giant corporations. His success makes him the target for political extremists who kidnap him and broadcast his imprisonment and mutilation over the internet as macabre reality show and fundraiser.",0.1749,6.5,13,27442
1747,Wag the Dog (1997),12/25/1997,"During the final weeks of a presidential race, the President is accused of sexual misconduct. To distract the public until the election, the President's adviser hires a Hollywood producer to help him stage a fake war.",2.7682,6.94,989,586
1748,Dark City (1998),2/27/1998,"A man struggles with memories of his past, including a wife he cannot remember, in a nightmarish world with no sun and run by beings with telekinetic powers who seek the souls of humans.",6.3943,7.331,2984,2666
1752,Hard Rain (1998),1/16/1998,An armored car driver tries to elude a gang of thieves while a flood ravages the countryside.,2.3596,5.85,735,11258
1753,Half Baked (1998),1/16/1998,"Three lovable party buds try to bail their friend out of jail. But just when the guys have mastered a plan, everything comes dangerously close to going up in smoke.",2.7383,6.316,595,9490
1754,Fallen (1998),7/23/2006,"For high schooler Aaron Corbett, turning 18 means becoming not just a man but a nephilim, too -- half human, half angel, with supernatural abilities.",3.7534,6.885,130,50126
1755,Shooting Fish (1997),8/22/1997,Two con artists hire an unwitting medical-school student as a secretary for their latest scam.,2.1861,6.285,79,25719
1757,Fallen Angels (Duo luo tian shi) (1995),7/9/2024,"When an Iraq War veteran receives a calling from a higher power, he embarks on a mission to stop a fallen angel from raising an army of the dead to take over the world.",32.6615,6.019,53,1058537
1759,"Four Days in September (O Que É Isso, Companheiro?) (1997)",10/1/1997,"Fernando, a journalist, and his friend César join terrorist group MR8 in order to fight Brazilian dictatorial regime during the late sixties. César, however, is wounded and captured during a bank hold up. Fernando then decides to kidnap the American ambassador in Brazil and ask for the release of fifteen political prisoners in exchange for his life.",0.6142,7.5,125,21253
1760,Spice World (1997),12/18/1997,World famous pop group the Spice Girls zip around London in their luxurious double decker tour bus having various adventures and performing for their fans.,1.8857,4.887,484,6116
1762,Deep Rising (1998),1/30/1998,"A group of heavily armed hijackers board a luxury ocean liner in the South Pacific Ocean to loot it, only to do battle with a series of large-sized, tentacled, man-eating sea creatures who have taken over the ship first.",5.0086,6.168,744,9457
1767,Music From Another Room (1998),4/24/1998,"Music From Another Room is a romantic comedy that follows the exploits of Danny, a young man who grew up believing he was destined to marry the girl he helped deliver as a five year old boy when his neighbor went into emergency labor. Twenty-five years later, Danny returns to his hometown and finds the irresistible Anna Swann but she finds it easy to resist him since she is already engaged to dreamboat Eric, a very practical match. In pursuit of Anna, Danny finds himself entangled with each of the eccentric Swanns including blind, sheltered Nina, cynical sister Karen, big brother Bill and dramatic mother Grace as he fights to prove that fate should never be messed with and passion should never be practical.",1.3663,5.727,66,39424
1769,"Replacement Killers, The (1998)",2/6/1998,"Hired assassin John Lee is asked by Chinatown crime boss Terence Wei to murder the young son of policeman Stan Zedkov. Lee has the boy in his sights, but his conscience gets the better of him, and he spares the child's life. Afraid that Wei will take revenge on his family in China, Lee seeks out expert forger Meg Coburn to obtain the passport he needs to get out of the country, but a band of replacement killers is soon on his trail.",1.4497,6.2,539,11702
1770,B. Monkey (1998),7/15/1999,"When wistful introvert Alan Furnace meets quick-witted bombshell Beatrice, he has no idea of her secret life as ""B. Monkey"" -- the top thief-for-hire in London's criminal underworld. Charmed by Furnace's innocent and chivalrous ways, Beatrice resolves to reform. But to cash in on her first chance at real love, she must escape her former partner in crime, the ruthless Paul Neville -- and a dark past that seems to haunt her every step.",3.0727,5.818,88,2923
1771,Night Flier (1997),4/30/1997,"For cynical tabloid journo Richard Dees, facts are always stranger than fiction. Every headline is a dead-line. Serial killers, UFO abductions, tales of molestation, mayhem and murder. To some the tales are mere sleazy fantasy – but his faithful readers believe. And now there's a new story: The Night Flier. What is it that travels by night in a dark-winged Cessna, lands at secluded airfields and murders local residents? Dees begins to track the unknown killer in a Cessna of his own, uncovering clues that reveal a pilot more terrifying than he could have ever imagined.",1.1662,5.9,246,12238
1772,Blues Brothers 2000 (1998),2/5/1998,"Finally released from prison, Elwood Blues is once again enlisted by Sister Mary Stigmata in her latest crusade to raise funds for a children's hospital. Hitting the road to re-unite the band and win the big prize at the New Orleans Battle of the Bands, Elwood is pursued cross-country by the cops.",2.5492,5.279,700,11568
1777,"Wedding Singer, The (1998)",2/13/1998,"Robbie, a local rock star turned wedding singer, is dumped on the day of his wedding. Meanwhile, waitress Julia finally sets a wedding date with her fiancée Glenn. When Julia and Robbie meet and hit it off, they find that things are more complicated than anybody thought.",2.8402,6.783,1816,11003
1779,Sphere (1998),2/13/1998,"A spacecraft is discovered on the floor of the Pacific Ocean, presumed to be at least 300 years old and of alien origin. A crack team of scientists and experts is assembled and taken to the Habitat, a state-of-the-art underwater living environment, to investigate.",5.0935,6.1,1705,10153
1783,Palmetto (1998),2/20/1998,"After spending two years in prison, framed for accepting a bribe, former newspaper reporter Harry Barber is released, bitter and disillusioned. Feeling like he were owed something for his loss of time, he proceeds to get himself involved in a simple kidnapping plot which turns out to be more complex than he imagined.",1.6172,5.9,122,30949
1784,As Good as It Gets (1997),12/19/1997,"Melvin Udall, a cranky, bigoted, obsessive-compulsive writer of romantic fiction, is rude to everyone he meets, including his gay neighbor, Simon. After Simon is brutally attacked and hospitalized, Melvin finds his life turned upside down when he has to look after Simon's dog. In addition, Carol, the only waitress at the local diner who will tolerate him, leaves work to care for her chronically ill son, making it impossible for Melvin to eat breakfast.",5.3738,7.397,3920,2898
1785,King of New York (1990),7/18/1990,A former drug lord returns from prison determined to wipe out all his competition and distribute the profits of his operations to New York's poor and lower classes in this stylish and ultra violent modern twist on Robin Hood.,3.4669,6.7,724,9558
1791,Twilight (1998),11/20/2008,"When Bella Swan moves to a small town in the Pacific Northwest, she falls in love with Edward Cullen, a mysterious classmate who reveals himself to be a 108-year-old vampire. Despite Edward's repeated cautions, Bella can't stay away from him, a fatal move that endangers her own life.",24.6879,6.287,13934,8966
1792,U.S. Marshals (1998),3/6/1998,"U.S. Marshal Sam Gerard is accompanying a plane load of convicts from Chicago to New York. The plane crashes spectacularly, and Mark Sheridan escapes. But when Diplomatic Security Agent John Royce is assigned to help Gerard recapture Sheridan, it becomes clear that Sheridan is more than just another murderer.",7.7513,6.531,1682,11808
1793,Welcome to Woop-Woop (1997),8/13/1998,A con artist escapes a deal gone wrong in New York and winds up in the Aussie outback in a strange town whose inhabitants are an oddball collection of misfits.,0.5467,5.9,30,6970
1794,Love and Death on Long Island (1997),7/3/1998,"Curmudgeonly author Giles De'Ath, a widower with a marked distaste for modern popular culture, attempts to buy a ticket for a film adaptation of an E.M. Forster novel, but instead finds himself watching a tacky teen sex comedy. Yet when the beautiful Ronnie Bostock appears on the movie screen, Giles finds himself caught in a whirlwind of unanswered questions about both his own sexuality and his place in late 20th-century society.",0.6887,6.4,51,47452
1797,Everest (1998),9/10/2015,"Inspired by the incredible events surrounding a treacherous attempt to reach the summit of the world's highest mountain, ""Everest"" documents the awe-inspiring journey of two different expeditions challenged beyond their limits by one of the fiercest snowstorms ever encountered by mankind. Their mettle tested by the harshest of elements found on the planet, the climbers will face nearly impossible obstacles as a lifelong obsession becomes a breathtaking struggle for survival.",6.3274,6.824,5017,253412
1798,Hush (1998),5/23/2005,A married man must deal with an obsessive former girlfriend after he moves back to his hometown.,0.6441,3.8,5,221465
1799,Suicide Kings (1997),9/6/1997,"Carlo, a former mobster, is abducted by five privileged young men desperate to raise a $2 million ransom to save the sister of a friend. As Carlo plays mind games, however, his captors splinter -- each wondering whether one of their own had a hand in the crime.",2.1435,6.615,304,10668
1801,"Man in the Iron Mask, The (1998)",3/12/1998,"Years have passed since the Three Musketeers, Aramis, Athos and Porthos, have fought together with their friend, D'Artagnan. But with the tyrannical King Louis using his power to wreak havoc in the kingdom while his twin brother, Philippe, remains imprisoned, the Musketeers reunite to abduct Louis and replace him with Philippe.",5.5174,6.641,3957,9313
1804,"Newton Boys, The (1998)",3/26/1998,"The four Newton brothers are a poor farmer family in the 1920s. One day, the eldest, Willis, realizes that there's no future in the fields and offers his brothers to become bank robbers. Soon, they gain notoriety and, five years later, execute the greatest train robbery in American history.",0.8783,6.098,184,42807
1805,Wild Things (1998),3/20/1998,"When teen-socialite Kelly Van Ryan and troubled bad girl Suzie Toller accuse guidance counselor Sam Lombardo of rape, he's suspended by the school, rejected by the town, and fighting to get his life back. One cop suspects conspiracy, but nothing is what it seems...",5.9128,6.36,1841,617
1806,Paulie (1998),4/17/1998,"Paulie, a talking parrot, recounts his travels looking for his original owner to a Russian janitor who helps him to the end of his journey.",3.4783,6.916,498,36568
1807,"Cool, Dry Place, A (1998)",4/3/1998,"Russell, a single father, balances his work as a lawyer with the care of his five-year-old son after his wife abandoned them. When she reappears creating turmoil, he must deal with his new love interest and the job opportunity of a lifetime.",1.2825,5.8,36,37272
1809,Fireworks (Hana-bi) (1997),4/6/2022,"Following an act of violence, two loving sisters plan to take revenge on the unconvicted perpetrator and find themselves being pulled deeper and deeper into the darkest areas of their minds. As they are constantly confronted with their fears, they must figure out if the decision to take the law into their own hands can be the answer to their pain.",0.9947,0,0,995651
1810,Primary Colors (1998),3/20/1998,"In this adaptation of the best-selling roman à clef about Bill Clinton's 1992 run for the White House, the young and gifted Henry Burton is tapped to oversee the presidential campaign of Governor Jack Stanton. Burton is pulled into the politician's colorful world and looks on as Stanton -- who has a wandering eye that could be his downfall -- contends with his ambitious wife, Susan, and an outspoken adviser, Richard Jemmons.",2.4432,6.278,329,9440
1812,Wide Awake (1998),7/30/2007,"Cassie has no problem falling asleep -- it's staying awake that's the hard part, because she's narcoleptic. Fortunately for Cassie, she works in a lab that has just created a serum to treat this disruptive condition. However, when subjects in the trial for this new drug start dropping dead, she uncovers a conspiracy that sends her on a dangerous pursuit of the truth. Will she fall asleep on the job? Let's hope not -- she's got a lot of bullets (and sleep-deprived hallucinations) to dodge along her road to justice.",1.9566,4.8,5,191039
1816,Two Girls and a Guy (1997),4/24/1998,"Two women confront their boyfriend, a two-timing actor who professed eternal love to each.",0.5674,5.327,101,32456
1821,"Object of My Affection, The (1998)",4/17/1998,"A pregnant New York social worker begins to develop romantic feelings for her gay best friend, and decides she'd rather raise her child with him, much to the dismay of her overbearing boyfriend.",2.0999,5.8,315,17127
1824,Homegrown (1998),4/17/1998,"Three laborers on a Northern California marijuana plantation become increasingly paranoid when they learn that their boss has been murdered. They know enough to run, taking with them enough of the crop to pay them for services rendered. Hooking up with go-between Lucy in the next town, they plot their next move.",0.9823,5.595,58,17133
1825,The Players Club (1998),4/8/1998,"Single mother Diana struggles to provide for her child and pay for her college education. When she meets two dancers from a nearby gentlemen's club, Diana's convinced there's fast money to be made stripping.",1.2851,6.3,82,19848
1826,Barney's Great Adventure (1998),4/3/1998,"Mom and dad dump son Cody, daughter Abby, her best friend Marcella and a baby on the farm with Grandpa and Grandma. Purple dinosaur Barney soon appears to entertain the kids, and when a large colorful egg deposited on a farm by a shooting star is accidentally carted off, Barney and the kids start their chase for it.",2.0209,4.875,56,17644
1827,"Big One, The (1997)",6/25/2017,Kuwaiti Play 2017,0.2643,0,0,985206
1829,Chinese Box (1997),11/14/1997,"The story of Hong Kong, from New Year's Day to June 30th, 1997, when the British left their colony and turned it over to the People's Republic of China.",2.2052,5.864,55,30265
1831,Lost in Space (1998),4/3/1998,"The prospects for continuing life on Earth in the year 2058 are grim. So the Robinsons are launched into space to colonize Alpha Prime, the only other inhabitable planet in the galaxy. But when a stowaway sabotages the mission, the Robinsons find themselves hurtling through uncharted space.",4.8577,5.424,1254,2157
1833,Mercury Rising (1998),4/3/1998,"Renegade FBI agent Art Jeffries protects a nine-year-old autistic boy who has cracked the government's new ""unbreakable"" code.",5.0363,6.3,1575,8838
1834,"Spanish Prisoner, The (1997)",12/3/1997,An inventor of a secret process suddenly finds himself alone as both his friends and the corporation he works for turn against him.,1.5595,6.806,296,29193
1835,City of Angels (1998),4/10/1998,"When a guardian angel – who invisibly watches over the citizens of Los Angeles – becomes captivated by a strong-willed heart surgeon, he ponders trading in his pure, otherworldly existence for a mortal life with his beloved. The couple embarks on a tender but forbidden romance spanning heaven and Earth.",8.8578,6.816,2240,795
1836,"Last Days of Disco, The (1998)",5/29/1998,Two young women and their friends spend spare time at an exclusive nightclub in 1980s New York.,1.921,6.2,198,16980
1837,"Odd Couple II, The (1998)",4/9/1998,"Brucey, the son of Oscar, calls his father to invite him to his wedding to Felix's daughter next Sunday in California. Oscar and Felix meet again at Los Angeles International Airport and rent a car in order to go to San Malina for the wedding.",3.2489,6.3,137,27472
1839,My Giant (1998),4/10/1998,"Sammy, an agitated agent lost in the forest of the modern world, happens upon a gentle giant with a tall talent for friendship named Max.",1.3122,5.2,98,47881
1840,He Got Game (1998),5/1/1998,A basketball player's father must try to convince him to go to a college so he can get a shorter prison sentence.,1.8029,6.748,753,9469
1841,"Gingerbread Man, The (1998)",,The Gingerbreadman tale with Czech animation.,0.0493,0,0,1433219
1844,Live Flesh (Carne trémula) (1997),10/10/1997,"When Victor attempts to seduce Elena, all he gets for his trouble is a one-way, six-year ticket to prison, where he concentrates on strengthening his mind, his body... and his desire for vengeance on the man who put him there. After his release and still madly in love with her, Victor will stop at nothing to win her over even if means revenge, for Elena has married David, the cop who sent him to prison!",2.7576,7.053,693,267
1845,Zero Effect (1998),1/30/1998,"Daryl Zero is a private investigator and—along with his assistant, Steve Arlo—he solves impossible crimes and puzzles. Although Daryl's a master investigator, he doesn't know what to do with himself when he's not working; he has no social skills, writes bad music and drives Steve crazy.",1.268,6.2,184,16148
1848,"Borrowers, The (1997)",12/5/1997,"The four-inch-tall Clock family secretly share a house with the normal-sized Lender family, ""borrowing"" such items as thread, safety pins, batteries and scraps of food. However, their peaceful co-existence is disturbed when evil lawyer Ocious P. Potter steals the will granting title to the house, which he plans to demolish in order to build apartments. The Lenders are forced to move, and the Clocks face the risk of being exposed to the normal-sized world.",2.7647,6,495,9449
1855,Krippendorf's Tribe (1998),2/27/1998,"After squandering his grant money, despondent and recently widowed anthropologist James Krippendorf must produce hard evidence of the existence of a heretofore undiscovered New Guinea tribe. Grass skirts, makeup, and staged rituals transform his three troubled children into the Shelmikedmu, a primitive culture whose habits enthrall scholars. But when a spiteful rival threatens to blow the whistle on Krippendorf's ruse, he gets into the act as well.",1.7657,4.512,85,31220
1856,Kurt & Courtney (1998),2/27/1998,"After rocker Kurt Cobain's death, ruled a suicide, a film crew arrives in Seattle to make a documentary. Director Nick Broomfield talks to lots of people. Portraits emerge: a shy, slight Kurt, weary of touring, embarrassed by fame, hooked on heroin; an out-going Courtney, dramatic, controlling, moving from groupie to star.",0.9843,6.042,118,13907
1857,"Real Blonde, The (1997)",2/27/1998,"An aspiring actor and his girlfriend handle life's frustrations, while his friend seeks fulfillment with a blonde.",0.6537,5.484,62,29825
1858,Mr. Nice Guy (Yat goh ho yan) (1997),1/31/1997,A Chinese chef accidentally gets involved with a news reporter who filmed a drug bust that went awry and is now being chased by gangs who are trying to get the video tape.,3.5216,6.53,699,10622
1859,Taste of Cherry (Ta'm e guilass) (1997),9/28/1997,"A middle-aged Tehranian man, Mr. Badii is intent on killing himself and seeks someone to bury him after his demise. Driving around the city, the seemingly well-to-do Badii meets with numerous people, including a Muslim student, asking them to take on the job, but initially he has little luck. Eventually, Badii finds a man who is up for the task because he needs the money, but his new associate soon tries to talk him out of committing suicide.",1.6686,7.682,644,30020
1860,Character (Karakter) (1997),1/26/2020,"Actor Mark Metcalf made his reputation in Hollywood playing aggrieved authority figures. Now in his 70s, he takes a look back on his career in this meditation on power, privilege, and the perils of being a ""type.""",0.0904,0,0,655068
1862,Species II (1998),4/10/1998,"Having just returned from a mission to Mars, Commander Ross isn't exactly himself. He's slowly becoming a terrifying alien entity with one goal -- to procreate with human women! When countless women suffer gruesome deaths after bearing half-alien offspring, scientist Laura Baker and hired assassin Press Lennox use Eve, a more tempered alien clone, to find Ross and his brood. Before long Eve escapes to mate with Ross.",5.1103,5.16,752,10216
1863,Major League: Back to the Minors (1998),4/17/1998,At the behest of Roger Dorn -- the Minnesota Twins' silver-tongued new owner -- washed-up minor league hurler Gus Cantrell steps up to the plate to take over as skipper of the club's hapless farm team. But little does he know that Dorn has an ulterior motive to generate publicity with a grudge match between the big leaguers and their ragtag Triple A affiliate.,1.6287,5,110,9771
1866,"Big Hit, The (1998)",12/1/1966,The continuation of the adventures of Captain Robert Surcouf and his crew.,1.6468,5.5,8,207438
1867,Tarzan and the Lost City (1998),4/24/1998,Tarzan returns to his homeland of Africa to save his home from destruction.,2.3181,4.2,39,38618
1870,"Dancer, Texas Pop. 81 (1998)",5/1/1998,"Four guys, best friends, have grown up together in DANCER, TEXAS POP. 81, a tiny town in West Texas. Years ago, they made a solemn vow to leave town together as soon as they graduate. Now, it's that weekend and the time has come to ""put up or shut up."" The clock is ticking and as all 81 people in the town watch, comment, offer advice and place bets, these four very different boys with unique backgrounds struggle with the biggest decision of their lives... whether to stay or leave home.",1.6889,7,12,78373
1873,"Misérables, Les (1998)",12/27/1978,"In 19th century France, Jean Valjean, a man imprisoned for stealing bread, must flee a relentless policeman named Javert. The pursuit consumes both men's lives, and soon Valjean finds himself in the midst of the student revolutions in France.",3.3156,7.132,34,4479
1875,Clockwatchers (1997),6/12/1997,"The relationship between four female temps all working for the same credit company is threatened with the arrival of a new hire, who lands a permanent position one of the women was vying for.",2.4049,6.071,70,55561
1876,Deep Impact (1998),5/8/1998,"A seven-mile-wide space rock is hurtling toward Earth, threatening to obliterate the planet. Now, it's up to the president of the United States to save the world. He appoints a tough-as-nails veteran astronaut to lead a joint American-Russian crew into space to destroy the comet before impact. Meanwhile, an enterprising reporter uses her smarts to uncover the scoop of the century.",10.063,6.229,3125,8656
1881,Quest for Camelot (1998),5/15/1998,"During the times of King Arthur, Kayley is a brave girl who dreams of following her late father as a Knight of the Round Table. The evil Ruber wants to invade Camelot and take the throne of King Arthur, and Kayley has to stop him.",4.4194,6.838,827,18937
1882,Godzilla (1998),1/1/1977,"A re-edited Italian-language dubbed version of the original Godzilla, using as a basis the U.S. version, ""Godzilla, King of the Monsters!"" (1956), plus WWII newsreel footage and clips from other science fiction films. The re-edited film was then colorized via a process called ""Spectrorama 70"" consisting of applying various colored gels to the black and white footage. The film's opening and ending also features new music composed by musicians Fabio Frizzi, Franco Bixio, and Vince Tempera (under the pseudonym Magnetic System).",1.9568,6.7,51,340315
1883,Bulworth (1998),5/15/1998,A suicidally disillusioned liberal politician puts a contract out on himself and takes the opportunity to be bluntly honest with his voters by affecting the rhythms and speech of hip-hop music and culture.,2.2828,6.329,255,9452
1884,Fear and Loathing in Las Vegas (1998),5/22/1998,"Raoul Duke and his attorney Dr. Gonzo drive a red convertible across the Mojave desert to Las Vegas with a suitcase full of drugs to cover a motorcycle race. As their consumption of drugs increases at an alarming rate, the stoned duo trash their hotel room and fear legal repercussions. Duke begins to drive back to L.A., but after an odd run-in with a cop, he returns to Sin City and continues his wild drug binge.",5.2485,7.211,4784,1878
1885,"Opposite of Sex, The (1998)",5/22/1998,"A 16-year-old girl visits her gay half-brother and ends up seducing his boyfriend, thus wreaking havoc on all of their lives.",1.1702,6.172,209,9844
1887,Almost Heroes (1998),5/29/1998,"Two hapless explorers lead an ill-fated 1804 expedition through the Pacific Northwest in a hopeless, doomed effort to reach the Pacific Ocean before Lewis and Clark.",1.5298,5.395,200,14342
1888,Hope Floats (1998),5/29/1998,"Birdee Pruitt has been humiliated on live television by her best friend, Connie, who's been sleeping with Birdee's husband, Bill. Birdee tries starting over with her daughter, Bernice, by returning to her small Texas hometown, but she's faced with petty old acquaintances who are thrilled to see Birdee unhappy -- except for her friend Justin. As he helps Birdee get back on her feet, love begins to blossom.",1.8116,6.4,482,9715
1889,Insomnia (1997),5/24/2002,Two Los Angeles homicide detectives are dispatched to a northern town where the sun doesn't set to investigate the methodical murder of a local teen.,6.7409,6.952,4951,320
1891,"Ugly, The (1997)",3/7/2025,"In a fairy-tale kingdom where beauty is a brutal business, Elvira battles to compete with her incredibly beautiful stepsister, and she will go to any length to catch the prince’s eye.",26.0522,7.199,339,1284120
1892,"Perfect Murder, A (1998)",6/5/1998,"Millionaire industrialist Steven Taylor is a man who has everything but what he craves most: the love and fidelity of his wife. A hugely successful player in the New York financial world, he considers her to be his most treasured acquisition. But she needs more than simply the role of dazzling accessory.",6.4554,6.541,1464,1965
1893,Beyond Silence (Jenseits der Stille) (1996),2/22/2017,"The lives of Jeff, Lauren and Lloyd—three very different people who share one common experience—have been transformed by speaking up for mental health. These inspiring stories depict what mental health in America really looks like and highlights just how important it is to speak up and seek help.",0.1925,0,0,458593
1894,Six Days Seven Nights (1998),6/12/1998,"In the South Pacific island of Makatea, career-driven magazine editor Robin Monroe is on a week-long vacation getaway with her boyfriend, Frank Martin. An emergency work assignment in neighboring Tahiti requires Robin to hire the cantankerous pilot Quinn Harris who had flown them to Makatea on a small transport plane. While flying, a powerful storm forces Quinn to make an emergency landing on a nearby deserted island. The dissimilar pair avoid each other at first, until they're forced to team up to escape from the island -- and some pirates who want their heads.",4.7662,6.087,1528,6068
1895,Can't Hardly Wait (1998),6/12/1998,"It's graduation day at Huntington Hills High, and you know what that means - time to party. And not just any party, either. This one will be a night to remember, as the nerds become studs, the jocks are humiliated, and freshman crushes blossom into grown-up romance.",2.9031,6.227,555,15037
1897,High Art (1998),6/12/1998,"When Syd, a young editor at an influential art magazine,  becomes involved with her neighbor, a drug-addicted lesbian photographer, both seek to exploit each other for their respective careers while slowly falling in love with each other.",1.8117,6.2,140,37636
1900,"Children of Heaven, The (Bacheha-Ye Aseman) (1997)",8/1/1997,"Zohre's shoes are gone; her older brother Ali lost them. They are poor, there are no shoes for Zohre until they come up with an idea: they will share one pair of shoes. School awaits.",1.8726,7.916,669,21334
1902,Dream for an Insomniac (1996),4/18/1996,"A girl with insomnia who works in a coffee house has impossibly high standards for her love and fears she will never meet a worthy man. Then in walks a new employee and they click - until she discovers he has a girlfriend. Undaunted, she moves to L.A. with a friend sure that he will dump the girlfriend and follow her. She puts all her faith in fate and hopes for the best.",4.0728,5.1,37,32284
1904,Henry Fool (1997),6/19/1998,An egocentric bum transforms the lives of a shy New Jersey garbageman and his sister.,1.2877,6.6,103,37410
1906,Mr. Jealousy (1997),6/5/1998,"After his first date at age 15 ended with the girl making out with another man at a party, aspiring writer Lester Grimm has treated all his girlfriends with jealousy and suspicion. While dating Ramona Ray, paranoia gets the best of him when he discovers that her most recent ex is successful novelist Dashiell Frank. Lester begins attending the same group therapy sessions as Dashiell to learn about Ramona's past with him.",1.466,5.898,44,53765
1907,Mulan (1998),6/18/1998,"To save her father from certain death in the army, a young woman secretly enlists in his place and becomes one of China's greatest heroines in the process.",13.5213,7.905,10071,10674
1909,"X-Files: Fight the Future, The (1998)",6/19/1998,"Mulder and Scully, now taken off the FBI's X Files cases, must find a way to fight the shadowy elements of the government to find out the truth about a conspiracy that might mean the alien colonization of Earth.",6.1113,6.888,1688,846
1910,I Went Down (1997),10/3/1997,"Fresh out of prison, Git rescues a former best friend (now living with Git's girlfriend) from a beating at the hands of loan sharks. He's now in trouble with the mob boss, Tom French, who sends Git to Cork with another debtor, Bunny Kelly, to find a guy named Frank Grogan, and take him to a man with a friendly face at a shack across a bog. It's a tougher assignment than it seems: Git's a novice, Bunny's prone to rash acts, Frank doesn't want to be found (and once he's found, he has no money), and maybe Tom's planning to murder Frank, which puts Git in a moral dilemma. Then, there's the long-ago disappearance of Sonny Mulligan. What's a decent and stand-up lad to do?",1.3054,6,25,12655
1911,Dr. Dolittle (1998),4/25/2006,"Lisa Dolittle sends her daughter to 'Durango', a Dude Ranch, to find herself. While there, she uses her talent to talk to the animals in order to save Durango from being taken over by a neighboring Ranch.",2.7016,5.113,463,18843
1912,Out of Sight (1998),10/10/2015,A visit to a deserted house unveils memories of a Christmas day...,0.5715,0,0,1244086
1913,Picnic at Hanging Rock (1975),9/2/1975,"In the early 1900s, Miranda attends a girls boarding school in Australia. One Valentine's Day, the school's typically strict headmistress treats the girls to a picnic field trip to an unusual but scenic volcanic formation called Hanging Rock. Despite rules against it, Miranda and several other girls venture off. It's not until the end of the day that the faculty realizes the girls and one of the teachers have disappeared mysteriously.",1.9476,7.206,827,11020
1914,Smoke Signals (1998),6/26/1998,"Young Native American man Thomas is a nerd in his reservation, wearing oversize glasses and telling everyone stories no-one wants to hear. His parents died in a fire in 1976, and Thomas was saved by Arnold. Arnold soon left his family, and Victor hasn't seen his father for 10 years. When Victor hears Arnold has died, Thomas offers him funding for the trip to get Arnold's remains.",2.6359,6.759,109,20862
1916,Buffalo '66 (a.k.a. Buffalo 66) (1998),1/20/1998,"Billy is released after five years in prison. In the next moment, he kidnaps teenage student Layla and visits his parents with her, pretending she is his girlfriend and they will soon marry.",2.9589,7.13,981,9464
1917,Armageddon (1998),7/1/1998,"When an asteroid threatens to collide with Earth, NASA honcho Dan Truman determines the only way to stop it is to drill into its surface and detonate a nuclear bomb. This leads him to renowned driller Harry Stamper, who agrees to helm the dangerous space mission provided he can bring along his own hotshot crew. Among them is the cocksure A.J. who Harry thinks isn't good enough for his daughter, until the mission proves otherwise.",10.3855,6.836,8233,95
1918,Lethal Weapon 4 (1998),7/10/1998,"With personal crises and age weighing in on them, Riggs and Murtaugh must contend with deadly Chinese triads trying to free their former leaders from prison and onto American soil.",10.7129,6.595,2774,944
1919,Madeline (1998),7/10/1998,"Horrified at the prospect of her beloved school being sold, a young French girl named Madeline uses her wit and craftiness to attempt to save it, making an unlikely new friend in the process.",1.5803,6.172,233,35680
1920,Small Soldiers (1998),7/10/1998,"When missile technology is used to enhance toy action figures, the toys soon begin to take their battle programming too seriously.",7.418,6.6,2214,11551
1921,Pi (1998),7/10/1998,"A mathematical genius discovers a link between numbers and reality, and thus believes he can predict the future.",3.533,7.112,2342,473
1922,Whatever (1998),7/10/1998,"A New Jersey teen faces her impending adulthood, dreaming of a life as a successful New York artist. But when she gets caught up in the carefree sport of pre-AIDS sex and drugs, her future becomes less certain.",1.6568,6.2,6,102304
1923,There's Something About Mary (1998),7/15/1998,"For Ted, prom night went about as bad as it’s possible for any night to go. Thirteen years later, he finally gets another chance with his old prom date, only to run up against other suitors including the sleazy detective he hired to find her.",7.8132,6.616,5093,544
1924,Plan 9 from Outer Space (1959),7/22/1959,"In California, an old man grieves the loss of his wife and on the next day he also dies. However, the space soldier Eros and her mate Tanna use an electric device to resurrect them both and the strong Inspector Clay that was murdered by the couple. Their intention is not to conquest Earth but to stop mankind from developing the powerful bomb “Solobonite” that would threaten the universe. When the population of Hollywood and Washington DC sees flying saucers on the sky, a colonel, a police lieutenant, a commercial pilot, his wife and a policeman try to stop the aliens.",1.8586,4.2,562,10513
1926,"Broadway Melody, The (1929)",2/8/1929,"The vaudeville act of Harriet and Queenie Mahoney comes to Broadway, where their friend Eddie Kerns needs them for his number in one of Francis Zanfield's shows. When Eddie meets Queenie, he soon falls in love with  her—but she is already being courted by Jock Warriner, a member of New York high society. Queenie eventually recognizes that, to Jock, she is nothing more than a toy, and that Eddie is in love with her.",0.9782,5.2,153,65203
1927,All Quiet on the Western Front (1930),10/7/2022,"Paul Baumer and his friends Albert and Muller, egged on by romantic dreams of heroism, voluntarily enlist in the German army. Full of excitement and patriotic fervour, the boys enthusiastically march into a war they believe in. But once on the Western Front, they discover the soul-destroying horror of World War I.",9.1862,7.73,4278,49046
1928,Cimarron (1931),12/1/1960,"The epic story of a family involved in the Oklahoma Land Rush of April 22, 1889.",2.2877,6.059,68,46623
1929,Grand Hotel (1932),5/25/1932,"Guests at a posh Berlin hotel struggle through worry, scandal, and heartache.",2.1056,7,322,33680
1931,Mutiny on the Bounty (1935),11/22/1935,"Fletcher Christian successfully leads a revolt against the ruthless Captain Bligh on the HMS Bounty. However, Bligh returns one year later, hell bent on revenge.",2.9596,7.344,356,12311
1932,"Great Ziegfeld, The (1936)",4/8/1936,"At the 1893 Chicago World's Fair, sideshow barker Florenz Ziegfeld turns the tables on his more-successful neighbor Billings, and also steals his girlfriend. This pattern repeats throughout their lives, as Ziegfeld makes and loses many fortunes putting on ever-bigger, more spectacular shows",0.9711,6.3,132,43277
1933,"Life of Emile Zola, The (1937)",9/9/1937,"A fictionalized account of famous French writer Emile Zola and his involvement in the Dreyfus Affair. After struggling to establish himself, Zola wins success writing about the unsavory side of Paris and settles into a comfortable upper-class life. However, Zola's complacency is shaken when Jewish officer Alfred Dreyfus is imprisoned for being a spy. Realizing that Dreyfus is an innocent victim of anti-Semitism, Zola boldly pens a newspaper article exposing the truth, is charged with libel and must defend himself in a dramatic courtroom testimony.",1.6332,6.6,143,43278
1934,You Can't Take It with You (1938),9/1/1938,"Alice, the only relatively normal member of the eccentric Sycamore family, falls in love with Tony Kirby, but his wealthy banker father and snobbish mother strongly disapprove of the match. When the Kirbys are invited to dinner to become better acquainted with their future in-laws, things don't turn out the way Alice had hoped.",1.2458,7.493,419,34106
1936,Mrs. Miniver (1942),1/7/1960,A British housewife faces up to the harsh realities of the Second World War.,0.724,0,0,669606
1937,Going My Way (1944),1/1/1944,"Youthful Father Chuck O'Malley led a colorful life of sports, song, and romance before joining the Roman Catholic clergy. After being appointed to a run-down New York parish, O'Malley's worldly knowledge helps him connect with a gang of boys looking for direction, eventually winning over the aging, conventional Parish priest.",1.8225,6.698,184,17661
1938,"Lost Weekend, The (1945)",11/29/1945,"Don Birnam, a long-time alcoholic, has been sober for ten days and appears to be over the worst... but his craving has just become more insidious. Evading a country weekend planned by his brother and girlfriend, he begins a four-day bender that just might be his last - one way or another.",3.0481,7.6,627,28580
1939,"Best Years of Our Lives, The (1946)",1/1/1972,"Four inseparable friends from childhood struggle in the best years of their lives when one grows up to become a prize fighter, second a police detective, third a nightclub runner and the fourth sets them all at loggerheads.",0.5497,6,1,473395
1940,Gentleman's Agreement (1947),11/11/1947,A magazine writer poses as a Jew to expose anti-Semitism.,2.569,7,261,33667
1941,Hamlet (1948),5/2/2020,,0.5195,0,0,1108022
1942,All the King's Men (1949),10/19/1983,"It's the 10th century BC, the emperor is not well, and the medicines he is receiving from con artist ""Immortal Li"" are in reality only making him worse.",1.5702,7,9,252319
1944,From Here to Eternity (1953),8/28/1953,"In 1941 Hawaii, a private is cruelly punished for not boxing on his unit's team, while his captain's wife and second in command are falling in love.",3.4022,7.283,669,11426
1945,On the Waterfront (1954),6/22/1954,"A prizefighter-turned-longshoreman with a conscience goes up against labor leaders to expose corruption, extortion, and murder among the union ranks.",3.1376,7.886,1665,654
1946,Marty (1955),4/11/1955,"Marty, a butcher who lives in the Bronx with his mother is unmarried at 34. Good-natured but socially awkward he faces constant badgering from family and friends to get married but has reluctantly resigned himself to bachelorhood. Marty meets Clara, an unattractive school teacher, realising their emotional connection, he promises to call but family and friends try to convince him not to.",3.1389,7.448,415,15919
1947,West Side Story (1961),12/8/2021,"Two youngsters from rival New York City gangs fall in love, but tensions between their respective friends build toward tragedy.",6.4617,7,1654,511809
1948,Tom Jones (1963),8/24/1963,Tom loves Sophie and Sophie loves Tom. But Tom and Sophie are of differering classes. Can they find a way through the mayhem to be true to love?,1.5157,5.916,225,5769
1949,"Man for All Seasons, A (1966)",5/8/2014,Directed by Bahman Farman Ara.,2.8292,0,0,1289656
1950,In the Heat of the Night (1967),8/2/1967,"African-American Philadelphia police detective Virgil Tibbs is arrested on suspicion of murder by Bill Gillespie, the racist police chief of tiny Sparta, Mississippi. After Tibbs proves not only his own innocence but that of another man, he joins forces with Gillespie to track down the real killer. Their investigation takes them through every social level of the town, with Tibbs making enemies as well as unlikely friends as he hunts for the truth.",4.0681,7.6,1160,10633
1951,Oliver! (1968),7/31/2015,"The world's biggest stoner, Oliver, loses a high profile car, forcing him to steal an ice cream truck and enlist his wacky friends to help track down the thief before it's too late.",0.5457,3.4,17,305141
1952,Midnight Cowboy (1969),5/25/1969,"Joe Buck is a wide-eyed hustler from Texas hoping to score big with wealthy New York City women; he finds a companion in Enrico ""Ratso"" Rizzo, an ailing swindler with a bum leg and a quixotic fantasy of escaping to Florida.",4.6486,7.509,1506,3116
1953,"French Connection, The (1971)",1/15/2000,A documentary on the production of The French Connection (1971).,0.716,8.3,3,841735
1954,Rocky (1976),11/20/1976,"Rocky Balboa is a Philadelphia club fighter who seems to be going nowhere. But when a stroke of fate puts him in the ring with a world heavyweight champion, Rocky knows that it's his one shot at the big time — a once-in-a-lifetime opportunity to go the distance and come out a winner!",10.7242,7.79,8214,1366
1955,Kramer vs. Kramer (1979),12/7/1979,"Ted Kramer is a career man for whom his work comes before his family. His wife Joanna cannot take this anymore, so she decides to leave him. Ted is now faced with the tasks of housekeeping and taking care of himself and their young son Billy.",2.7474,7.574,2309,12102
1956,Ordinary People (1980),3/14/2002,"Far right and anti-immigration politics have been on the rise worldwide. In Australia, as in many other western countries, as Ordinary People was filming, a new political force began drawing on the discontent of those who felt excluded from the promised benefits of globalisation. This revealing documentary follows One Nation candidate Colene Hughes over two years and two elections as her idealistic fervour slowly turns to disillusionment. Initially for Colene and her supporters, One Nation seems to offer true democracy and a way of knocking the country back into shape. But when Colene starts to question the control of party leaders, the gloves come off and, at the party’s annual general meeting, the two forces collide.",0.0948,8.5,1,721945
1957,Chariots of Fire (1981),5/15/1981,"In the class-obsessed and religiously divided UK of the early 1920s, two determined young runners train for the 1924 Paris Olympics. Eric Liddell, a devout Christian born to Scottish missionaries in China, sees running as part of his worship of God's glory and refuses to train or compete on the Sabbath. Harold Abrahams overcomes anti-Semitism and class bias, but neglects his beloved sweetheart in his single-minded quest.",3.2931,6.79,970,9443
1958,Terms of Endearment (1983),11/20/1983,"Aurora, a finicky woman, is in search of true love while her daughter faces marital issues. Together, they help each other deal with problems and find reasons to live a joyful life.",2.394,7.111,783,11050
1959,Out of Africa (1985),12/20/1985,"Tells the life story of Danish author Karen Blixen, who at the beginning of the 20th century moved to Africa to build a new life for herself. The film is based on her 1937 autobiographical novel.",3.13,7.174,1442,606
1960,"Last Emperor, The (1987)",3/26/1986,A 1986 film directed by Li Han-Hsiang. Nominated for Best Film in the 6th annual Hong Kong Film Awards.,2.3451,0,0,213169
1961,Rain Man (1988),12/12/1988,"When car dealer Charlie Babbitt learns that his estranged father has died, he returns home to Cincinnati, where he discovers that he has a savant older brother named Raymond and that his father's $3 million fortune is being left to the mental institution in which Raymond lives. Motivated by his father's money, Charlie checks Raymond out of the facility in order to return with him to Los Angeles. The brothers' cross-country trip ends up changing both their lives.",7.273,7.752,6674,380
1962,Driving Miss Daisy (1989),6/4/2015,"Driving Miss Daisy tells the affecting story of the decades-long relationship between a stubborn Southern matriarch and her compassionate chauffeur. An iconic tale of pride, changing times and the transformative power of friendship, the play has warmed the hearts of millions of theatergoers worldwide.",0.9417,8,15,289450
1963,Take the Money and Run (1969),8/18/1969,"Virgil Starkwell is intent on becoming a notorious bank robber. Unfortunately for Virgil and his not-so-budding career, he is completely incompetent.",1.5203,7.108,757,11485
1964,Klute (1971),6/23/1971,A high-priced call girl is forced to depend on a reluctant private eye when she is stalked by a psychopath.,1.8355,6.746,478,466
1965,Repo Man (1984),3/2/1984,"A down and out young punk gets a job working with a seasoned repo man, but what awaits him in his new career is a series of outlandish adventures revolving around aliens, the CIA, and a most wanted '64 Chevy.",4.0252,6.651,639,13820
1966,Metropolitan (1990),8/3/1990,"A radical student is adopted by a group of young New Yorkers, serves as a catalyst to alter his and their lives. Gathering in a Manhattan apartment, the group of friends meet to discuss social mobility, Fourier's socialism and play bridge in their cocoon of upper-class society - until they are joined by a man with a critical view of their way of life.",1.3271,6.9,168,15389
1967,Labyrinth (1986),5/16/2024,"Sofia a 18 year-old girl finds herself in a situation that leaves her dazed and  confused. She has taken something, and ended up in what seems like planet Earth,  but apparently is not. On her journey she is met with a majestical being, an angel  that is set to help them through the memories of her past. Although, she soon finds  out the truth of this world, and where she is heading to. Sofia is on her own to find  her way out, and remember the painful memories of her impulsive choices.",0.0815,0,0,1279315
1968,"Breakfast Club, The (1985)",2/15/1985,"Five high school students from different walks of life endure a Saturday detention under a power-hungry principal. The disparate group includes rebel John, princess Claire, outcast Allison, brainy Brian and Andrew, the jock. Each has a chance to tell his or her story, making the others see them a little differently -- and when the day ends, they question whether school will ever be the same.",6.5303,7.73,8236,2108
1969,"Nightmare on Elm Street 2: Freddy's Revenge, A (1985)",11/1/1985,"Jesse Walsh moves with his family into the home of the lone survivor from a series of attacks by dream-stalking monster, Freddy Krueger. There, he is bedeviled by nightmares and inexplicably violent impulses.",3.8742,5.786,1974,10014
1970,"Nightmare on Elm Street 3: Dream Warriors, A (1987)",2/27/1987,"During a hallucinatory incident, Kristen Parker has her wrists slashed by dream-stalking monster, Freddy Krueger. Her mother, mistaking the wounds for a suicide attempt, sends her to a psychiatric ward, where she joins a group of similarly troubled teens.",3.2113,6.696,1888,10072
1971,"Nightmare on Elm Street 4: The Dream Master, A (1988)",8/19/1988,"Freddy Krueger is resurrected from his apparent demise, and rapidly tracks down and kills the remainder of the Elm Street kids. However, Kristen, who can draw others into her dreams, wills her special ability to her new friend, Alice.",4.8475,5.867,1508,10131
1972,"Nightmare on Elm Street 5: The Dream Child, A (1989)",8/11/1989,"Alice finds the deadly dreams of Freddy Krueger starting once again. This time, the taunting murderer is striking through the sleeping mind of her unborn child.",3.071,5.4,1338,10160
1973,"Freddy's Dead: The Final Nightmare (Nightmare on Elm Street Part 6: Freddy's Dead, A) (1991)",9/5/1991,"Just when you thought it was safe to sleep, Freddy Krueger returns in this sixth installment of the Nightmare on Elm Street films, as psychologist Maggie Burroughs, tormented by recurring nightmares, meets a patient with the same horrific dreams. Their quest for answers leads to a certain house on Elm Street -- where the nightmares become reality.",4.5054,5.297,1393,11284
1974,Friday the 13th (1980),5/9/1980,Camp counselors are stalked and murdered by an unknown assailant while trying to reopen a summer camp that was the site of a child's drowning.,6.5679,6.4,3120,4488
1975,Friday the 13th Part 2 (1981),5/1/1981,"Five years after the horrible bloodbath at Camp Crystal Lake, new counselors roam the area, not sensing the ominous lurking presence that proves that the grisly legend is real.",4.528,6.2,1785,9725
1976,Friday the 13th Part 3: 3D (1982),8/13/1982,"An idyllic summer turns into a nightmare of unspeakable terror for yet another group of naïve friends. Ignoring Camp Crystal Lake's bloody legacy, one by one they fall victim to the maniacal Jason, who stalks them at every turn...",4.3017,5.9,1500,9728
1977,Friday the 13th Part IV: The Final Chapter (1984),4/13/1984,"After his revival in a hospital morgue, Jason fixes his vengeful attention on the Jarvis family and a group of hitherto carefree teenagers.",6.8076,6.134,1410,9730
1978,Friday the 13th Part V: A New Beginning (1985),3/22/1985,"Homicidal maniac Jason returns from the grave to cause more bloody mayhem. Young Tommy may have escaped from Crystal Lake, but he’s still haunted by the gruesome events that happened there. When gory murders start happening at the secluded halfway house for troubled teens where he now lives, it seems like his nightmarish nemesis, Jason, is back for more sadistic slaughters.",4.8475,5.3,1219,9731
1979,Friday the 13th Part VI: Jason Lives (1986),8/1/1986,"Tommy Jarvis, tormented by the fear that maybe Jason isn't really dead, unwittingly resurrects the mass murderer for another bloody rampage.",2.7012,6.242,1261,10225
1980,Friday the 13th Part VII: The New Blood (1988),5/13/1988,"Tina Shepard, a telekinetic teenage girl, accidentally unchains Jason from his watery grave, allowing him to go on another killing spree in the area.",2.369,5.474,1135,10281
1981,Friday the 13th Part VIII: Jason Takes Manhattan (1989),7/28/1989,"Jason ships out aboard a teen-filled ""love boat"" bound for New York, which he soon transforms into the ultimate voyage of the damned.",1.9322,5,1132,10283
1982,Halloween (1978),10/24/1978,"Fifteen years after murdering his sister on Halloween Night 1963, Michael Myers escapes from a mental hospital and returns to the small town of Haddonfield, Illinois to kill again.",9.7929,7.562,5872,948
1983,Halloween II (1981),8/28/2009,"Laurie Strode struggles to come to terms with her brother Michael's deadly return to Haddonfield, Illinois. Meanwhile, Michael prepares for another reunion with his sister.",5.6969,5.3,1463,24150
1984,Halloween III: Season of the Witch (1982),10/22/1982,"A terrified toy salesman is mysteriously attacked, and at the hospital, babbles and clutches the year's most popular Halloween costume, an eerie pumpkin mask. Suddenly, Doctor Daniel Challis finds himself thrust into a terrifying nightmare.",1.5555,5.2,1447,10676
1985,Halloween 4: The Return of Michael Myers (1988),10/21/1988,Michael returns to Haddonfield for Jamie Lloyd – the orphaned daughter of Laurie Strode – and her babysitter Rachel. Can Dr. Loomis stop him before the unholy slaughter reaches his innocent young niece?,7.6857,6.2,1976,11357
1986,Halloween 5: The Revenge of Michael Myers (1989),10/12/1989,"One year later, Michael Myers' traumatized young niece is horrified to discover she has a telepathic bond with her evil uncle... and that he is on the way back to Haddonfield to begin the carnage again.",6.728,5.31,1258,11361
1987,Prom Night (1980),4/10/2008,"Donna's senior prom is supposed to be the best night of her life, though a sadistic killer from her past has different plans for her and her friends.",1.9886,5.052,751,8617
1990,Prom Night IV: Deliver Us From Evil (1992),2/14/1992,"Thirty years after slashing a Hamilton High couple on Prom Night 1957, psychotic priest Father Jonas gets loose from the chapel basement where the other church fathers had been secretly keeping him locked up and drugged.",4.3245,4.429,70,41769
1991,Child's Play (1988),9/13/1993,"When Micha's mother leaves his irascible father, he tries to prevent their divorce by any means he can think of, but his attempts to hold the family together lead to a catastrophe...",1.3586,5.8,6,296799
1992,Child's Play 2 (1990),11/9/1990,"Chucky is reconstructed by a toy factory to dispel the negative publicity surrounding the doll, and tracks young Andy Barclay to a foster home where the chase begins again.",5.0064,6.331,1919,11186
1993,Child's Play 3 (1991),8/30/1991,"Eight years after seemingly destroying the killer doll, teen Andy Barclay is placed in a military school, and the spirit of Chucky returns to renew his quest and seek vengeance after being recreated from a mass of melted plastic.",4.1264,5.9,1659,11187
1994,Poltergeist (1982),6/4/1982,"Upon realizing that something truly evil haunts his home, Steve Freeling calls in a team of parapsychologists to help before it's too late.",5.6647,7.152,3143,609
1995,Poltergeist II: The Other Side (1986),5/23/1986,"The Freeling family move in with Diane's mother in an effort to escape the trauma and aftermath of Carol Anne's abduction by the Beast. But the Beast is not to be put off so easily and appears in a ghostly apparition as the Reverend Kane, a religious zealot responsible for the deaths of his many followers. His goal is simple - he wants the angelic Carol Anne.",2.5358,5.985,719,11133
1996,Poltergeist III (1988),6/10/1988,"Carol Anne has been sent to live with her Aunt and Uncle in an effort to hide her from the clutches of the ghostly Reverend Kane, but he tracks her down and terrorises her in her relatives' appartment in a tall glass building. Will he finally achieve his target and capture Carol Anne again, or will Tangina be able, yet again, to thwart him?",3.7156,5.238,520,10306
1997,"Exorcist, The (1973)",8/7/2025,"When a vengeful demon resurfaces in Thailand's largest Catholic village, a rigid priest and a maverick shaman must set aside their differences to confront an evil that defies both faith and folklore.",3.7504,4,1,1410193
1998,Exorcist II: The Heretic (1977),6/17/1977,"Bizarre nightmares plague Regan MacNeil four years after her possession and exorcism. Has the demon returned? And if so, can the combined faith and knowledge of a Vatican investigator and a research specialist free her from its grasp?",4.4145,4.5,746,11586
1999,"Exorcist III, The (1990)",8/17/1990,"On the fifteenth anniversary of the exorcism that claimed Father Damien Karras' life, Police Lieutenant Kinderman's world is once again shattered when a boy is found decapitated and savagely crucified.",3.6456,6.3,810,11587
2000,Lethal Weapon (1987),3/6/1987,A veteran cop and an unstable detective become partners who must put their differences aside in order to bring down a heroin-smuggling ring run by ex-Special Forces.,12.155,7.3,4767,941
2001,Lethal Weapon 2 (1989),7/7/1989,Riggs and Murtaugh are on the trail of South African diplomats using their immunity to engage in criminal activities.,11.703,7.021,3552,942
2002,Lethal Weapon 3 (1992),5/15/1992,Riggs and Murtaugh pursue a former officer who uses his knowledge of police procedure and policies to steal and sell confiscated guns and ammunition to local street gangs.,10.0316,6.701,3049,943
2003,Gremlins (1984),6/8/1984,"After receiving an exotic small animal as a Christmas gift, a young man inadvertently breaks three important rules concerning his new pet, which unleashes a horde of malevolently mischievous creatures on a small town.",8.1435,7.136,6642,927
2004,Gremlins 2: The New Batch (1990),6/15/1990,"Young sweethearts Billy and Kate move to the Big Apple, land jobs in a high-tech office park and soon reunite with the friendly and lovable Gizmo. But a series of accidents creates a whole new generation of Gremlins. The situation worsens when the devilish green creatures invade a top-secret laboratory and develop genetically altered powers, making them even harder to destroy!",6.6315,6.521,2728,928
2005,"Goonies, The (1985)",6/7/1985,Young teen Mikey Walsh and his friends set off on a quest to find Pirate One-Eyed Willie's treasure in hopes of saving their homes from demolition.,9.7946,7.514,5929,9340
2006,"Mask of Zorro, The (1998)",7/16/1998,"It has been twenty years since Don Diego de la Vega fought Spanish oppression in Alta California as the legendary romantic hero, Zorro. Having escaped from prison he transforms troubled bandit Alejandro into his successor, in order to foil the plans of the tyrannical Don Rafael Montero who robbed him of his freedom, his wife and his precious daughter.",9.4684,6.575,4141,9342
2007,Polish Wedding (1998),1/16/1998,"The film centers on a big Polish family. Jadzia is the mother and the ruler of the Pzoniak family (she has five children). Though she's happily married to Bolek, she is also having a long-time affair with Roman. Her young daughter Hala is having an affair with neighbour cop Russell and becomes pregnant by him. Russell is pressed hard to marry Hala.",1.5691,5.098,43,38509
2008,"This World, Then the Fireworks (1997)",7/11/1997,"In 1950s, two incestuous lovers, a depraved suave journalist and his equally depraved prostitute sister, plan to get rich through seduction and murder.",2.2459,5.143,28,60033
2009,Soylent Green (1973),4/18/1973,"In the year 2022, overcrowding, pollution,  and resource depletion have reduced society’s leaders to finding food for the teeming masses. The answer is Soylent Green.",3.2698,6.94,1336,12101
2010,Metropolis (1927),2/6/1927,"In a futuristic city sharply divided between the rich and the poor, the son of the city's mastermind meets a prophet who predicts the coming of a savior to mediate their differences.",3.8625,8.098,2927,19
2011,Back to the Future Part II (1989),11/22/1989,"Marty and Doc are at it again as the time-traveling duo head to 2015 to nip some McFly family woes in the bud. But things go awry thanks to bully Biff Tannen and a pesky sports almanac. In a last-ditch attempt to set things straight, Marty finds himself bound for 1955 and face to face with his teenage parents -- again.",9.3474,7.774,13329,165
2012,Back to the Future Part III (1990),5/25/1990,"The final installment finds Marty digging the trusty DeLorean out of a mineshaft and looking for Doc in the Wild West of 1885. But when their time machine breaks down, the travelers are stranded in a land of spurs. More problems arise when Doc falls for pretty schoolteacher Clara Clayton, and Marty tangles with Buford Tannen.",8.7415,7.489,11018,196
2013,"Poseidon Adventure, The (1972)",12/1/1972,"When their ocean liner capsizes, a group of passengers struggle to survive and escape.",3.1597,7.107,933,551
2014,Freaky Friday (1977),8/5/2003,"Mother and daughter bicker over everything -- what Anna wears, whom she likes and what she wants to do when she's older. In turn, Anna detests Tess's fiancé. When a magical fortune cookie switches their personalities, they each get a peek at how the other person feels, thinks and lives.",18.1018,6.553,4020,10330
2015,"Absent-Minded Professor, The (1961)",1/20/1961,"Bumbling professor Ned Brainard accidentally invents flying rubber, or ""Flubber"", an incredible material that gains energy every time it strikes a hard surface. It allows for the invention of shoes that can allow jumps of amazing heights and enables a modified Model-T to fly. Unfortunately, no one is interested in the material except for Alonzo Hawk, a corrupt businessman who wants to steal the material for himself.",1.992,6.5,184,17984
2016,"Apple Dumpling Gang Rides Again, The (1979)",6/27/1979,"Amos and Theodore, the two bumbling outlaw wannabes from The Apple Dumpling Gang, are back and trying to make it on their own. This time, the crazy duo gets involved in an army supply theft case -- and, of course, gets in lots of comic trouble along the way!",0.6424,6.429,70,22328
2017,Babes in Toyland (1961),12/14/1934,"Ollie Dee and Stannie Dum try to borrow money from their employer, the toymaker, to pay off the mortgage on Mother Peep's shoe and keep it and Little Bo Peep from the clutches of the evil Barnaby. When that fails, they trick Barnaby, enraging him.",1.6098,6.334,145,25898
2018,Bambi (1942),8/14/1942,"Bambi's tale unfolds from season to season as the young prince of the forest learns about life, love, and friends.",7.0994,7.01,5830,3170
2019,Seven Samurai (Shichinin no samurai) (1954),4/26/1954,"A samurai answers a village's request for protection after he falls on hard times. The town needs protection from bandits, so the samurai gathers six others to help him teach the people how to defend themselves, and the villagers provide the soldiers with food.",7.8539,8.455,3972,346
2020,Dangerous Liaisons (1988),7/8/2022,"The innocent Célène might be falling in love with popular surfer Tristan at her new school. But she has no idea that, in actuality, she’s the object of a cruel bet between Tristan and Instagram influencer Vanessa.",2.1683,5.92,308,968739
2021,Dune (1984),9/15/2021,"Paul Atreides, a brilliant and gifted young man born into a great destiny beyond his understanding, must travel to the most dangerous planet in the universe to ensure the future of his family and his people. As malevolent forces explode into conflict over the planet's exclusive supply of the most precious resource in existence-a commodity capable of unlocking humanity's greatest potential-only those who can conquer their fear will survive.",22.9184,7.781,13870,438631
2022,"Last Temptation of Christ, The (1988)",5/28/1988,"Jesus, a humble Judean carpenter beginning to see that he is the son of God, is drawn into revolutionary action against the Roman occupiers by Judas -- despite his protestations that love, not violence, is the path to salvation. The burden of being the savior of mankind torments Jesus throughout his life, leading him to doubt.",2.3115,7.225,1121,11051
2023,"Godfather: Part III, The (1990)",12/25/1990,"In the midst of trying to legitimize his business dealings in 1979 New York and Italy, aging mafia don, Michael Corleone seeks forgiveness for his sins while taking a young protege under his wing.",12.6799,7.4,6497,242
2024,"Rapture, The (1991)",2/19/2019,"Detective Conad is investigating suspicious events regarding an Art Gallery and the paintings of the mysterious artist ""The Rapture"".",0.0453,0,0,848477
2025,Lolita (1997),9/27/1997,"Humbert Humbert is a middle-aged British novelist who is both appalled by and attracted to the vulgarity of American culture. When he comes to stay at the boarding house run by Charlotte Haze, he soon becomes obsessed with Lolita, the woman's teenaged daughter.",8.6068,7.136,1870,9769
2026,Disturbing Behavior (1998),7/24/1998,"Steve Clark is a newcomer in the town of Cradle Bay, and he quickly realizes that there's something odd about his high school classmates. The clique known as the ""Blue Ribbons"" are the eerie embodiment of academic excellence and clean living. But, like the rest of the town, they're a little too perfect. When Steve's rebellious friend Gavin mysteriously joins their ranks, Steve searches for the truth with fellow misfit Rachel.",3.9324,5.762,391,9424
2027,Jane Austen's Mafia! (1998),7/24/1998,Takeoff on the Godfather with the son of a mafia king taking over for his dying father.,2.7799,5.488,200,9835
2028,Saving Private Ryan (1998),7/24/1998,"As U.S. troops storm the beaches of Normandy, three brothers lie dead on the battlefield, with a fourth trapped behind enemy lines. Ranger captain John Miller and seven men are tasked with penetrating German-held territory and bringing the boy home.",14.1949,8.22,16485,857
2032,"Barefoot Executive, The (1971)",11/11/1995,A young man working in the mailroom of a television network rises to the top of the company after he discovers that his girlfriend's chimp is capable of picking hit shows.,1.6164,4.333,3,124344
2033,"Black Cauldron, The (1985)",7/24/1985,"Taran is an assistant pigkeeper with boyish dreams of becoming a great warrior. However, he has to put the daydreaming aside when his charge, an oracular pig named Hen Wen, is kidnapped by an evil lord known as the Horned King. The villain hopes Hen will show him the way to The Black Cauldron, which has the power to create a giant army of unstoppable soldiers.",8.4311,6.417,1375,10957
2034,"Black Hole, The (1979)",11/10/2018,"Concerning three groups of children from disparate upbringings, A Black Hole is a Black Hole in the Ground intimately depicts the strange, ephemeral realities that arise on evenings of play, when dimensions of space and time, not fully cemented by adulthood, begin to dissolve. Parking lots, hen houses, and brownstone apartments become the dwellings of many strange creatures; coyotes are rendered forest spirits, neighbors as martians, and night crawlers as flesh-eating meteorite worms. Employing sci-fi, documentary and ethnography techniques, a state of mind particular to early youth is sublimated - weight is lent to shadows as vast as space, ripe with discoveries both minuscule and immense.",0.0379,0,0,588734
2035,Blackbeard's Ghost (1968),2/8/1968,"The eponymous wraith returns to Earth to aid his descendant, elderly Emily Stowecroft. The villains want to kick Emily and her friends out of their group home so that they can build a crooked casino. Good guy Steve Walker gets caught in the middle of the squabble after evoking Blackbeard's ghost.",4.2622,6.7,149,16249
2036,Blank Check (1994),2/11/1994,"Bullied by his siblings and nagged by his parents, 11-year-old Preston is fed up with his family -- especially their frugality. But he gets his chance to teach them a lesson when a money-laundering criminal nearly bulldozes Preston with his car and gives the boy a blank check as compensation. Preston makes the check out for $1 million and goes on a spending spree he'll never forget. Maybe now, his family will take him seriously!",3.3149,5.944,510,13962
2037,Candleshoe (1977),12/16/1977,"When ex-con artist Harry claims that a secret treasure is hidden inside Candleshoe, an English estate, he creates an elaborate plan to find and steal the prize. By convincing a girl named Casey to impersonate the estate owner's long-lost granddaughter, Harry hopes to uncover the treasure's location. But when Casey has a change of heart, she must follow the clues and find the treasure, in order to save Candleshoe and stop Harry before it is too late.",1.9416,6.9,115,14612
2038,"Cat from Outer Space, The (1978)",6/9/1978,"A UFO is stranded on earth and impounded by the US government. Its pilot, a cat with a collar that gives it special powers, including the ability to communicate with humans, has eluded the authorities and seeks the help of a scientist in order to reclaim and repair his ship and get back home.",3.7999,5.9,141,19378
2040,"Computer Wore Tennis Shoes, The (1969)",12/29/1969,"Some college students manage to persuade the town's big businessman, A. J. Arno, to donate a computer to their college. When the problem- student, Dexter Riley, tries to fix the computer, he gets an electric shock and his brain turns to a computer; now he remembers everything he reads. Unfortunately, he also remembers information which was in the computer's memory, like Arno's illegal businesses..",0.9265,6,152,29228
2041,Condorman (1981),7/2/1981,"Comic artist and writer Woody performs a simple courier operation for his friend Harry who works for the CIA. But when he successfully fends off hostile agents, he earns the respect of the beautiful Natalia, who requests his assistance for her defection. Woody uses this request as leverage to use the CIA's resources to bring his comic book creation, Condorman, to life to battle the evil Krokov.",0.9861,5.504,137,19379
2042,D2: The Mighty Ducks (1994),3/25/1994,"After Gordon Bombay's hockey comeback is cut short he is named coach of Team USA Hockey for the Junior Goodwill Games. Bombay reunites the Mighty Ducks and introduces a few new players, however, he finds himself distracted by his newfound fame and must regather if the Ducks are to defeat tournament favourites Iceland.",1.8961,6.177,621,11164
2043,Darby O'Gill and the Little People (1959),6/24/1959,A wily old codger matches wits with the King of the Leprechauns and helps play matchmaker for his daughter and the strapping lad who has replaced him as caretaker.,0.9733,6.7,158,18887
2044,"Devil and Max Devlin, The (1981)",3/6/1981,"When Max dies in an accident, he goes straight to Hell. But the Devil Barney makes him an offer: if he manages to get three innocent youths to sell him their souls in the next two months, he may stay on Earth. Max accepts, and returns to Earth, equipped with special powers. However, his task is harder than expected, especially when seven year old Tobi demands that he marry his mother.",0.3845,5.8,37,40866
2046,Flight of the Navigator (1986),7/30/1986,"12-year-old David is accidentally knocked out in the forest near his home, but when he awakens eight years have passed. His family is overjoyed to have him back, but is just as perplexed as he is that he hasn't aged. When a NASA scientist discovers a UFO nearby, David gets the chance to unravel the mystery and recover the life he lost.",5.3204,6.945,885,10122
2048,"Great Mouse Detective, The (1986)",7/2/1986,"When the diabolical Professor Ratigan kidnaps London's master toymaker, the brilliant master of disguise Basil of Baker Street and his trusted sidekick Dawson try to elude the ultimate trap and foil the perfect crime.",5.4665,7.045,1727,9994
2050,Herbie Goes Bananas (1980),6/25/1980,The adorable little VW helps its owners break up a counterfeiting ring in Mexico.,4.2873,5.3,237,12129
2051,Herbie Goes to Monte Carlo (1977),6/24/1977,"Herbie, the Volkswagen Beetle with a mind of its own, is racing in the Monte Carlo Rally. But thieves have hidden a cache of stolen diamonds in Herbie's gas tank, and are now trying to get them back.",1.5595,5.9,331,14140
2052,Hocus Pocus (1993),1/12/1984,"This movie follows in the same spirit as Mr. Vampire, Dead and the deadly and Spooky encounters, mixing comedy and horror!",3.0733,6.111,9,181870
2053,"Honey, I Blew Up the Kid (1992)",7/16/1992,"Wayne Szalinski is at it again. But instead of shrinking things, he tries to make a machine that can make things grow. As in the first one, his machine isn't quite accurate. But when he brings Nick & his toddler son Adam to see his invention, the machine unexpectedly starts working. And when Adam comes right up to the machine, he gets zapped along with his stuffed bunny.",4.4145,5.3,1210,11158
2054,"Honey, I Shrunk the Kids (1989)",6/23/1989,The scientist father of a teenage girl and boy accidentally shrinks his and two other neighborhood teens to the size of insects. Now the teens must fight diminutive dangers as the father searches for them.,6.7348,6.303,3164,9354
2055,Hot Lead and Cold Feet (1978),7/5/1978,"Twin brothers -- one rough and tough, the other a city-bred milquetoast -- compete for their father's fortune.",0.8466,5.8,32,28736
2056,In Search of the Castaways (1962),12/1/1962,"Two teenagers, Mary (Hayley Mills) and Robert (Keith Hamshere) are lead by Professor Paganel (Maurice Chevalier) on a search expedition for the children's shipwrecked sea captain father. This Disney film was based upon Jules Verne's 1868 adventure novel Captain Grant's Children.",0.5996,6.4,75,34774
2057,"Incredible Journey, The (1963)",2/3/1993,"Before the Seavers leave for a family vacation to San Francisco, they drop off their pets -- Chance, an adventurous American bulldog; Shadow, a wise golden retriever; and Sassy, a cautious cat -- at a friend's ranch. But when the animals start to worry that they've been left for good, the three embark together on a treacherous and thrilling journey to find their way back home through the California wilderness.",3.6823,6.969,1070,6878
2058,"Negotiator, The (1998)",7/29/1998,"The police try to arrest expert hostage negotiator Danny Roman, who insists he's being framed for his partner's murder in what he believes is an elaborate conspiracy. Thinking there's evidence in the Internal Affairs offices that might clear him, he takes everyone in the office hostage and demands that another well-known negotiator be brought in to handle the situation and secretly investigate the conspiracy.",8.2459,7.104,2208,9631
2059,"Parent Trap, The (1998)",7/28/1998,"Hallie Parker and Annie James are identical twins who were separated at a young age due to their parents' divorce. Unbeknownst to their parents, the girls are sent to the same summer camp, where they meet, discover the truth about their relationship, and come up with a plan to switch places in an effort to reunite their mother and father.",11.9627,7.217,4336,9820
2060,BASEketball (1998),7/28/1998,"Two losers from Milwaukee, Coop and Remer, invent a new game combining basketball with the rules of baseball. When the game becomes a huge success, they, along with a billionaire's help, form the Professional Baseketball League where everyone gets the same pay and no team can change cities. When a rival owner wants to institute major rule changes, Coop and Remer's team is the only one standing in the way.",2.4197,6.115,605,14013
2064,Roger & Me (1989),9/1/1989,"A documentary about the closure of General Motors' plant at Flint, Michigan, which resulted in the loss of 30,000 jobs. Details the attempts of filmmaker Michael Moore to get an interview with GM CEO Roger Smith.",0.4668,7.1,306,1779
2065,"Purple Rose of Cairo, The (1985)",3/1/1985,"Cecilia is a waitress in New Jersey, living a dreary life during the Great Depression. Her only escape from her mundane reality is the movie theatre. After losing her job, Cecilia goes to see 'The Purple Rose of Cairo' in hopes of raising her spirits, where she watches dashing archaeologist Tom Baxter time and again.",2.6363,7.401,1082,10849
2066,Out of the Past (1947),11/25/1947,The peaceful life of a gas station owner is disrupted when a man from his past arrives in town and forces him to return to the dark world he had tried to escape.,2.0069,7.6,617,678
2067,Doctor Zhivago (1965),12/22/1965,"The life of a Russian physician and poet who, although married to another, falls in love with a political activist's wife and experiences hardship during World War I and then the October Revolution.",4.5937,7.543,1203,907
2068,Fanny and Alexander (Fanny och Alexander) (1982),12/17/1982,"As children in the loving Ekdahl family, Fanny and Alexander enjoy a happy life with their parents, who run a theater company. After their father dies unexpectedly, however, the siblings end up in a joyless home when their mother, Emilie, marries a stern bishop. The bleak situation gradually grows worse as the bishop becomes more controlling, but dedicated relatives make a valiant attempt to aid Emilie, Fanny and Alexander.",1.2431,7.8,813,5961
2069,"Trip to Bountiful, The (1985)",12/20/1985,"Carrie Watts is living the twilight of her life trapped in an apartment in 1940s Houston, Texas with a controlling daughter-in-law and a hen-pecked son. Her fondest wish – just once before she dies – is to revisit Bountiful, the small Texas town of her youth which she still refers to as ""home.""",2.436,7.3,51,47908
2070,Tender Mercies (1983),3/4/1983,Alchoholic former country singer Mac Sledge makes friends with a young widow and her son. The friendship enables him to find inspiration to resume his career.,0.8748,6.7,143,42121
2071,And the Band Played On (1993),4/12/2012,"From the moment the ship sank, a series of powerful myths grew up around the Titanic. Perhaps the most potent of all was that of the band standing on deck, bravely playing on until the last lifeboat had left and there was no hope of escape. For the first time, Titanic: The Band Played On tells the story of those unsung heroes who were about to play for the last time.",0.2649,8,1,935238
2072,"'burbs, The (1989)",2/17/1989,"When secretive new neighbors move in next door, suburbanite Ray Peterson and his friends let their paranoia get the best of them as they start to suspect the newcomers of evildoings and commence an investigation. But it's hardly how Ray, who much prefers drinking beer, reading his newspaper and watching a ball game on the tube expected to spend his vacation.",5.951,6.8,1286,11974
2073,Fandango (1985),1/25/1985,"In 1971, five college buddies from the University of Texas embark on a final road trip odyssey across the Mexican border before facing up to uncertain futures, in Vietnam and otherwise.",1.4032,6.7,185,20348
2074,"Night Porter, The (Portiere di notte, Il) (1974)",4/3/1974,"A concentration camp survivor discovers her former torturer and lover working as a porter at a hotel in postwar Vienna. When the couple attempt to re-create their sadomasochistic relationship, his former SS comrades begin to stalk them.",1.367,6.8,361,26648
2075,Mephisto (1981),11/14/2022,"Helena suffers the loss of her parents. Between mourning and abandonment, she receives through dreams, messages that will make her delve into herself, and at the same time, follow the strange trail of someone who will change her existence.",2.8585,2,1,1049923
2076,Blue Velvet (1986),9/19/1986,"The discovery of a severed human ear found in a field leads a young man on an investigation related to a beautiful, mysterious nightclub singer and a group of psychopathic criminals who have kidnapped her child.",7.1672,7.607,3562,793
2077,"Journey of Natty Gann, The (1985)",9/27/1985,"America is in the depths of the Great Depression. Families drift apart when faraway jobs beckon. A courageous young girl confronts overwhelming odds when she embarks on a cross-country search for her father. During her odyssey, she forms a close bond with two diverse traveling companions: a magnificent, protective wolf, and a hardened drifter.",3.8795,6.862,156,35144
2078,"Jungle Book, The (1967)",5/20/2014,"The jungle is roaring with excitement when Mowgli, Baloo and all their animal friends stir up fun and pandemonium in this party packed adventure. Baloo becomes royalty, bouncing baby elephants everywhere and Mowgli holds both a fishing and a fitness contest!",0.0398,6.5,2,291700
2080,Lady and the Tramp (1955),6/22/1955,"Lady, a golden cocker spaniel, meets up with a mongrel dog who calls himself the Tramp. He is obviously from the wrong side of town, but happenings at Lady's home make her decide to travel with him for a while.",7.5911,7.121,5445,10340
2081,"Little Mermaid, The (1989)",5/30/2023,"In this ""half-fish"" out-of-water animated adventure, a mermaid princess makes a bargain with a sea witch to become human.",3.1725,5.7,29,1136767
2082,"Mighty Ducks, The (1992)",3/25/1994,"After Gordon Bombay's hockey comeback is cut short he is named coach of Team USA Hockey for the Junior Goodwill Games. Bombay reunites the Mighty Ducks and introduces a few new players, however, he finds himself distracted by his newfound fame and must regather if the Ducks are to defeat tournament favourites Iceland.",1.8961,6.177,621,11164
2083,"Muppet Christmas Carol, The (1992)",12/11/1992,"A retelling of the classic Dickens tale of Ebenezer Scrooge, miser extraordinaire. He is held accountable for his dastardly ways during night-time visitations by the Ghosts of Christmas Past, Present and Future.",3.1639,7.425,1067,10437
2084,Newsies (1992),4/10/1992,"A week in the life of the exploited, child newspaper sellers in turn-of-the-century New York. When their publisher, Joseph Pulitzer, tries to squeeze a little more profit out of their labours, they organize a strike, only to be confronted with the Pulitzer's hard-ball tactics.",2.1113,6.741,283,15300
2085,101 Dalmatians (One Hundred and One Dalmatians) (1961),11/27/1996,"An evil, high-fashion designer plots to steal Dalmatian puppies in order to make an extravagant fur coat, but instead creates an extravagant mess.",7.0275,5.932,3484,11674
2087,Peter Pan (1953),12/26/1962,"Peter Pan is an adolescent boy who has escaped from his parents to the dreamland of Nowhere. Peter is determined to remain a little boy forever; because the adult world does not please him at all. Together with the fairy Tinkerbell, Peter Pan lures the girl Wendy and her two brothers John and Michael to Nowhere, where Peter teaches them to fly. They join forces with the Indians, led by the beautiful Tigerlilly, to fight together against the evil Captain Jack Haken and his wild pirates.",2.1231,0,0,360721
2088,Popeye (1980),12/12/1980,"Popeye is a super-strong, spinach-scarfing sailor man who's searching for his father. During a storm that wrecks his ship, Popeye washes ashore and winds up rooming at the Oyl household, where he meets Olive. Before he can win her heart, he must first contend with Olive's fiancé, Bluto.",2.2096,5.511,653,11335
2089,"Rescuers Down Under, The (1990)",11/16/1990,"A lawless poacher wants to capture a majestic and rare golden eagle, so he kidnaps the boy who knows where to find the bird. Not to worry -- the Rescue Aid Society's top agents, heroic mice Miss Bianca and Bernard, fly to Australia to save the day. Accompanying the fearless duo are bumbling albatross Wilbur and local field operative Jake the Kangaroo Rat.",0.7451,6.638,1333,11135
2090,"Rescuers, The (1977)",5/7/2011,"Shimazaki Sanpo is an experienced mountain climber and rescue team volunteer. Sanpo loves the mountains and wants as many people as possible to experience everything they have to offer so much so that he never holds a grudge against anyone for causing an accident due to their own negligence. Even if a fellow rescuer dies, he's the kind of man who can look toward the corpse and say ""You did your best."" One spring, newcomer Shiina Kumi is assigned to the Nagano prefecture mountain rescue team where she experiences growth thanks to Sanpo's guidance and the seemingly harsh training methods of the team's captain, Noda. However, she becomes depressed when she's unable to translate her skills to a real-life situation. As her confidence wanes, multiple accidents occur simultaneously due to a mountain blizzard, forcing the entire team into action.",1.747,6.2,5,93178
2091,Return from Witch Mountain (1978),3/10/1978,"Tony and Tia are other-worldly twins endowed with telekinesis. When their Uncle Bene drops them off in Los Angeles for an earthbound vacation, a display of their supernatural skill catches the eye of the nefarious Dr. Gannon and his partner in crime, Letha, who see rich possibilities in harnessing the children's gifts. They kidnap Tony, and Tia gives chase only to find Gannon is using her brother's powers against her.",0.8532,5.9,233,14822
2092,"Return of Jafar, The (1994)",5/20/1994,"The evil Jafar escapes from the magic lamp as an all-powerful genie, ready to plot his revenge against Aladdin. From battling elusive villains atop winged horses, to dodging flames inside an exploding lava pit, it's up to Aladdin - with Princess Jasmine and the outrageously funny Genie by his side - to save the kingdom once and for all.",6.1057,6.241,3389,15969
2093,Return to Oz (1985),6/21/1985,"Dorothy, saved from a psychiatric experiment by a mysterious girl, finds herself back in the land of her dreams, and makes delightful new friends, and dangerous new enemies.",3.4306,6.7,1039,13155
2094,"Rocketeer, The (1991)",9/28/1956,"Professor Hamilton, a naive Nuclear scientist who once thought bombs were good for humanity, realizes his mistake and runs away from his inventions. He hides in Calabuch, a beautiful seaside town where people still believe in humor and friendship.",0.4441,7.5,41,107612
2095,"Shaggy D.A., The (1976)",12/17/1976,"Wilby Daniels, a successful lawyer running for District Attorney, suddenly finds himself being transformed into an English sheepdog. Somehow he has to keep his change a secret and find just what is causing it, all the while eluding the local dog catcher.",0.5639,5.765,82,15943
2096,Sleeping Beauty (1959),2/17/1959,"Cursed to die by the evil fairy Maleficent when she was a baby, Princess Aurora is sent into hiding under protection from three good fairies. As she grows up far away, Maleficent becomes increasingly determined to seal the princess's fate.",14.9814,6.942,5306,10882
2097,Something Wicked This Way Comes (1983),3/25/2018,"SOMETHING WICKED THIS WAY COMES is a project that examines horror culture and filmmaking in the New England area. Through the stories of industry professionals, filmmakers, and actors, it explores the historical and contemporary significance of the area's impact on the horror genre, as well as the decision to pursue a project locally.",0.3889,0,0,536123
2098,Son of Flubber (1963),1/16/1963,"Beleaguered professor Ned Brainard has already run into a pile of misfortunes with his discovery of the super-elastic substance ""Flubber."" Now he hopes to have better luck with a gravity-busting derivative he's dubbed ""Flubbergas."" Ned's experiments, constantly hampered by government obstruction, earn the consternation of his wife, Betsy. But a game-winning modification to a football uniform may help Ned make the case for his fantastic new invention.",0.6404,5.9,65,19762
2099,Song of the South (1946),11/12/1946,Uncle Remus draws upon his tales of Br'er Rabbit to help little Johnny deal with his confusion over his parents' separation as well as his new life on the plantation.,2.4107,6.4,287,13850
2100,Splash (1984),3/9/1984,"A successful businessman falls in love with the girl of his dreams. There's one big complication though; he's fallen hook, line and sinker for a mermaid.",3.7378,6.257,1404,2619
2102,Steamboat Willie (1928),5/15/1928,"Mickey Mouse, piloting a steamboat, delights his passenger, Minnie Mouse, by making musical instruments out of the menagerie on deck.",2.3055,7.283,572,53565
2103,Tall Tale (1995),2/8/2019,"Shortly after the end of World War II, a con man on the run finds himself in a passionate love affair that may well cost him his life.",0.6963,7.2,15,582227
2104,Tex (1982),12/1/2017,"Seventeen-year-old Tex is the sole carer for her disabled father while working long shifts at a local carwash to make ends meet. She’s in love with her co-worker Delano, from afar – and hanging out with him is a warm escape from the harsh reality of her home life. When Tex catches Delano in the act with Katja, the despiteful carwash manager, he shatters her illusion of true love. Hurt and enraged, Tex sets out to get back at them, crossing paths with her own demons on the road to vengeance.",0.0214,0,0,692678
2105,Tron (1982),7/9/1982,"When brilliant video game maker Flynn hacks the mainframe of his ex-employer, he is beamed inside an astonishing digital world...And becomes part of the very game he is designing. In his mission through cyberspace, Flynn matches wits with a maniacal Master Control Program and teams up with Tron, a security measure created to bring balance to the digital environment.",7.6143,6.645,2438,97
2106,Swing Kids (1993),12/14/2018,"Rebellious Ki-soo from North Korea is mesmerized by tap dance in prison camps. Ki-soo joins as a team member of a dance team named 'Swing Kids'. Yet suddenly, their dreams about dancing in prison camps are put in danger.",1.8367,8.091,77,554779
2107,Halloween H20: 20 Years Later (Halloween 7: The Revenge of Laurie Strode) (1998),8/5/1998,"Two decades after surviving a massacre on October 31, 1978, former baby sitter Laurie Strode finds herself hunted by persistent knife-wielder Michael Myers. Laurie now lives in Northern California under an assumed name, where she works as the headmistress of a private school. But it's not far enough to escape Myers, who soon discovers her whereabouts. As Halloween descends upon Laurie's peaceful community, a feeling of dread weighs upon her -- with good reason.",7.9013,6,1710,11675
2108,L.A. Story (1991),2/8/1991,"With the help of a talking freeway billboard, a ""wacky weatherman"" tries to win the heart of an English newspaper reporter, who is struggling to make sense of the strange world of early-90s Los Angeles.",2.4847,6.487,354,2107
2109,"Jerk, The (1979)",10/21/1987,"Leonidas is tricked into thinking he will hit the jackpot by a guy from the underworld, Babis, also well-known on the street as ""the teacher"". So, he sets up an ad hoc gang with his close friends in order to rob a bank. The operation, however, is crowned by complete failure. Actually, Babis used Leonidas to create a diversion in order to rob a jeweler's shop. Leonidas flies into a rage and swears to take revenge on the ""teacher"". The scuffle that follows results in all of them ending up in hospital.",2.291,6.139,18,38038
2110,Dead Men Don't Wear Plaid (1982),5/21/1982,"Juliet Forrest is convinced that the reported death of her father in a mountain car crash was no accident. Her father was a prominent cheese scientist working on a secret recipe. To prove it was murder, she enlists the services of private eye Rigby Reardon. He finds a slip of paper containing a list of people who are 'The Friends and Enemies of Carlotta'.",1.3878,6.6,409,9442
2111,"Man with Two Brains, The (1983)",6/10/1983,"A brain surgeon marries a femme fatale, causing his life to turn upside down. Things go more awry when he falls in love with a talking brain.",1.4461,6.238,449,11591
2112,Grand Canyon (1991),5/25/1964,"After a search for his father's killers, Wes Evans returns home only to find himself involved in a bloody land dispute.",3.425,5.8,4,127122
2114,"Outsiders, The (1983)",3/25/1983,"When two poor Greasers, Johnny and Ponyboy, are assaulted by a vicious gang, the Socs, and Johnny kills one of the attackers, tension begins to mount between the two rival gangs, setting off a turbulent chain of events.",7.9999,7.206,1451,227
2115,Indiana Jones and the Temple of Doom (1984),5/23/1984,"After arriving in India, Indiana Jones is asked by a desperate village to find a mystical stone. He agrees – and stumbles upon a secret cult plotting a terrible plan in the catacombs of an ancient palace.",8.4853,7.302,9683,87
2116,"Lord of the Rings, The (1978)",12/18/2001,"Young hobbit Frodo Baggins, after inheriting a mysterious ring from his uncle Bilbo, must leave his home in order to keep it from falling into the hands of its evil creator. Along the way, a fellowship is formed to protect the ringbearer and make sure that the ring arrives at its final destination: Mt. Doom, the only place where it can be destroyed.",26.1496,8.424,26327,120
2117,1984 (Nineteen Eighty-Four) (1984),11/15/2023,"In a bleak and oppressive totalitarian society ruled by Big Brother, personal freedoms are nonexistent and surveillance is constant. Art is mocked and destroyed, and imagination is considered a serious illness. In this grim world, a brilliant mathematician engages in a forbidden romance with a colleague and learns about a secret resistance. He is faced with a choice - to join or betray it.",0.4614,7.167,9,1107550
2118,"Dead Zone, The (1983)",10/21/1983,"Johnny Smith is a schoolteacher with his whole life ahead of him but, after leaving his fiancee's home one night, is involved in a car crash which leaves him in a coma for 5 years. When he wakes, he discovers he has an ability to see into the past, present and future life of anyone with whom he comes into physical contact.",6.1784,7,1717,11336
2119,Maximum Overdrive (1986),7/13/1986,"When a comet passes close to the earth, machines all over the world come alive and go on homicidal rampages. A group of people at a desolate truck stop are held hostage by a gang of homicidal 18-wheelers. The frightened people set out to defeat the killer machines ... or be killed by them.",3.4855,5.8,801,9980
2120,Needful Things (1993),8/27/1993,"A mysterious new shop opens in a small town which always seems to stock the deepest desires of each shopper, with a price far heavier than expected.",1.4261,6.233,564,10657
2121,Cujo (1983),8/10/1983,"A friendly St. Bernard named ""Cujo"" contracts rabies and conducts a reign of terror on a small American town.",4.1079,6.155,1056,10489
2122,Children of the Corn (1984),9/26/2009,A traveling couple end up in an abandoned Nebraska town inhabited by a cult of murderous children who worship a demon that lives in the local cornfields.,1.4246,4.449,197,25754
2123,All Dogs Go to Heaven (1989),11/17/1989,"When a casino-owning dog named Charlie is murdered by his rival Carface, he finds himself in Heaven basically by default since all dogs go to heaven. However, since he wants to get back at his killer, he cons his way back to the living with the warning that doing that damns him to Hell. Once back, he teams with his old partner, Itchy, to prep his retaliation. He also stumbles onto an orphan girl who can talk to the animals, thus allowing him to get the inside info on the races to ensure his wins to finance his plans. However, all the while, he is still haunted by nightmares of what's waiting for him on the other side unless he can prove that he is worthy of Heaven again.",4.1529,6.8,1079,11497
2124,"Addams Family, The (1991)",11/22/1991,"When a man claiming to be long-lost Uncle Fester reappears after 25 years lost, the family plans a celebration to wake the dead. But the kids barely have time to warm up the electric chair before Morticia begins to suspect Fester is fraud when he can't recall any of the details of Fester's life.",12.4289,7.1,4789,2907
2125,Ever After: A Cinderella Story (1998),7/31/1998,"Danielle, a vibrant young woman is forced into servitude after the death of her father when she was a young girl. Danielle's stepmother Rodmilla is a heartless woman who forces Danielle to do the cooking and cleaning, while she tries to marry off the eldest of her two daughters to the prince. But Danielle's life takes a wonderful turn when, under the guise of a visiting royal, she meets the charming Prince Henry.",6.1169,7.433,1507,9454
2126,Snake Eyes (1998),8/7/1998,"All bets are off when shady homicide cop Rick Santoro witnesses a murder during a boxing match. It's up to him and lifelong friend, Naval intelligence agent Kevin Dunne, to uncover the conspiracy behind the killing. At every turn, Santoro makes increasingly shocking discoveries that even he can't turn a blind eye to.",1.8192,6.185,1412,8688
2130,Atlantic City (1980),9/15/1944,"In 1915, Atlantic City is a sleepy seaside resort, but Brad Taylor, son of a small hotel and vaudeville house proprietor, has big plans: he thinks it can be ""the playground of the world."" Brad's wheeling and dealing proves remarkably successful in attracting big enterprises and big shows, but brings him little success in personal relationships. Full of nostalgic songs and acts, some with the original artists. Reissued in 1950 as ""Atlantic City Honeymoon"".",0.4346,5,2,186807
2131,Autumn Sonata (Höstsonaten) (1978),10/19/2017,It is said that time is equal to everyone but things are different to Suryeon who turns 30. She doesn't have much time to live. Her dad died from disease when she was young. She expects the same path.,0.8919,5.2,4,477210
2132,Who's Afraid of Virginia Woolf? (1966),7/5/2024,,0.3589,0,0,1402087
2133,Adventures in Babysitting (1987),6/24/2016,"Two teen rival babysitters, Jenny and Lola, team up to hunt down one of their kids who accidentally ran away into the big city without any supervision.",4.4066,7.3,427,360606
2134,Weird Science (1985),8/1/1985,"Two unpopular teenagers, Gary and Wyatt, fail at all attempts to be accepted by their peers. Their desperation to be liked leads them to ""create"" a woman via their computer. Their living and breathing creation is a gorgeous woman, Lisa, whose purpose is to boost their confidence level by putting them into situations which require Gary and Wyatt to act like men.",5.9889,6.552,1456,11814
2135,Doctor Dolittle (1967),6/26/1998,"A successful physician and devoted family man, John Dolittle seems to have the world by the tail, until a long suppressed talent he possessed as a child, the ability to communicate with animals is suddenly reawakened with a vengeance! Now every creature within squawking distance wants the good doctor's advice, unleashing an outrageous chain of events that turns his world upside down!",4.9376,5.7,3144,3050
2136,"Nutty Professor, The (1963)",6/28/1996,"When beautiful Carla Purty joins the university faculty, genetic professor Dr. Sherman Klump grows desperate to whittle his 400-pound frame down to size and win her heart. So, with one swig of his experimental fat-reducing serum, Sherman becomes 'Buddy Love', a fast-talking, pumped-up, plumped down Don Juan.",6.233,5.646,2985,9327
2137,Charlotte's Web (1973),12/7/2006,"Wilbur the pig is scared of the end of the season, because he knows that come that time, he will end up on the dinner table. He hatches a plan with Charlotte, a spider that lives in his pen, to ensure that this will never happen.",4.4987,6.218,1409,9986
2138,Watership Down (1978),10/14/1978,"When the warren belonging to a community of rabbits is threatened, a brave group led by Fiver, Bigwig, Blackberry and Hazel leave their homeland in a search of a safe new haven.",1.8706,7.191,659,11837
2139,"Secret of NIMH, The (1982)",6/17/1982,"A widowed field mouse must move her family -- including an ailing son -- to escape a farmer's plow. Aided by a crow and a pack of superintelligent, escaped lab rats, the brave mother struggles to transplant her home to firmer ground.",6.958,7.447,877,11704
2140,"Dark Crystal, The (1982)",8/30/2019,"Go behind the scenes with stars, puppeteers and creators as they bring Jim Henson's magical world of Thra back to life in a sweeping fantasy series.",2.0178,7.539,38,627133
2141,"American Tail, An (1986)",2/15/1998,"Fievel and his friend Tony Toponi find a map that they believe points to a treasure buried somewhere beneath Old New York, and the plucky rodent is determined to find it. However, what he discovers under the city is a tribe of Native American mice who were driven underground by prejudiced European immigrants.",1.2651,6.247,179,31473
2142,"American Tail: Fievel Goes West, An (1991)",11/21/1991,"Some time after the Mousekewitz's have settled in America, they find that they are still having problems with the threat of cats. That makes them eager to try another home out in the west, where they are promised that mice and cats live in peace. Unfortunately, the one making this claim is an oily con artist named Cat R. Waul who is intent on his own sinister plan.",4.9213,6.328,758,10380
2143,Legend (1985),9/9/2015,"Suave, charming and volatile, Reggie Kray and his unstable twin brother Ronnie start to leave their mark on the London underworld in the 1960s. Using violence to get what they want, the siblings orchestrate robberies and murders while running nightclubs and protection rackets. With police Detective Leonard ""Nipper"" Read hot on their heels, the brothers continue their rapid rise to power and achieve tabloid notoriety.",8.8538,7.056,4048,276907
2144,Sixteen Candles (1984),5/4/1984,"With the occasion all but overshadowed by her sister's upcoming wedding, angst-ridden Samantha faces her 16th birthday with typical adolescent dread. Samantha pines for studly older boy Jake, but worries that her chastity will be a turnoff for the popular senior. Meanwhile, she must constantly rebuff the affections of nerdy Ted, who is unfortunately the only boy in school who seems to take an interest in her.",4.711,6.756,2129,15144
2145,Pretty in Pink (1986),2/28/1986,"Andie is an outcast, hanging out either with her older boss, who owns the record store where she works, or her quirky high school classmate Duckie, who has a crush on her. When one of the rich and popular kids at school, Blane, asks Andie out, it seems too good to be true. As Andie starts falling for Blane, she begins to realize that dating someone from a different social sphere is not easy.",2.2983,6.727,1154,11522
2146,St. Elmo's Fire (1985),6/28/1985,"Reluctant to let go of college life, a close-knit team of seven friends--irresponsible saxophone player Billy, young Republican Alec, his girlfriend Leslie, struggling journalist Kevin, drama queen Jules, lovesick waiter Kirby, and Wendy, a social worker with a heart of gold--realise the party is over. And as the burdens of maturity close in on the young dreamers, the complexities of adulthood and the daily struggle of growing up put their sacred friendship to the test. But everyone knows life is not a bed of roses. It won't be easy, but when all is said and done, what will it take for St. Elmo's clique to find its place in the real world?",2.6207,6.123,562,11557
2147,"Clan of the Cave Bear, The (1986)",1/17/1986,"Natural changes have the clans moving. Iza, medicine woman of the ""Clan of the Cave Bear"" finds little Ayla from the ""others""' clan - tradition would have the clan kill Ayla immediately, but Iza insists on keeping her. When the little one finds a most needed new cave, she's allowed to stay - and thrive.",1.0494,5.184,122,13853
2148,House (1986),12/6/1985,"Roger Cobb, a divorced horror novelist coming to terms with the disappearance of his young son, inherits an old mansion home to malevolent supernatural residents.",1.5021,6.2,589,11415
2149,House II: The Second Story (1987),5/14/1987,"Jesse moves into an old family property where his parents were mysterious murdered years before. He soon finds himself with unexpected guests in the form of his mummified great-great grandfather, a mystical crystal skull, and a zombie cowboy.",1.6367,5.5,262,37530
2150,"Gods Must Be Crazy, The (1980)",7/5/1991,"Two guys, one of them a magician, are transporting an ancient chinese vampire who can only be controlled by a series of yellow tapes, and is the ancestor of the other guy. On the way, while flying over Africa, their plane stalls. And of all places, where do they land? That's right, in the village of the tribe of ""The Gods Must Be Crazy"".",2.063,5.2,52,50507
2151,"Gods Must Be Crazy II, The (1989)",7/1/1989,"Xixo is back again. This time, his children accidentally stow away on a fast-moving poachers' truck, unable to get off, and Xixo sets out to rescue them. Along the way, he encounters a couple of soldiers trying to capture each other and a pilot and passenger of a small plane, who are each having a few problems of their own.",1.9862,7.089,514,11937
2152,Air Bud: Golden Receiver (1998),8/14/1998,Josh and Buddy move from basketball to football in this first of several sequels to the original Air Bud.,3.5446,5.1,176,21661
2153,"Avengers, The (1998)",4/25/2012,"When an unexpected enemy emerges and threatens global safety and security, Nick Fury, director of the international peacekeeping agency known as S.H.I.E.L.D., finds himself in need of a team to pull the world back from the brink of disaster. Spanning the globe, a daring recruitment effort begins!",43.5062,7.795,32860,24428
2154,How Stella Got Her Groove Back (1998),8/14/1998,"Through good times and bad, Stella and Delilah have always had each other. Now, Stella's so busy building a life that she's forgotten how to really live. But Delilah is about to change all that. What starts as a quick trip to Jamaica, ends as an exhilarating voyage of self discovery as Stella learns to open her heart and find love – even if it's with a man 20 years her junior.",1.7258,5.8,119,33644
2156,"Best Man, The (Testimone dello sposo, Il) (1998)",12/22/2000,"Roro, a foreign worker in Swedish parks, loves his girlfriend but is about to marry another girl to prevent her from being sent back to Lebanon. Meanwhile, Roro's best friend, Måns, has serious problems getting an erection.",0.7787,6.248,121,10978
2159,Henry: Portrait of a Serial Killer (1986),9/24/1986,"Arriving in Chicago, Henry moves in with ex-con acquaintance Otis and starts schooling him in the ways of the serial killer.",1.5818,6.735,735,10692
2160,Rosemary's Baby (1968),6/12/1968,"A young couple, Rosemary and Guy, moves into an infamous New York apartment building, known by frightening legends and mysterious events, with the purpose of starting a family.",8.2064,7.824,4115,805
2161,"NeverEnding Story, The (1984)",4/6/1984,"While hiding from bullies in his school's attic, a young boy discovers the extraordinary land of Fantasia, through a magical book called The Neverending Story. The book tells the tale of Atreyu, a young warrior who, with the help of a luck dragon named Falkor, must save Fantasia from the destruction of The Nothing.",12.4229,7.2,4176,34584
2162,"NeverEnding Story II: The Next Chapter, The (1990)",10/25/1990,"Once again, Bastian is transported to the world of Fantasia which he recently managed to save from destruction. However, the land is now being destroyed by an evil sorceress, Xayide, so he must join up with Atreyu and face the Emptiness once more.",7.6574,5.782,834,34636
2163,Attack of the Killer Tomatoes! (1978),10/4/1978,"After a wave of reports of mysterious attacks involving people and pets being eaten by the traditionally docile fruit, a special government task force is set up to investigate the violent fruit and put a stop to their murderous spree.",1.3844,4.995,311,2182
2164,Surf Nazis Must Die (1987),7/3/1987,"When a Black oil well worker is killed by a band of California neo-Nazis, his gun-wielding grandmother busts out of her retirement home to avenge him.",0.9735,3.85,117,28070
2165,Your Friends and Neighbors (1998),8/19/1998,"Restless and unhappy, two couples get caught up in infidelity and deception. Barry is a sullen businessman married to Mary, a writer who is unsatisfied with their relationship. Mary begins an affair with Jerry, a smug theater professor and husband of her friend, Terri, who is also a writer. Adding to the adulterous mix are Cary, a callous doctor, and Cheri, an art-gallery assistant.",1.282,5.8,81,77469
2166,Return to Paradise (1998),7/19/1953,An American drifter comes to a remote Polynesian island controlled by a Puritanical missionary and turns the social life of the island upside-down.,1.1013,5.9,30,116932
2167,Blade (1998),8/21/1998,"The Daywalker known as ""Blade"" - a half-vampire, half-mortal man - becomes the protector of humanity against an underground army of vampires.",8.2923,6.815,6341,36647
2169,Dead Man on Campus (1998),8/21/1998,"Two college roommates venture out to identify a fellow student, who is most likely to commit suicide as it will help them pass the semester.",2.8551,5.456,149,14557
2170,Wrongfully Accused (1998),7/23/1998,"Ryan Harrison, a violin god, superstar and sex symbol does not want to cheat on sexy Lauren Goodhue's husband with her. Mr. Goodhue is found murdered and Ryan suddenly finds himself being the main suspect. After being sentenced to death he manages to flee while being transferred to his execution site. Now, all the world is after him as he stumbles from one unfortunate incident to the next in order to prove himself innocent - by finding a mysterious one-eyed, one-armed, one-legged man...",2.4518,5.973,458,9417
2171,Next Stop Wonderland (1998),8/21/1998,"Dumped by her loser boyfriend, Erin's love life hits rock bottom when her overbearing mother places an embarrassing ad in the ""personals"" section of a local newspaper on her behalf. Erin's disgust turns to curiosity as she searches for the right guy in a hilarious series of disastrous dates. Meanwhile, a lonely ex-plumber named Alan clumsily searches for his dream job while narrowly missing one chance meeting with Erin after another.",2.254,5.937,87,41469
2172,"Strike! (a.k.a. All I Wanna Do, The Hairy Bird) (1998)",12/5/2024,A veteran Muay Thai expert goes on a take-no-prisoners mission of revenge after his wife and daughter are brutally murdered by mysterious forces.,296.9859,7.686,97,1382406
2174,Beetlejuice (1988),3/30/1988,A newly dead New England couple seeks help from a deranged demon exorcist to scare an affluent New York family out of their home.,8.2464,7.372,8034,4011
2175,Déjà Vu (1997),10/24/2017,An unsuspecting teenager gets trapped in an alternate dimension by a time controlling monster that has taken the form of his friend.,0.0214,0,0,590318
2176,Rope (1948),3/11/1948,Two young men attempt to prove they committed the perfect murder by hosting a dinner party for the family of a classmate they just strangled to death.,2.6747,7.942,2840,1580
2177,Family Plot (1976),4/9/1976,Spiritualist Blanche Tyler and her cab-driving boyfriend encounter a pair of serial kidnappers while trailing a missing heir in California.,1.1666,6.76,477,5854
2178,Frenzy (1972),8/15/2018,"A group of friends run a popular travel vlog that helps fund their adventures. The leader of the group brings along her younger sister for the next scuba diving trip to an isolated cove. But when their plane crashes, the two sisters must use their strength, resourcefulness and immense courage to survive a pack of great white sharks.",3.0422,3.913,63,542787
2179,Topaz (1969),12/17/1969,"Copenhagen, Denmark, 1962. When a high-ranking Soviet official decides to change sides, a French intelligence agent is caught up in a cold, silent and bloody spy war in which his own family will play a decisive role.",2.9673,6.044,394,2370
2180,Torn Curtain (1966),7/15/1966,"During the Cold War, an American scientist appears to defect to East Germany as part of a cloak and dagger mission to find the formula for a resin solution, but the plan goes awry when his fiancee, unaware of his motivation, follows him across the border.",4.3147,6.604,608,5780
2181,Marnie (1964),7/17/1964,"Marnie is a thief, a liar, and a cheat. When her new boss, Mark Rutland, catches on to her routine kleptomania, she finds herself being blackmailed.",2.6667,7.129,1171,506
2182,"Wrong Man, The (1956)",12/22/1956,"In 1953, an innocent man named Christopher Emmanuel ""Manny"" Balestrero is arrested after being mistaken for an armed robber.",2.0542,7.1,583,22527
2183,"Man Who Knew Too Much, The (1956)",11/5/1984,"A young employee named Mehraban who is unhappy with his hard life meets a mysterious old man dressed in black. The old man says he will get Mehraban what he wants on the condition that he make the right use of his opportunities. Mehraban agrees. The old man leaves a newspaper with him dated three months in the future reporting the war between Iran and Iraq. Mehraban makes a lot of money by purchasing essential goods, hoarding them and then selling them later at much higher prices during the war. However he loses his fiancee and breaks with his friends. The mysterious old man appears again. He tells him he has abused his privileged opportunity and not to continue on the wrong path; on their last meeting he tells him he has become a monster and he must either to go back to his former life or die. The fear of death causes Mehraban to donate his illegitimate funds to charities and return to his honorable life.",0.2115,0,1,559478
2184,"Trouble with Harry, The (1955)",10/3/1955,"When a local man's corpse appears on a nearby hillside, no one is quite sure what happened to him. Many of the town's residents secretly wonder if they are responsible, including the man's ex-wife, Jennifer, and Capt. Albert Wiles, a retired seaman who was hunting in the woods where the body was found. As the no-nonsense sheriff gets involved and local artist Sam Marlowe offers his help, the community slowly unravels the mystery.",3.4835,7,860,11219
2185,I Confess (1953),2/13/1953,"Unable, due to the seal of the confessional, to be forthcoming with information that would serve to clear himself during a murder investigation, a priest becomes the prime suspect.",0.9842,7.1,456,30159
2186,Strangers on a Train (1951),6/27/1951,"Having met on a train, a smooth-talking psychotic socialite shares his theory on how two complete strangers can get away with murder to an amateur tennis player — a theory he plans to test out.",5.2803,7.668,1770,845
2187,Stage Fright (1950),2/23/1950,A struggling actress tries to help a friend prove his innocence when he's accused of murdering the husband of a high-society entertainer.,1.6773,6.808,342,1978
2188,54 (1998),8/28/1998,"Shane O'Shea, a Jersey boy with big dreams, crosses the river in hopes of finding another, more exciting life at Studio 54. When Steve Rubell, the mastermind behind the infamous disco plucks Shane from the sea of faces clamoring to get inside his club, Shane not only gets his foot in the door, but lands a coveted job behind the bar - and a front-row ticket to the most legendary party on the planet.",3.042,5.9,497,3682
2190,Why Do Fools Fall In Love? (1998),8/28/1998,"In the mid-80s, three women (each with an attorney) arrive at the office of New York entertainment manager, Morris Levy. One is an L.A. singer, formerly of the Platters; one is a petty thief from Philly; one teaches school in a small Georgia town. Each claims to be the widow of long-dead doo-wop singer-songwriter Frankie Lyman, and each wants years of royalties due to his estate, money Levy has never shared. During an ensuing civil trial, flashbacks tell the story of each one's life with Lyman, a boyish, high-pitched, dynamic performer, lost to heroin. Slowly, the three wives establish their own bond.",1.5498,6.448,48,46702
2193,Willow (1988),5/20/1988,"The evil Queen Bavmorda hunts the newborn princess Elora Danan, a child prophesied to bring about her downfall. When the royal infant is found by Willow, a timid farmer and aspiring sorcerer, he's entrusted with delivering her from evil.",7.2136,7.006,2034,847
2194,"Untouchables, The (1987)",6/3/1987,"Elliot Ness, an ambitious prohibition agent, is determined to take down Al Capone. In order to achieve this goal, he forms a group given the nickname “The Untouchables”.",9.5016,7.758,5910,117
2195,Dirty Work (1998),11/25/1933,Stan and Ollie are chimney sweeps working at the home of mad scientist Professor Noodle.,0.4436,6.9,62,48672
2196,Knock Off (1998),9/4/1998,A fashion designer and his CIA agent business partner must join forces to stop a group of terrorists from smuggling explosives in counterfeit jeans during the handover of Hong Kong.,1.4288,5.3,378,37498
2201,"Paradine Case, The (1947)",12/31/1947,"Attorney Anthony Keane agrees to represent Londonite Mrs. Paradine, who has been fingered in her husband's murder. From the start, the married lawyer is drawn to the enigmatic beauty, and he begins to cast about for a way to exonerate his client. Keane puts the Paradine household servant on the stand, suggesting he is the killer. But Keane soon loses his way in the courtroom, and his half-baked plan sets off a stunning chain of events.",1.4835,6.2,249,31667
2202,Lifeboat (1944),1/28/1944,"During World War II, a small group of survivors is stranded in a lifeboat together after the ship they were traveling on is destroyed by a German U-boat.",1.8074,7.4,455,13321
2203,Shadow of a Doubt (1943),1/15/1943,"Just when Charlie is feeling especially frustrated by the lack of excitement in her small town in California, she receives wonderful news: Her uncle and namesake, Charlie, is coming to visit. However, as secrets about him come to the fore, her admiration turns into suspicion.",2.9507,7.5,1079,21734
2204,Saboteur (1942),4/24/1942,Aircraft factory worker Barry Kane flees across the United States after he is wrongly accused of starting the fire that killed his best friend.,2.5661,6.889,519,31997
2205,Mr. & Mrs. Smith (1941),6/7/2005,"A husband and wife struggle to keep their marriage alive until they realize they are both secretly working as assassins. Now, their respective assignments require them to kill each other.",13.5074,6.689,10768,787
2206,Suspicion (1941),11/27/2024,"A young man delves into the sinister world of black magic after the brutal murder of his best friend and his daughter. As he hunts for vengeance, he faces moral dilemmas and shocking betrayals that threaten to shatter his closest relationships. In this gripping tale of friendship, love and revenge, he must confront his newfound powers and decide how far he's willing to go to deliver justice.",1.0411,4.2,4,1393614
2207,Jamaica Inn (1939),5/1/1983,"The respected squire of a quiet Cornish village is in reality the leader of a gang of murderous pirates who attack passing ships, kill their crews and steal their cargoes.",0.6608,3.5,2,23143
2208,"Lady Vanishes, The (1938)",4/30/1979,"On the eve of World War II, zany heiress Amanda Kelly travels by train to Switzerland. While passing through Germany, she meets a sweet elderly lady, who suddenly vanishes. Distraught, she questions her fellow passengers who claim that the woman was never there. Unsure if it's all in her mind or if there's a more sinister plot afoot, Amanda teams up with photographer Robert Condon to discover the truth.",3.1432,6.038,65,4706
2210,Sabotage (1936),3/28/2014,"John 'Breacher' Wharton leads an elite DEA task force that takes on the world's deadliest drug cartels. When the team successfully executes a high-stakes raid on a cartel safe house, they think their work is done – until, one-by-one, the team members mysteriously start to be eliminated. As the body count rises, everyone is a suspect.",3.9873,5.595,1456,144336
2211,Secret Agent (1936),3/3/2004,"From his offices in Switzerland, Russian Igor Lipovsky is engaged in a vast and profitable gunrunning operation with Africa. The French government wants to hinder the activities of the arms dealer and sends a team to sink one of his ships heading for Angola with a load of illegal weaponry. Lisa, Brisseau, Loïc, Tony and Raymond are professionals: they carefully set up their cover, plan all their moves meticulously, and carry out orders without asking questions. Perhaps they should. The code-name of the mission is ""Janus""; and just like with the ancient deity, there are two opposite faces for every aspect of the operation: the objective of the French government, the role of each team member, the presumed friend and the assumed foe...",2.1431,5.357,154,12648
2212,"Man Who Knew Too Much, The (1934)",11/5/1984,"A young employee named Mehraban who is unhappy with his hard life meets a mysterious old man dressed in black. The old man says he will get Mehraban what he wants on the condition that he make the right use of his opportunities. Mehraban agrees. The old man leaves a newspaper with him dated three months in the future reporting the war between Iran and Iraq. Mehraban makes a lot of money by purchasing essential goods, hoarding them and then selling them later at much higher prices during the war. However he loses his fiancee and breaks with his friends. The mysterious old man appears again. He tells him he has abused his privileged opportunity and not to continue on the wrong path; on their last meeting he tells him he has become a monster and he must either to go back to his former life or die. The fear of death causes Mehraban to donate his illegitimate funds to charities and return to his honorable life.",0.2115,0,1,559478
2226,"Ring, The (1927)",10/30/2020,A college student investigates a series of mysterious deaths.,2.3974,6.79,69,767585
2227,"Lodger: A Story of the London Fog, The (1927)",2/14/1927,"London. A mysterious serial killer brutally murders young blond women by stalking them in the night fog. One foggy, sinister night, a young man who claims his name is Jonathan Drew arrives at the guest house run by the Bunting family and rents a room.",2.2398,7.1,316,2760
2231,Rounders (1998),9/11/1998,A young reformed gambler must return to playing big stakes poker to help a friend pay off loan sharks.,4.9355,7.01,1799,10220
2232,Cube (1997),7/11/1998,"A group of strangers find themselves trapped in a maze-like prison. It soon becomes clear that each of them possesses the peculiar skills necessary to escape, if they don't wind up dead first.",6.1931,6.81,4952,431
2236,Simon Birch (1998),9/11/1998,"Simon Birch and Joe Wenteworth are boys who have a reputation for being oddballs. Joe never knew his father, and his mother, Rebecca, is keeping her lips sealed no matter how much he protests. Simon, meanwhile, is an 11-year-old dwarf whose outsize personality belies his small stature. Indeed, he often assails the local reverend with thorny theological questions and joins Joe on his quest to find his biological father.",1.3669,6.8,248,22796
2239,Swept Away (Travolti da un insolito destino nell'azzurro mare d'Agosto) (1975),10/11/2002,"Stranded and alone on a desert island during a cruise, a spoiled rich woman and a deckhand fall in love and make a date to reunite after their rescue.",2.1916,4.781,290,12779
2240,My Bodyguard (1980),7/11/1980,"Clifford Peache, an easygoing teenager, is finding less than easy to fit in at his new high school, where a tough-talking bully terrorizes his classmates and extorts their lunch money. Refusing to pay up, Clifford enlist the aid of an overgrown misfit whose mere presence intimidates students and teachers alike. But their ""business relationship"" soon turns personal as Clifford and the troubled loner forge a winning alliance against their intimidators - and a very special friendship with each other.",2.2479,6.3,123,21873
2241,Class (1983),7/22/1983,"Naive Midwestern prep student Jonathan bonds with his more worldly roommate, Skip, who takes the small-town boy under his wing. At Skip's urging, the inexperienced Jonathan is emboldened to seek out older women in the cocktail lounges of nearby Chicago, where he meets and beds the alluring Ellen, who unfortunately turns out to be Skip's mother. The division between the friends is further deepened when a cheating scandal engulfs the school.",2.1828,6.005,193,21500
2243,Broadcast News (1987),12/16/1987,"Basket-case network news producer Jane Craig falls for new reporter Tom Grunnick, a pretty boy who represents the trend towards entertainment news she despises. Aaron Altman, a talented but plain correspondent, carries an unrequited torch for Jane. Sparks fly between the three as the network prepares for big changes, and both the news and Jane must decide between style and substance.",1.2169,6.745,428,12626
2244,"Allnighter, The (1987)",5/1/1987,"Molly, Val and Gina are graduating college, but on their final night, frustrations are aired. Molly is still looking for real love and Val is beginning to doubt if that is what she has found. Gina is too busy videotaping everything to really notice. When the final party at Pacifica College kicks off, things do not go exactly as planned.",1.8565,4.9,39,37818
2245,Working Girl (1988),2/12/2020,"Everyday, three sex workers cross the border from France into Belgium to practice their trade. At the end of one particularly hot summer, all three share a secret that will bind them together forever.",1.3097,5.438,65,584355
2247,Married to the Mob (1988),8/19/1988,"Angela de Marco is fed up with her gangster husband's line of work and wants no part of the crime world. When her husband is killed for having an affair with the mistress of mob boss Tony ""The Tiger"" Russo, Angela and her son depart for New York City to make a fresh start. Unfortunately, Tony has set his sights upon Angela -- and so has an undercover FBI agent looking to use her to bust Tony.",1.5282,5.955,299,2321
2248,Say Anything... (1989),4/14/1989,"Lloyd, an eternal optimist, seeks to capture the heart of Diane, an unattainable high school beauty and straight-A student. He surprises just about everyone-including himself-when she returns the sentiment. But Diane's over-possessive, divorced Dad disapproves and it's going to take more than just the power of love to conquer all.",4.5382,7.041,1042,2028
2249,My Blue Heaven (1990),9/15/1950,"Radio star Kitty Moran, long married to partner Jack, finds she's pregnant, but miscarries. For a change, the couple turn their act into a series on early TV and try to adopt a baby. Finally they acquiring a girl in a somewhat back alley manner.",2.3231,7,3,76011
2252,Hero (1992),9/11/2015,"After meeting the chief of police's pretty daughter, a gangster kidnaps the girl. During the journey they fall in love and the gangster decides to set her free.",3.4574,6.018,28,358996
2253,Toys (1992),12/18/1992,"Leslie Zevo is a fun-loving inventor who must save his late father's toy factory from his evil uncle, Leland, a war-mongering general who rules the operation with an iron fist and builds weapons disguised as toys.",1.3859,5.295,565,11597
2255,Young Doctors in Love (1982),7/16/1982,An 'Airplane!'-style spoof of hospital soap operas—a brilliant young trainee can't stand the sight of blood; a doctor romances the head nurse in order to get the key to the drugs cabinet; and there's a mafioso on the loose disguised as a woman.,1.3261,5.26,63,47947
2256,Parasite (1982),3/12/1982,"Paul Dean has created a deadly parasite that is now attached to his stomach. He and his female companion, Patricia Welles, must find a way to destroy it while also trying to avoid Ricus & his rednecks, and an evil government agent named Merchant.",1.1341,4.786,77,48311
2257,No Small Affair (1984),11/9/1984,"A 16-year-old aspiring photographer pursues a beautiful ""older woman"" of 22, a down-on-her-luck rock singer.",2.2624,5.4,54,44772
2259,Blame It on Rio (1984),2/17/1984,"Matthew Hollis is man on holiday in Rio with his best friend. Both men have teenage daughters with them. When Matthew falls for his best friend's amorous daughter named Jennifer, they embark on a secret, if slightly one-sided relationship. Jennifer's father is furious when he finds out about the 'older man' in his daughter's life, and sets out to hunt him down with the aid of Matthew!",5.021,5.761,186,14347
2260,Wisdom (1986),12/31/1986,"Unable to find work after a past felony, graduate John Wisdom and his girlfriend embark on a cross-country bank-robbing spree in order to aid American farmers.",0.9751,5.8,46,41090
2261,One Crazy Summer (1986),8/8/1986,An aspiring teenage cartoonist and his friends come to the aid of a singer trying to save her family property from developers.,3.9792,6.005,206,18282
2262,About Last Night... (1986),7/2/1986,"A man and woman meet and try to have a romantic affair, despite their personal problems and the interference of their disapproving friends.",1.5535,6.025,224,18169
2263,"Seventh Sign, The (1988)",4/1/1988,"Abby is a pregnant woman with a curious new boarder in the apartment over her garage. Turns out he's heaven-sent and is speeding along the Apocalypse by bloodying rivers, egging on plagues and following scripture word for word.",1.8631,5.986,349,11082
2264,We're No Angels (1989),12/24/1993,Joe and his delivery company friends are back. This time they become embroiled in the evil plot of a corrupt politician.,1.26,0,0,281695
2265,Nothing But Trouble (1991),2/15/1991,"While attempting to seduce gorgeous lawyer Diane Lightson, wealthy gadabout Chris Thorne agrees to drive her to Atlantic City, N.J. But, when some reckless driving draws the attention of a deeply critical cop, they and the flamboyant ""Brazillionaires"" who tagged along end up in the court of a grotesque and vengeful judge, who has a special vendetta against the wealthy and erudite.",3.4125,5.23,376,11933
2266,"Butcher's Wife, The (1991)",9/25/1969,"A movie divided in two segments, the first ""La puerta"" (The Door) is about a high society gathering in which a door inside the mansion leads to a bizarre corridor where a naked and menacing human figure appears. The second ""La mujer del carnicero"" (The Butcher's Wife) is set during the Mexican revolution and is about horrifying hallucinations felt by a lieutenant after committing a murder.",0.313,7.2,10,340593
2267,Mortal Thoughts (1991),4/19/1991,"A loathsome man ends up dead, but it's not clear who's to blame. If ever a person got what he deserved, it's James Urbanksi, an abusive drunk who steals from his wife, Joyce, and promises her close friend Cynthia Kellogg that she'll be the next target of his rage. At a group outing, James bleeds to death after someone cuts his throat. But because he's such a terrible human being, police aren't sure which of his acquaintances decided to kill him.",2.2272,5.655,191,30815
2268,"Few Good Men, A (1992)",12/11/1992,"When cocky military lawyer Lt. Daniel Kaffee and his co-counsel, Lt. Cmdr. JoAnne Galloway, are assigned to a murder case, they uncover a hazing ritual that could implicate high-ranking officials such as shady Col. Nathan Jessep.",6.9104,7.545,3867,881
2269,Indecent Proposal (1993),4/7/1993,John Gage offers a down-on-his-luck yuppie husband $1 million for the opportunity to spend the night with the man's wife.,5.3542,6.396,1502,4478
2271,Permanent Midnight (1998),9/16/1998,"Juggling increasing career success and a growing heroin habit, a television comedy writer attempts to go down a path of improvement.",2.365,5.9,117,22318
2272,One True Thing (1998),9/18/1998,A career woman reassesses her parents' lives after she is forced to care for her cancer-stricken mother.,3.4122,6.5,131,53113
2273,Rush Hour (1998),9/18/1998,"When Hong Kong Inspector Lee is summoned to Los Angeles to investigate a kidnapping, the FBI doesn't want any outside help and assigns cocky LAPD Detective James Carter to distract Lee from the case. Not content to watch the action from the sidelines, Lee and Carter form an unlikely partnership and investigate the case themselves.",15.8087,7.054,5288,2109
2275,Six-String Samurai (1998),9/18/1998,"In a post-apocalyptic world where the Russians have taken over a nuked USA and Elvis is king of Lost Vegas, Buddy is a '50s rocker and wandering warrior rolled into one, too-cool package. Armed with his six-string in one hand and his sword in the other, Buddy is on his way to Vegas to succeed Elvis as King. Along the way, he saves an orphan who decides to tag along.",1.6332,6.252,139,24746
2278,Ronin (1998),9/25/1998,"A briefcase with undisclosed contents – sought by Irish terrorists and the Russian mob – makes its way into criminals' hands. An Irish liaison assembles a squad of mercenaries, or 'ronin', and gives them the thorny task of recovering the case.",5.5864,6.962,2487,8195
2279,Urban Legend (1998),9/25/1998,A college campus is plagued by a vicious serial killer murdering students in ways that correspond to various urban legends.,3.0698,5.7,1368,9877
2280,Clay Pigeons (1998),9/25/1998,"Clay is a young man in a small town who witnesses his friend, Earl, kill himself because of the ongoing affair that Clay was having with the man's wife, Amanda. Feeling guilty, Clay now resists the widow when she presses him to continue with the affair. Clay unknowingly befriends a serial killer named Lester Long who murders the widow in an attempt to ""help"" his ""fishing buddy.""",3.769,6.214,131,26618
2281,Monument Ave. (1998),9/25/1998,"Bobby O'Grady is a low level member of a Boston Irish gang run by Jackie O'Hara. Jackie demands absolute, total loyalty to him. When Jackie kills one of Bobby's buddies, Teddy, Bobby and others have to keep it an absolute secret, even from their and Teddy's relatives.",0.8862,5.572,29,21132
2282,Pecker (1998),9/25/1998,"A Baltimore teenager who picks up a second-hand camera starts snapping his way to stardom, soon turning into a nationwide sensation, with a fateful choice between his life and his art.",1.0257,6.094,197,11855
2283,"Sheltering Sky, The (1990)",10/25/1990,An American couple drift toward emptiness in postwar North Africa.,1.8906,6.5,281,24016
2286,"Fiendish Plot of Dr. Fu Manchu, The (1980)",8/8/1980,"Fu Manchu's 168th birthday celebration is dampened when a hapless flunky spills Fu's age-regressing elixir vitae. Fu sends his lackeys to round up ingredients for a new batch of elixir, starting with the Star of Leningrad diamond, nabbed from a Soviet exhibition in Washington. The FBI sends agents Capone and Williams to England to confer with Nayland Smith, an expert on Fu.",1.3895,4.7,35,3486
2287,Them! (1954),3/25/2015,"Charlotte is cheating on Micha with Mélodie. Not suspecting a thing, yet feeling neglected, Micha in turn cheats on Charlotte.  But also with Mélodie. For Mélodie, things are topsy-turvy. She lies to both of them. She is privy to each of their lies. And is in love with both of them at the same time.",1.0349,5.917,139,299715
2288,"Thing, The (1982)",12/28/2024,Kate takes new job that requires working late at her office and befriends her fellow late workers and the night cleaning crew. But one of her coworkers soon develops a dangerous obsession with her.,1.1973,1,1,1401259
2289,"Player, The (1992)",6/30/2023,"A basketball player, turns to drug peddling and gambling to earn more. When he realizes his path endangers not just his life but the people he loves, it's already too late.",1.9018,4.3,3,1117061
2290,Stardust Memories (1980),9/26/1980,"While attending a retrospect of his work, a filmmaker recalls his life and his loves: the inspirations for his films.",2.0965,6.9,444,11337
2291,Edward Scissorhands (1990),12/7/1990,A small suburban town receives a visit from a castaway unfinished science experiment named Edward.,11.3752,7.719,13298,162
2292,Overnight Delivery (1998),4/7/1998,"A man suspects his girlfriend of being unfaithful, so he sends her a letter, but then finds out that he was wrong. He has 24 hours to stop the package, prevent a disaster, and fall in love. The only problem is the delivery man will not stop until the package has been delivered.",0.5396,5.59,100,25723
2294,Antz (1998),10/2/1998,"A neurotic worker ant in love with a rebellious princess rises to unlikely stardom when he switches places with a soldier. Signing up to march in a parade, he ends up under the command of a bloodthirsty general. But he's actually been enlisted to fight against a termite army.",9.9359,6.168,4571,8916
2295,"Impostors, The (1998)",10/2/1998,"Wrongly accused of physically abusing a fellow actor, starving thespians Arthur and Maurice find themselves pursued by the law aboard a cruise ship.",0.6294,5.864,66,28134
2296,"Night at the Roxbury, A (1998)",10/1/1998,"Despite being well into adulthood, brothers Doug and Steve Butabi still live at home and work in the flower shop owned by their dad. They exist only to hit on women at discos, though they're routinely unsuccessful until a chance run-in with Richard Grieco gets them inside the swank Roxbury club. Mistaken for high rollers, they meet their dream women, Vivica and Cambi, and resolve to open a club of their own.",6.5835,6.54,940,9429
2297,What Dreams May Come (1998),10/2/1998,"Chris Nielsen dies to find himself in a heaven more amazing than he could have ever dreamed of. There is one thing missing: his wife. After he dies, his wife Annie killed herself and went to hell. Chris decides to risk eternity in Hades for the small chance that he will be able to bring her back to heaven.",6.6711,7.205,2381,12159
2298,Strangeland (1998),10/2/1998,"A pierced and tattooed sadist, Captain Howdy, trolls the Internet for naive teens, luring them to his home to torture and defile them. When Howdy kidnaps and tortures the daughter of police Detective Mike Gage, he is caught. Deemed insane, he is sent to an asylum but is released soon after, seemingly better. However, Gage knows it is only a matter of time before Howdy strikes again, and he's ready to unleash his own form of retribution when the time comes.",0.9568,5,133,27791
2300,"Producers, The (1968)",9/17/2004,"Longtime couple Venla and Antero come to a serious impasse. After years with Antero, Venla wants to start a family, but her boyfriend, worried that parenthood will stifle his speed-skating career, secretly gets a vasectomy. Determined to have a child, Venla seeks help from a female fertility doctor, a decision that breeds new possibilities for the prospective mother when she falls in love with the doctor.",0.759,5.239,24,39496
2301,History of the World: Part I (1981),6/12/1981,"An uproarious version of history that proves nothing is sacred – not even the Roman Empire, the French Revolution and the Spanish Inquisition.",1.9688,6.8,846,10156
2302,My Cousin Vinny (1992),3/13/1992,"Two carefree pals from Brooklyn traveling through rural Alabama on their way back to college are mistakenly arrested, and charged with murder. Fortunately, one of them has a cousin who's a lawyer - Vincent Gambini, a former auto mechanic from Brooklyn who just passed his bar exam after his sixth try. When he arrives with his leather-clad girlfriend, to try his first case, it's a real shock - for him and the Deep South!",3.1698,7.499,1690,10377
2303,Nashville (1975),6/11/1975,"The intersecting stories of twenty-four characters—from country star to wannabe to reporter to waitress—connect to the music business in Nashville, Tennessee.",1.6506,7.27,431,3121
2304,Love Is the Devil (1998),9/16/1998,"In the 1960s, British painter Francis Bacon surprises a burglar and invites him to share his bed. The burglar, a working class man named George Dyer, accepts. After the unique beginning to their love affair, the well-connected and volatile artist assimilates Dyer into his circle of eccentric friends, as Dyer's struggle with addiction strains their bond.",3.2627,6,66,4975
2306,Holy Man (1998),9/26/2024,"When the temple near Teng's hometown had problems, Teng had to leave the peace that he used to have as a safe zone while in Tibet to come back and solve the problem. But when he returned, he had to face a universal problem in the religious world.",1.7533,6,1,1256441
2307,One Tough Cop (1998),10/9/1998,"A detective tries to remain loyal to his partner, and his best friend - a mobster.",3.5503,3.2,6,134368
2310,"Mighty, The (1998)",7/29/1960,"Mega star Akira Kobayashi stars as Jiro in the rambunctious tale of a chef who opens a restaurant in the busy Ginza district. His culinary skills and dashing good looks bring in the women as well as unwanted trouble, while an explosive political scandal builds around his girlfriend’s business...",2.2897,6.4,5,387850
2311,2010: The Year We Make Contact (1984),12/6/1984,"While planet Earth poises on the brink of nuclear self-destruction, a team of Russian and American scientists aboard the Leonov hurtles to a rendezvous with the still-orbiting Discovery spacecraft and its sole known survivor, the homicidal computer HAL.",4.7593,6.639,988,4437
2312,Children of a Lesser God (1986),9/13/1986,"Starting his new job as an instructor at a New England school for the deaf, James Leeds meets Sarah Norman, a young deaf woman who works at the school as a member of the custodial staff. In spite of Sarah's withdrawn emotional state, a romance slowly develops between the pair.",4.1578,6.943,331,1890
2313,"Elephant Man, The (1980)",5/29/2023,,2.3986,0,0,1132939
2314,Beloved (1998),1/1/2009,,0.9745,0,0,135128
2315,Bride of Chucky (Child's Play 4) (1998),10/15/1998,"Chucky is reborn when his old flame, Tiffany, rescues his battered doll parts from a police impound.",5.2974,6.104,2013,11932
2316,Practical Magic (1998),10/16/1998,"Sally and Gillian Owens, born into a magical family, have mostly avoided witchcraft themselves. But when Gillian's vicious boyfriend, Jimmy Angelov, dies unexpectedly, the Owens sisters give themselves a crash course in hard magic. With policeman Gary Hallet growing suspicious, the girls struggle to resurrect Angelov -- and unwittingly inject his corpse with an evil spirit that threatens to end their family line.",7.3424,6.789,1606,6435
2318,Happiness (1998),10/11/1998,"The lives of several individuals intertwine as they go about their lives in their own unique ways, engaging in acts which society as a whole might find disturbing in a desperate search for human connection.",3.497,7.449,866,10683
2320,Apt Pupil (1998),10/23/1998,"One day in 1984, Todd Bowden, a brilliant high school boy fascinated by the history of Nazism, stumbles across an old man whose appearance resembles that of Kurt Dussander, a wanted Nazi war criminal. A month later, Todd decides to knock on his door.",3.2223,6.531,672,9445
2321,Pleasantville (1998),9/17/1998,"Geeky teenager David and his popular twin sister, Jennifer, get sucked into the black-and-white world of a 1950s TV sitcom called ""Pleasantville,"" and find a world where everything is peachy keen all the time. But when Jennifer's modern attitude disrupts Pleasantville's peaceful but boring routine, she literally brings color into its life.",2.8949,7.26,1762,2657
2322,Soldier (1998),10/23/1998,"Sergeant Todd is a veteran soldier for an elite group of the armed forces. After being defeated by a new breed of genetically engineered soldiers, he is dumped on a waste planet and left for dead. He soon interacts with a group of crash survivors who lead out a peaceful existence. The peace is broken as the new soldiers land on the planet to eliminate the colony, which Sergeant Todd must defend.",5.098,6.402,882,9425
2323,"Cruise, The (1998)",1/1/1981,The best workers from various factories in the communist system are rewarded a cruise on the Danube. The people in charge fight for bureaucratic reasons while the young ones are looking for adventure.,3.2534,7,7,344465
2324,Life Is Beautiful (La Vita è bella) (1997),12/20/1997,A touching story of an Italian book seller of Jewish ancestry who lives in his own little fairy tale. His creative and happy life would come to an abrupt halt when his entire family is deported to a concentration camp during World War II. While locked up he tries to convince his son that the whole thing is just a game.,9.8975,8.441,13515,637
2325,Orgazmo (1997),7/2/1998,A devout Mormon living in L.A. becomes a pornographic actor after his martial arts moves impress a big-time director.,1.5909,6.119,452,8675
2327,Tales from the Darkside: The Movie (1990),5/3/1990,A young boy tells three stories of horror to distract a witch who plans to eat him.,1.979,6.2,394,20701
2328,Vampires (1998),4/17/2010,"Vincent Lannoo’s ‘mockumentary’ shows us a community of vampires in Belgium. The two ‘parents’ of the family are George and Bertha, who have two teenage children – or rather, they raise two former humans who they turned into vampires. Son Samson is a bit of a jack the lad: enjoying the sexual freedom of vampire life, with all the vigour of an irresponsible young adult regardless of consequences (even incest is not frowned upon in their world, where the word ‘wife’ is often synonymous with ‘mother’ or ‘sister’). Daughter Grace yearns for humanity in a different way: applying fake tan to get rid of her vampiric pallor, dressing in pink clothes, wishing she could feel emotion and even having a human boyfriend.",2.4766,5.4,21,65997
2329,American History X (1998),7/1/1998,"Derek Vineyard is paroled after serving 3 years in prison for killing two African-American men. Through his brother, Danny Vineyard's narration, we learn that before going to prison, Derek was a skinhead and the leader of a violent white supremacist gang that committed acts of racial crime throughout L.A. and his actions greatly influenced Danny. Reformed and fresh out of prison, Derek severs contact with the gang and becomes determined to keep Danny from going down the same violent path as he did.",6.9476,8.335,12010,73
2330,Hands on a Hard Body (1996),6/1/1997,Filmmaker S.R. Bindler profiles Texas contestants trying to win a truck by keeping one hand on it longer than everyone else.,0.5353,7.5,33,18603
2331,Living Out Loud (1998),5/2/2009,"A wife and mother, diagnosed with breast cancer, decides to truly live her life, which has become comfortable and predictable, and the family must adjust.",0.2737,2.5,2,227557
2332,Belly (1998),1/21/2012,"Oscar is coming of age, against his better judgment. In doing so he must experience the necessary evil of leaving something behind, but he can still feel it in the pit of his stomach.",0.1328,6,5,142377
2333,Gods and Monsters (1998),9/12/1998,"It's 1957, and James Whale's heyday as the director of ""Frankenstein,"" ""Bride of Frankenstein"" and ""The Invisible Man"" is long behind him. Retired and a semi-recluse, he lives his days accompanied only by images from his past. When his dour housekeeper, Hannah, hires a handsome young gardener, the flamboyant director and simple yard man develop an unlikely friendship, which will change them forever.",0.7849,7,373,3033
2334,"Siege, The (1998)",4/17/2025,"Edwin promised to his sister on her death bed to find her son she gave up long time ago. Edwin's quest brought him to become a substitute teacher in Duri High School, Jakarta, a school for juvenile delinquents. There he must face the most violent students to find his nephew. When he eventually finds the boy, a city-wide riot erupts and Edwin is trapped im the school with the cruel kids out for his blood.",10.8331,7.8,25,1280089
2335,"Waterboy, The (1998)",11/6/1998,Bobby Boucher is a water boy for a struggling college football team. The coach discovers Boucher's hidden rage makes him a tackling machine whose bone-crushing power might vault his team into the playoffs.,4.8501,6.055,1904,10663
2336,Elizabeth (1998),9/13/1998,"The story of the ascension to the throne and the early reign of Queen Elizabeth the First, the endless attempts by her council to marry her off, the Catholic hatred of her and her romance with Lord Robert Dudley.",5.0051,7.175,1434,4518
2337,Velvet Goldmine (1998),8/28/1998,"Almost a decade since larger-than-life glam-rock enigma Brian Slade disappeared from public eye, an investigative journalist is on assignment to uncover the truth behind his former idol.",1.7707,6.891,518,1808
2338,I Still Know What You Did Last Summer (1998),11/13/1998,"Ever since killing the Fisherman one year ago, Julie James is still haunted by images of him after her. When her best friend Karla wins free tickets to the Bahamas, Julie finds this a perfect opportunity to finally relax. But someone is waiting for her. Someone who she thought was dead. Someone who is out again for revenge.",13.6459,5.367,1601,3600
2339,I'll Be Home For Christmas (1998),12/23/1997,Christmas romance about long-separated high school sweethearts who find each other again after 20 years. She's never married and is a smalltown mayor; he's a widowed doctor and single dad who's come back to visit his father for the holidays and is pressured to stay because there's need for a local doc.,0.3014,6.6,8,52508
2340,Meet Joe Black (1998),11/12/1998,"Bill Parrish has it all - success, wealth and power. Days before his 65th birthday, he receives a visit from a mysterious stranger, Joe Black, who soon reveals himself as Death. In exchange for extra time, Bill agrees to serve as Joe's earthly guide. But will he regret his choice when Joe unexpectedly falls in love with Bill's beautiful daughter Susan?",11.0976,7.348,5483,297
2342,Hard Core Logo (1996),12/4/2010,"Bruce McDonald’s long-awaited follow-up to his cult classic mock-doc stars McDonald himself as ""Bruce,"" the director of Hard Core Logo, who has relocated to L.A. and scored a profitable gig as a TV director. When the show he’s been working on is suddenly put on hiatus, Bruce is at loose ends. When he hears that punk rocker Care Failure (played by real-life musician Care Failure) has claimed that she channelled the spirit of Hard Core Logo’s late singer Joe Dick while writing songs for her new album, Bruce hies to Saskatchewan, where Failure and her band Die Mannequin are recording the album under the tutelage of Dick’s idol and former mentor Bucky Haight (Julian Richings, who played the same role in the original film).",0.167,4.577,13,93102
2344,Runaway Train (1985),11/15/1985,A hardened convict and a younger prisoner escape from a brutal prison in the middle of winter only to find themselves on an out-of-control train with a female railway worker while being pursued by the vengeful head of security.,2.7684,7,611,11893
2346,"Stepford Wives, The (1975)",6/10/2004,"What does it take to become a Stepford wife, a woman perfect beyond belief? Ask the Stepford husbands, who've created this high-tech, terrifying little town.",3.4949,5.691,1360,9890
2347,"Pope of Greenwich Village, The (1984)",6/22/1984,"Charlie and his troublesome cousin Paulie decide to steal $150000 in order to back a ""sure thing"" race horse that Paulie has inside information on. The aftermath of the robbery gets them into serious trouble with the local Mafia boss and the corrupt New York City police department.",1.1972,6.3,145,32081
2348,Sid and Nancy (1986),9/12/1986,"January 1978. After their success in England, the punk rock band Sex Pistols venture out on their tour of the southern United States. Temperamental bassist Sid Vicious is forced by his band mates to travel without his troubled girlfriend, Nancy Spungen, who will meet him in New York. When the band breaks up and Sid begins his solo career in a hostile city, the turbulent couple definitely falls into the depths of drug addiction.",1.4729,6.747,528,14924
2349,Mona Lisa (1986),,A man rides a donkey on a dusty road. A woman follows. She is wearing a hayrick. The man is murmuring. The woman under the hayrick listens. And then the woman stops. And the man looks at her.,0.1397,0,0,1262287
2350,Heart Condition (1990),2/2/1990,"Racist police officer Jack Moony has a vendetta against Napoleon Stone, a charismatic black lawyer who is sleeping with Jack's old flame Crystal Gerrity. Jack has a heart attack, but his life is saved when he receives Stone's heart, since Stone died mysteriously the same night as Jack was stricken. Stone is not completely gone, however, and as a ghost he is all too happy to give Jack advice on how he should do his job and live his life.",1.5642,5.604,96,41817
2351,"Nights of Cabiria (Notti di Cabiria, Le) (1957)",10/3/1957,"Rome, 1957. A woman, Cabiria, is robbed and left to drown by her boyfriend, Giorgio. Rescued, she resumes her life and tries her best to find happiness in a cynical world. Even when she thinks her struggles are over and she has found happiness and contentment, things may not be what they seem.",1.7465,7.989,807,19426
2352,"Big Chill, The (1983)",1/26/1999,"A look back at the making of the film ""The Big Chill"" (1983) with cast and crew.",1.7218,4.5,2,481892
2353,Enemy of the State (1998),11/20/1998,"The life of labor lawyer and dedicated family man Robert 'Bobby' Dean is turned upside down after a chance meeting with a college buddy while holiday shopping. Unbeknownst to Dean, he's just been burdened with a videotape of a congressman's assassination. Hot on the trail of this tape is a ruthless group of National Security Agents commanded by a belligerently ambitious NSA official named Reynolds. Using satellite surveillance, bugs, and other sophisticated snooping devices, the NSA infiltrates every facet of Dean's existence, tracing each physical and digital footprint he leaves while also framing him for murder. With the help of the mysterious Brill, he attempts to throw the NSA off his trail and prove his innocence.",5.9145,7.055,4025,9798
2354,"Rugrats Movie, The (1998)",11/20/1998,"Based on the popular Nickelodeon TV series Rugrats, this is the first full-length feature animated movie to star the little tots. It's the story of diaper-clad kids, told from a baby's point- of-view, and they were one of the hottest-selling toy franchises of the late '90s.",2.6851,6.2,609,14444
2355,"Bug's Life, A (1998)",11/25/1998,"On behalf of ""oppressed bugs everywhere,"" an inventive ant named Flik hires a troupe of warrior bugs to defend his bustling colony from a horde of freeloading grasshoppers led by the evil-minded Hopper.",13.813,7,9441,9487
2356,Celebrity (1998),9/7/1998,"The career and personal life of writer Lee are at a standstill, so he divorces his bashful wife, Robin, and dives into a new job as an entertainment journalist. His assignments take him to the swankiest corners of Manhattan, but as he jumps from one lavish party to another and engages in numerous empty romances, he starts to doubt the worth of his work. Meanwhile, top TV producer Tony falls for Robin and introduces her to the world of celebrity.",1.6749,6,487,9466
2357,Central Station (Central do Brasil) (1998),4/3/1998,"An emotional journey of a former school teacher, who writes letters for illiterate people, and a young boy, whose mother has just died, as they search for the father he never knew.",1.3993,8.146,980,666
2358,Savior (1998),,"Vincent Will, a cold-blooded killer and mercenary, works for a secret organization called, ""the twelve disciples."" Their master plan is to trigger a world war through what appears to be a string of individual terror acts. None of the mercenaries know anything but their own mission.",0.0143,0,0,647252
2359,Waking Ned Devine (a.k.a. Waking Ned) (1998),11/20/1998,"When a lottery winner dies of shock, his fellow townsfolk attempt to claim the money.",2.51,7.038,313,10162
2360,"Celebration, The (Festen) (1998)",9/27/2021,"Each year, the spirits of the dead return to visit the living in this fascinating look into the famous Mexican tradition, Day of the Dead also known as Dia de Los Muertos.",0.0453,5,1,817796
2361,Pink Flamingos (1972),3/17/1972,"Notorious Baltimore criminal and underground figure Divine goes up against Connie & Raymond Marble, a sleazy married couple who make a passionate attempt to humiliate her and seize her tabloid-given title as ""The Filthiest Person Alive"".",1.9198,6.181,526,692
2362,Glen or Glenda (1953),4/1/1953,"A psychiatrist tells two stories: one of a trans woman, the other of a pseudohermaphrodite.",0.7723,4.609,138,24018
2363,Godzilla (Gojira) (1954),1/1/1977,"A re-edited Italian-language dubbed version of the original Godzilla, using as a basis the U.S. version, ""Godzilla, King of the Monsters!"" (1956), plus WWII newsreel footage and clips from other science fiction films. The re-edited film was then colorized via a process called ""Spectrorama 70"" consisting of applying various colored gels to the black and white footage. The film's opening and ending also features new music composed by musicians Fabio Frizzi, Franco Bixio, and Vince Tempera (under the pseudonym Magnetic System).",1.9568,6.7,51,340315
2364,"Godzilla 1985: The Legend Is Reborn (Gojira) (Godzilla) (Return of Godzilla, The) (1984)",8/23/1985,"Originally released in Japan as ""The Return of Godzilla""  in 1984, this is the heavily re-edited, re-titled ""Godzilla 1985"".  Adding in new footage of Raymond Burr, this 16th Godzilla film ignores all previous sequels and serves as a direct follow-up to the 1956 ""Godzilla King of the Monsters"", which also featured scenes with Burr edited into 1954's ""Godzilla"". This film restores the darker tone of the original, as we witness the nuclear destruction of giant lizard terrorizing Japan.",2.0872,6.8,188,39256
2365,King Kong vs. Godzilla (Kingukongu tai Gojira) (1962),8/11/1962,"The advertising director of Pacific Pharmaceuticals, frustrated with the low ratings of their sponsored TV program, seeks a more sensationalist approach. He orders his staff to Faro Island to capture King Kong for exploitation. As Godzilla re-emerges, a media frenzy generates with Pacific looking to capitalize off of the ultimate battle.",3.1245,6.9,321,1680
2366,King Kong (1933),12/12/2005,"In 1933 New York, an overly ambitious movie producer coerces his cast and hired ship crew to travel to mysterious Skull Island, where they encounter Kong, a giant ape who is immediately smitten with the leading lady.",10.6429,6.89,8161,254
2367,King Kong (1976),12/12/2005,"In 1933 New York, an overly ambitious movie producer coerces his cast and hired ship crew to travel to mysterious Skull Island, where they encounter Kong, a giant ape who is immediately smitten with the leading lady.",10.6429,6.89,8161,254
2368,King Kong Lives (1986),12/16/1986,"After falling from the Twin Towers, Kong lies in a coma for ten years. When his heart begins to fail, scientists engineer an artificial heart, and a giant female ape is captured to serve as a source for a blood transfusion. When Kong awakens following his heart transplant, he senses the nearby presence of the female ape and the two escape to wreak havoc together.",2.6551,5.1,229,31947
2369,Desperately Seeking Susan (1985),3/29/1985,A bored New Jersey suburban housewife's fascination with a free-spirited woman she has read about in the personal columns leads to her being mistaken for the woman herself and into a chaotic adventure of amnesia and self-discovery.,2.8893,6.072,464,8130
2370,"Emerald Forest, The (1985)",6/22/1985,"For ten years, engineer Bill Markham has searched tirelessly for his son Tommy who disappeared from the edge of the Brazilian rainforest. Miraculously, he finds the boy living among the reclusive Amazon tribe who adopted him. And that's when Bill's adventure truly begins. For his son is now a grown tribesman who moves skillfully through this beautiful-but-dangerous terrain, fearful only of those who would exploit it. And as Bill attempts to ""rescue"" him from the savagery of the untamed jungle, Tommy challenges Bill's idea of true civilization and his notions about who needs rescuing.",1.5018,6.6,247,11532
2371,Fletch (1985),5/31/1985,"When investigative reporter Irwin ""Fletch"" Fletcher goes undercover to write a piece on the drug trade at a local beach, he's approached by wealthy businessman Alan Stanwyk, who offers him $50,000 to murder him. With sarcastic wit and a knack for disguises, Fletch sets out to uncover Stanwyk's story.",1.6851,6.74,712,9749
2372,Fletch Lives (1989),3/17/1989,"Fletch is a fish out of water in small-town Louisiana, where he's checking out a tumbledown mansion he's inherited. When a woman he flirts with turns up dead, he becomes a suspect and must find the killer and clear his name.",2.1277,6.032,312,14628
2373,Red Sonja (1985),7/31/2025,A young girl rises from the ashes of tragedy to become the most feared warrior woman of all time: the She-Devil with a Sword.,352.2637,5.858,53,13494
2374,Gung Ho (1986),12/20/1943,"A true-life epic that revolves around an exclusive bataillon of the U.S. Marine Corps during World War II, ""Carlson's Raiders,"" whose assignment is to take control of a South Pacific island once possessed by the United States but now under Japanese command.",1.4911,5.2,23,18562
2375,"Money Pit, The (1986)",3/26/1986,"After being evicted from their Manhattan apartment, a couple buy what looks like the home of their dreams—only to find themselves saddled with a bank-account-draining nightmare. Struggling to keep their relationship together as their rambling mansion falls to pieces around them, the two watch in hilarious horror as everything—including the kitchen sink—disappears into the Money Pit.",4.0513,6.511,1183,10466
2376,"View to a Kill, A (1985)",5/24/1985,A newly-developed microchip designed by Zorin Industries for the British Government that can survive the electromagnetic radiation caused by a nuclear explosion has landed in the hands of the KGB. James Bond must find out how and why. His suspicions soon lead him to big industry leader Max Zorin who forms a plan to destroy his only competition in Silicon Valley by triggering a massive earthquake in the San Francisco Bay.,6.0778,6.239,2061,707
2377,Lifeforce (1985),6/21/1985,A space shuttle mission investigating Halley's Comet brings back a malevolent race of space vampires who transform most of London's population into zombies. The only survivor of the expedition and British authorities attempt to capture a mysterious but beautiful alien woman who appears responsible.,6.499,6.2,650,11954
2378,Police Academy (1984),3/22/1984,"New rules enforced by the Lady Mayoress mean that sex, weight, height and intelligence need no longer be a factor for joining the Police Force. This opens the floodgates for all and sundry to enter the Police Academy, much to the chagrin of the instructors. Not everyone is there through choice, though. Social misfit Mahoney has been forced to sign up as the only alternative to a jail sentence and it doesn't take long before he falls foul of the boorish Lieutenant Harris. But before long, Mahoney realises that he is enjoying being a police cadet and decides he wants to stay... while Harris decides he wants Mahoney out!",10.0911,6.689,2813,9336
2379,Police Academy 2: Their First Assignment (1985),3/28/1985,"Officer Carey Mahoney and his cohorts have finally graduated from the Police Academy and are about to hit the streets on their first assignment. Question is, are they ready to do battle with a band of graffiti-tagging terrorists? Time will tell, but don't sell short this cheerful band of doltish boys in blue.",5.8144,6.1,1628,10157
2380,Police Academy 3: Back in Training (1986),3/20/1986,"When police funding is cut, the Governor announces he must close one of the academies. To make it fair, the two police academies must compete against each other to stay in operation. Mauser persuades two officers in Lassard's academy to better his odds, but things don't quite turn out as expected...",8.7856,5.812,1285,12118
2381,Police Academy 4: Citizens on Patrol (1987),4/2/1987,"A new batch of recruits arrives at Police Academy, this time a group of civilian volunteers who have joined Commandant Lassard's new Citizens on Patrol program. Although the community relations project has strong governmental support, a disgusted Captain Harris is determined to see it fail.",5.9878,5.519,1206,10587
2382,Police Academy 5: Assignment: Miami Beach (1988),3/17/1988,The Police Academy misfits travel to Miami Beach for Commandant Lassard to be honored with a prestigious lifetime award pending his retirement. Things take a turn when Lassard unknowingly ends up in possession of stolen diamonds from a jewel heist.,6.4404,5.226,951,11825
2383,Police Academy 6: City Under Siege (1989),3/9/1989,"Our favourite police men are called together to deal with a gang who rob banks and jewelers. Using their various talents as well as their extraordinary luck, the crooks stand no chance against our men and women in blue.",2.85,5.146,890,11895
2384,Babe: Pig in the City (1998),11/25/1998,"Babe, fresh from his victory in the sheepherding contest, returns to Farmer Hoggett's farm, but after Farmer Hoggett is injured and unable to work, Babe has to go to the big city to save the farm.",2.9935,5.644,1273,9447
2385,Home Fries (1998),11/25/1998,"Dorian and Angus chase down their womanizing stepfather with a helicopter, frightening him to death. In his effort to cover their tracks, Dorian begins investigating his stepfather's mistress, Sally. She works at a fast-food drive-through, she's pregnant and Dorian quickly falls in love with her. Unfortunately, his scheming mother wants Sally dead. And Sally isn't sure she wants Dorian to be her child's father and also his brother.",0.8151,5.135,104,12257
2387,Very Bad Things (1998),9/11/1998,"Kyle Fisher has one last night to celebrate life as a single man before marrying Laura, so he sets out to Vegas with four of his best buddies. But a drug and alcohol filled night on the town with a stripper who goes all the way, turns into a cold night in the desert with shovels when the stripper goes all the way into a body bag after dying in their bathroom. And that's just the first of the bodies to pile up before Kyle can walk down the aisle...",2.2454,6.268,643,10029
2388,Steam: The Turkish Bath (Hamam) (1997),5/9/1997,Francesco and Marta run a husband-and-wife design company in Rome. When Francesco's aunt dies in Instanbul he travels there to sort out the hamam turkish steam bath that she left him. He finds a love and warmth in his relatives' Instanbul home that is missing from his life in Italy.,1.6812,6.6,139,27104
2389,Psycho (1998),6/22/1960,"When larcenous real estate clerk Marion Crane goes on the lam with a wad of cash and hopes of starting a new life, she ends up at the notorious Bates Motel, where manager Norman Bates cares for his housebound mother.",10.1398,8.421,10484,539
2390,Little Voice (1998),11/5/1998,"After the death of her father, Little Voice or LV becomes a virtual recluse, never going out and hardly ever saying a word. She just sits in her bedroom listening to her father's collection of old records of Shirley Bassey, Marilyn Monroe and various other famous female singers. But at night time, LV sings, imitating these great singers with surprising accuracy. One night she is overheard by one of her mother's boyfriends, who happens to be a talent agent. He manages to convince her that her talent is special and arranges for her to perform at the local night club, but several problems arise.",1.6103,6.468,190,8545
2391,"Simple Plan, A (1998)",3/19/2012,"Greece 2011. In an uncertain economic climate, two young people suddenly find themselves out of a job when the owner of the company they work for suddenly declares bankruptcy. With nothing left to lose, they decide to take their destinies into their own hands. All they need is a plan. A simple plan...",0.2475,0,0,1038926
2392,Jack Frost (1998),9/12/2022,A supernatural creature will stop at nothing in order to turn a family's whole world upside with his icy mayhem.,1.6761,4,4,980155
2393,Star Trek: Insurrection (1998),12/11/1998,"When an alien race and factions within Starfleet attempt to take over a planet that has ""regenerative"" properties, it falls upon Captain Picard and the crew of the Enterprise to defend the planet's people as well as the very ideals upon which the Federation itself was founded.",6.2186,6.427,1280,200
2394,"Prince of Egypt, The (1998)",12/16/1998,"The strong bond between two brothers is challenged when their chosen responsibilities set them at odds, with extraordinary consequences.",12.1939,7.3,4122,9837
2395,Rushmore (1998),12/11/1998,"When a beautiful first-grade teacher arrives at a prep school, she soon attracts the attention of an ambitious teenager named Max, who quickly falls in love with her. Max turns to the father of two of his schoolmates for advice on how to woo the teacher. However, the situation soon gets complicated when Max's new friend becomes involved with her, setting the two pals against one another in a war for her attention.",4.6137,7.397,2584,11545
2396,Shakespeare in Love (1998),12/11/1998,"Young Shakespeare is forced to stage his latest comedy, ""Romeo and Ethel, the Pirate's Daughter,"" before it's even written. When a lovely noblewoman auditions for a role, they fall into forbidden love -- and his play finds a new life (and title). As their relationship progresses, Shakespeare's comedy soon transforms into tragedy.",4.5342,6.853,3078,1934
2398,Miracle on 34th Street (1947),11/27/1959,"In this charming TV adaptation of the 1947 film classic, a kindly old gentleman (Ed Wynn) working as a Macy's department store Santa causes a commotion when he claims to be the real St. Nick. Forced to prove his sanity, he is taken to court where he must convince the judge and his friends that he actually is Santa Claus. The faith of one skeptical little girl (Susan Gordon) and a Christmas miracle are the keys to his true identity.",1.0217,7,1,765873
2399,Santa Claus: The Movie (1985),10/29/1985,"In ancient times, a man named Claus, who delivers toys in his small village, fulfils his destiny to become Santa Claus after meeting an expert toy-making elf, Patch, in the North Pole. In the present day, Santa Claus has become overwhelmed by his workload, and the disgruntled Patch flees the workshop to New York City. There, Patch unknowingly threatens the fate of Christmas by taking a job at a failing toy company run by a scheming businessman.",1.4488,6.3,269,13764
2400,Prancer (1989),11/17/1989,"Jessica, the daughter of an impoverished apple farmer, still believes in Santa Claus. So when she comes across a reindeer with an injured leg, it makes perfect sense to her to assume that it is Prancer, who had fallen from a Christmas display in town. She hides the reindeer in her barn and feeds it cookies, until she can return it to Santa. Her father finds the reindeer an decides to sell it to the butcher, not for venison chops, but as an advertising display.",1.7482,5.959,98,24951
2401,Pale Rider (1985),6/28/1985,A mysterious preacher protects a humble prospector village from a greedy mining company trying to encroach on their land.,5.4366,7.17,1131,8879
2402,Rambo: First Blood Part II (1985),5/21/1985,John Rambo is released from prison by the government for a top-secret covert mission to the last place on Earth he'd want to return - the jungles of Vietnam.,10.7767,6.65,4096,1369
2403,First Blood (Rambo: First Blood) (1982),10/22/1982,"When former Green Beret John Rambo is harassed by local law enforcement and arrested for vagrancy, he is forced to flee into the mountains and wage an escalating one-man war against his pursuers.",13.9799,7.495,6558,1368
2404,Rambo III (1988),5/24/1988,"Combat has taken its toll on Rambo, but he's finally begun to find inner peace in a monastery. When Rambo's friend and mentor Col. Trautman asks for his help on a top secret mission to Afghanistan, Rambo declines but must reconsider when Trautman is captured.",8.7083,6.194,3303,1370
2405,"Jewel of the Nile, The (1985)",8/1/1985,"Joan Wilder is thrust back into a world of murder, chases, foreign intrigue... and love. This time out she's duped by a duplicitous Arab dignitary who brings her to the Middle East, ostensibly to write a book about his life. Of course, he's up to no good, and Joan is just another pawn in his wicked game. But Jack Colton and his sidekick Ralph show up to help our intrepid heroine save the day.",4.5056,6.219,1208,10303
2406,Romancing the Stone (1984),3/30/1984,"Though she can spin wild tales of passionate romance, novelist Joan Wilder has no life of her own. Then one day adventure comes her way in the form of a mysterious package. It turns out that the parcel is the ransom she'll need to free her abducted sister, so Joan flies to South America to hand it over. But she gets on the wrong bus and winds up hopelessly stranded in the jungle.",4.379,6.761,1923,9326
2407,Cocoon (1985),9/20/1968,"In this pilot film to the ""Hawaii Five-0"" television series, special law officer Steve McGarrett tracks down Red Chinese operatives and their spy ring in Honolulu.",3.3477,0,0,768724
2408,Cocoon: The Return (1988),9/13/1988,"The reinvigorated elderly group that left Earth comes back to visit their relatives. Will they all decide to go back to the planet where no one grows old, or will they be tempted to remain on Earth?",3.3258,6.5,1005,11285
2409,Rocky II (1979),6/15/1979,"After Rocky goes the distance with champ Apollo Creed, both try to put the fight behind them and move on. Rocky settles down with Adrian but can't put his life together outside the ring, while Creed seeks a rematch to restore his reputation. Soon enough, the ""Master of Disaster"" and the ""Italian Stallion"" are set on a collision course for a climactic battle that is brutal and unforgettable.",4.7892,7.281,4575,1367
2410,Rocky III (1982),5/28/1982,Following Rocky Balboa's intense battle with his most powerful adversary yet – the ferocious Clubber Lang – Rocky joins forces with former rival Apollo Creed in an effort to get back his fighting spirit.,5.2526,6.895,4297,1371
2411,Rocky IV (1985),11/21/1985,"Rocky Balboa holds the world heavyweight championship, but a new challenger has stepped forward: Drago, a six-foot-four, 261-pound fighter who has the backing of the Soviet Union. This time, Rocky's training regimen takes him to Siberia, where he prepares for a globally televised match in the heart of Moscow. But nothing can truly prepare him for what he's about to face – a fight to the finish, in which he must defend not only himself, but also the honor of his country!",6.3433,7.1,4603,1374
2412,Rocky V (1990),11/16/1990,"A lifetime of taking shots has ended Rocky’s career, and a crooked accountant has left him broke. Inspired by the memory of his trainer, however, Rocky finds glory in training and takes on an up-and-coming boxer.",4.2938,5.8,3317,1375
2413,Clue (1985),2/9/2022,"Murder and blackmail are on the menu when six mysterious guests assemble for a dinner party at Boddy Manor. Was it Mrs. Peacock in the study with the knife? Or Colonel Mustard in the library with the wrench? Based on the cult 1985 Paramount movie and inspired by the classic Hasbro game, this farce-meets-murder-mystery is bloody good fun.",0.8318,6,1,938442
2414,Young Sherlock Holmes (1985),12/4/1985,"Sherlock Holmes and Dr. Watson meet as boys in an English Boarding school. Holmes is known for his deductive ability even as a youth, amazing his classmates with his abilities. When they discover a plot to murder a series of British business men by an Egyptian cult, they move to stop it.",1.8315,6.742,659,11904
2415,Violets Are Blue... (1986),6/2/1975,"TV reporter Mille wants to be liberated from matrimonial restraints and have more than one man in her life. She spends time with her friends, bisexual intellectual Suzanne and prostitute Lise. They mostly talk about men and women's lib.",0.0486,5.7,7,95491
2416,Back to School (1986),4/9/1992,"Star Chow, an officer in the elite police unit, resigns when he is made a scapegoat for a botched investigation. He goes undercover at a school to complete the case and realizes a bumbling detective is also undercover as a student.",2.3406,6.735,102,53165
2417,Heartburn (1986),7/25/1986,"She's a magazine writer who gives up her career for love and family. He's a playboy newspaper columnist who can't quite give up his old tricks. And if that combination doesn't give a relationship heartburn, nothing will.",1.8028,5.98,201,13818
2418,Nothing in Common (1986),7/29/1986,A successful advertising executive finds his freewheeling life crashing to a halt when his parents end their longtime marriage.,3.4393,5.8,129,29968
2419,Extremities (1986),8/22/1986,"A woman escapes from the man who is about to rape her, but leaves her purse behind. Afraid that her attacker might come after her, she goes to the police, but with no proof of the incident, they can do nothing. In fact, the man does use the information in her bag and comes to her apartment with the intent of rape, but she sprays him in the face with insect repellent, and then holds him captive. She is then faced with deciding whether to go to the police who might not believe her and release him, or to kill him.",1.365,6.111,90,44326
2420,"Karate Kid, The (1984)",6/10/2010,"12-year-old Dre Parker could've been the most popular kid in Detroit, but his mother's latest career move has landed him in China. Dre immediately falls for his classmate Mei Ying but the cultural differences make such a friendship impossible. Even worse, Dre's feelings make him an enemy of the class bully, Cheng. With no friends in a strange land, Dre has nowhere to turn but maintenance man Mr. Han, who is a kung fu master. As Han teaches Dre that kung fu is not about punches and parries, but maturity and calm, Dre realizes that facing down the bullies will be the fight of his life.",12.2408,6.562,6304,38575
2421,"Karate Kid, Part II, The (1986)",6/18/1986,"Summoned by his dying father, Miyagi returns to his homeland of Okinawa, with Daniel, after a 40-year exile. There he must confront Yukie, the love of his youth, and Sato, his former best friend turned vengeful rival. Sato is bent on a fight to the death, even if it means the destruction of their village. Daniel finds his own love in Yukia's niece, Kumiko, and his own enemy in Sato's nephew, the vicious Chozen. Now, far away from the tournaments, cheering crowds and safety of home, Daniel will face his greatest challenge ever when the cost of honor is life itself.",9.6425,6.3,2343,8856
2422,"Karate Kid, Part III, The (1989)",6/16/1989,"Despondent over the closing of his karate school, Cobra Kai teacher John Kreese joins a ruthless businessman and martial artist to get revenge on Daniel and Mr. Miyagi.",5.3602,5.9,1720,10495
2423,Christmas Vacation (National Lampoon's Christmas Vacation) (1989),12/14/1995,Two Italians are on holiday in Aspen in Colorado. The first one is Lorenzo whose daughter is crazy about Luke Perry (Beverly Hills 90210 actor) and wants to meet him at all costs. The second one wants to win back his wife who has left him because of his gambling problem.,0.2908,5.43,213,42445
2424,You've Got Mail (1998),12/18/1998,"Book superstore magnate, Joe Fox and independent book shop owner, Kathleen Kelly fall in love in the anonymity of the Internet—both blissfully unaware that he's trying to put her out of business.",5.0094,6.691,3435,9489
2425,"General, The (1998)",9/5/2018,"With this film (the second war trilogy set during the Filipino-American war in the early 1900s), the revolution marches on against the Americans after the bloody death of General Antonio Luna. The conflicted philosophies behind the heroic struggle continue and become personified in the colorful character of General Gregorio ""Goyo"" del Pilar.",1.3629,7,25,522449
2427,"Thin Red Line, The (1998)",5/2/1964,"Set during the Allied invasion of the island of Guadalcanal in the Pacific theater during WWII, this film is based on the novel by James Jones. Keir Dullea is Private Doll, who dreads the invasion and steals a pistol to help him protect himself. Sergeant Welsh (Jack Warden), a caustic, battle-scarred veteran, hates Doll, whom he considers a coward. In battle, Doll kills a Japanese soldier and is filled with remorse, which further angers the sergeant. The next day, an emboldened Doll wipes out an entire enemy machine gun post and begins to feel as sadistic as Welsh. The two must work together to clear away some mines, but as they do, their platoon is surprised by a Japanese raid.",0.7813,5.9,15,188608
2428,"Faculty, The (1998)",12/25/1998,"When some very creepy things start happening around school, the kids at Herrington High make the chilling discovery that confirms their worst suspicions: their teachers really are from another planet!",5.3535,6.558,2096,9276
2429,Mighty Joe Young (1998),12/25/1998,"As a child living in Africa, Jill Young saw her mother killed while protecting wild gorillas from poachers led by Andrei Strasser. Now an adult, Jill cares for an orphaned gorilla named Joe -- who, due to a genetic anomaly, is 15 feet tall. When Gregg O'Hara arrives from California and sees the animal, he convinces Jill that Joe would be safest at his wildlife refuge. But Strasser follows them to the U.S., intent on capturing Joe for himself.",1.6363,6.3,838,9822
2430,Mighty Joe Young (1949),12/25/1998,"As a child living in Africa, Jill Young saw her mother killed while protecting wild gorillas from poachers led by Andrei Strasser. Now an adult, Jill cares for an orphaned gorilla named Joe -- who, due to a genetic anomaly, is 15 feet tall. When Gregg O'Hara arrives from California and sees the animal, he convinces Jill that Joe would be safest at his wildlife refuge. But Strasser follows them to the U.S., intent on capturing Joe for himself.",1.6363,6.3,838,9822
2431,Patch Adams (1998),12/25/1998,"The true story of Dr. Hunter ""Patch"" Adams, who in the 1970s found that humor is the best medicine, and was willing to do just anything to make his patients laugh—even if it meant risking his own career.",5.727,7.316,3307,10312
2432,Stepmom (1998),12/25/1998,"Jackie is a divorced mother of two. Isabel is the career minded girlfriend of Jackie’s ex-husband Luke, forced into the role of unwelcome stepmother to their children. But when Jackie discovers she is ill, both women realise they must put aside their differences to find a common ground and celebrate life to the fullest, while they have the chance.",4.3539,7.149,1484,9441
2433,"Civil Action, A (1998)",12/25/1998,"Jan Schlickmann is a cynical lawyer who goes out to 'get rid of' a case, only to find out it is potentially worth millions. The case becomes his obsession, to the extent that he is willing to give up everything—including his career and his clients' goals—in order to continue the case against all odds.",2.0015,6.45,460,9422
2435,Hurlyburly (1998),12/25/1998,A group of actors and their casting agents try to find a direction in their lives whilst coming to terms with their personal problems and relationship conflicts.,1.3637,5.5,101,24525
2436,Tea with Mussolini (1999),3/25/1999,"In 1930s fascist Italy, adolescent Luca just lost his mother. His father, a callous businessman, sends him to be taken care of by British expatriate Mary Wallace. Mary and her cultured friends - including artist Arabella, young widow Elsa, and archaeologist Georgie - keep a watchful eye over the boy. But the women's cultivated lives take a dramatic turn when Allied forces declare war on Mussolini.",1.1013,6.5,150,10368
2439,Affliction (1997),1/21/2021,"During a haunting visit with her family, a grieving wife tries to uncover the disturbing reasons behind her mother-in-law's deteriorating condition.",0.5697,6.6,5,783674
2442,Hilary and Jackie (1998),12/30/1998,"The tragic story of world-renowned cellist Jacqueline du Pré, as told from the point of view of her sister, flautist Hilary du Pré-Finzi.",1.855,6.571,105,46992
2443,Playing by Heart (1998),12/30/1998,"In a vibrant tapestry of love and longing, nine interconnected souls navigate romance and heartbreak in L.A., where passions collide and truths unfold, revealing that the heart's desires often lead us where we least expect.",2.438,6.6,239,825
2445,At First Sight (1999),6/17/1977,"Roy, an accident-prone blind man, falls in love with a young woman named Shirley. When Shirley’s overbearing father Frank lets his disapproval of their relationship be known, Roy and Shirley head off to Niagara Falls to open a restaurant as Frank plans to break them up.",0.2262,3.5,2,125907
2446,In Dreams (1999),9/1/2023,A Saturday morning cartoon for the post-punk/Psychedelics set.,0.0281,0,0,1171898
2447,Varsity Blues (1999),1/15/1999,"In small-town Texas, high school football is a religion, 17-year-old schoolboys carry the hopes of an entire community onto the gridiron every Friday night. When star quarterback Lance Harbor suffers an injury, the Coyotes are forced to regroup under the questionable leadership of John Moxon, a second-string quarterback with a slightly irreverent approach to the game.",2.7956,6.155,433,14709
2448,Virus (1999),1/14/1999,"When the crew of an American tugboat boards an abandoned Russian research vessel, the alien life form aboard regards them as a virus which must be destroyed.",2.6834,5.395,638,9423
2450,Howard the Duck (1986),8/1/1986,"A scientific experiment unknowingly brings extraterrestrial life forms to the Earth through a laser beam. First is the cigar-smoking drake, Howard, from the duck's planet. A few kids try to keep him from the greedy scientists and help him back to his planet, but then a much less friendly being arrives through the beam...",5.3266,5.424,1061,10658
2451,"Gate, The (1987)",12/17/2014,"Two decades after forging an unlikely alliance in Pol Pot's Cambodia, a French ethnologist and a former Khmer Rouge official meet again after the latter is arrested for crimes against humanity.",0.3169,6,15,284280
2453,"Boy Who Could Fly, The (1986)",3/18/1992,Surreal tale of a 14 year-old boy who dreams of escaping the loneliness from an unhappy home &amp; sexual abuse (from his mother's boyfriend who is also his school swimming coach). One day his back mysteriously sprouts feathers and he can metaphorically fly away from it all.,0.7153,5.7,9,185034
2454,"Fly, The (1958)",9/5/1980,"A fine day in the life of a fly presented completely from the fly's point of view. A fine day until something dreary happens, that is.",0.4878,7.155,55,47466
2455,"Fly, The (1986)",9/5/1980,"A fine day in the life of a fly presented completely from the fly's point of view. A fine day until something dreary happens, that is.",0.4878,7.155,55,47466
2456,"Fly II, The (1989)",2/10/1989,"Martin Brundle, born of the human/fly, is adopted by his father's place of employment (Bartok Inc.) while the employees simply wait for his mutant chromosomes to come out of their dormant state.",3.3073,5.698,691,10344
2457,Running Scared (1986),1/6/2006,"A low-ranking thug is entrusted by his boss to dispose of a gun that killed corrupt cops, but things spiral out of control when the gun ends up in wrong hands.",2.8626,6.981,1076,7304
2458,Armed and Dangerous (1986),8/15/1986,"After policeman Frank Dooley is framed for theft and loses his job on the force, he joins a security guard agency and teams up with inept former defense lawyer Norman Kane. When the two botch a job guarding a local warehouse, they begin to uncover corruption within the company and their union.",4.7705,5.664,192,2620
2459,"Texas Chainsaw Massacre, The (1974)",5/21/2003,"After picking up a traumatized young hitchhiker, five friends find themselves stalked and hunted by a chainsaw-wielding killer and his family of equally psychopathic killers.",7.8586,6.3,2752,9373
2460,"Texas Chainsaw Massacre 2, The (1986)",8/22/1986,A radio host is victimized by the cannibal family as a former Texas marshal hunts them.,7.1437,5.6,942,16337
2462,Texas Chainsaw Massacre: The Next Generation (a.k.a. The Return of the Texas Chainsaw Massacre) (1994),9/22/1995,"After a group of Texas teenagers leave prom night early and get into a car crash in the woods, they employ the aid of a nearby insurance agent, who calls in her tow truck-driving boyfriend, Vilmer Slaughter. Unfortunately for them, Vilmer is a sadistic killer with a mechanical leg who introduces them to his brother, Leatherface, and the rest of their twisted family.",4.7544,4.613,713,16780
2463,Ruthless People (1986),6/26/1986,"Sam Stone hates his wife Barbara so much that he wants her dead. He's ecstatic when she's taken by a duo of kidnappers who want $500,000 ransom in exchange for her life. Fully intending to ignore every one of the kidnappers' demands in the hopes that they do him a favor and murder her for him, the two confused kidnappers have to figure out how they're going get their money, and what they're going to do with the overbearing Barbara.",2.2272,6.629,417,12151
2465,Deadly Friend (1986),10/10/1986,"When tragedy strikes his remarkable robot and the beautiful girl next door, lonely teenage genius Paul tries to save them by pushing technology beyond its known limits into a terrifying new realm.",1.61,6.143,251,33278
2467,"Name of the Rose, The (Name der Rose, Der) (1986)",10/11/1986,"A German TV documentary that chronicles the daily rehearsals, the filming and all the behind the scenes of Jean-Jacques Annaud's classic ""The Name of the Rose"". From actors perspectives to the ideas used by the director to produce an impeccable international epic adaptation of Umberto Eco's best selling novel, the film presents the obstacles behind the creation of a production of such large scale and also the making of the many difficult scenes, most of the ones presented here are the characters' murders inside the mysterious abbey.",0.2221,6.5,4,776669
2468,Jumpin' Jack Flash (1986),10/9/1986,"Terry works for a bank, and uses computers to communicate with clients all over the world. One day, she gets a strange coded message from an unknown source. After decoding the message, Terry becomes embroiled in an espionage ring. People are killed, and Terry is chased. Throughout, she remains in contact with this mysterious person, who needs Terry's help save his life.",2.8017,6.1,370,10945
2469,Peggy Sue Got Married (1986),10/10/1986,"Peggy Sue faints at a high school reunion. When she wakes up she finds herself in her own past, just before she finished school.",1.9013,6.1,610,10013
2470,Crocodile Dundee (1986),9/26/1986,"When a New York reporter plucks crocodile hunter Mick Dundee from the Australian Outback for a visit to the Big Apple, it's a clash of cultures and a recipe for good-natured comedy as naïve Dundee negotiates the concrete jungle. He proves that his instincts are quite useful in the city and adeptly handles everything from wily muggers to high-society snoots without breaking a sweat.",2.9437,6.42,1985,9671
2471,Crocodile Dundee II (1988),5/19/1988,Australian outback expert protects his New York love from gangsters who've followed her down under.,3.4178,5.8,1150,9396
2472,Tough Guys (1986),10/3/1986,"Harry Doyle and Archie Lang are two old-time train robbers, who held up a train in 1956 and have been incarcerated for thirty years. After serving their time, they are released from jail and have to adjust to a new life of freedom. and soon realize that they still have the pizzazz when, picking up their prison checks at a bank, they foil a robbery attempt.",2.8197,6,141,11038
2473,Soul Man (1986),10/24/1986,"A white prospective grad student's affluent family won't pay his way through law school, so he takes tanning pills to darken his skin in order to qualify for an African-American scholarship at Harvard. He soon gets more than he bargained for, as he begins to learn what life is really like for blacks in America.",1.6002,5.306,155,12278
2474,"Color of Money, The (1986)",10/17/1986,"Former pool hustler ""Fast Eddie"" Felson decides he wants to return to the game by taking a pupil. He meets talented but green Vincent Lauria and proposes a partnership. As they tour pool halls, Eddie teaches Vincent the tricks of scamming, but he eventually grows frustrated with Vincent's showboat antics, leading to an argument and a falling-out. Eddie takes up playing again and soon crosses paths with Vincent as an opponent.",2.8245,6.857,1425,11873
2475,52 Pick-Up (1986),11/7/1986,"Harry Mitchell is a successful Los Angeles manufacturer whose wife is running for city council. His life is turned upside down when three blackmailers confront him with a videotape of him with his young mistress and demand $100,000. Fearing that the story will hurt his wife's political campaign if he goes to the police, Harry pretends that he will pay the men, but does not follow through.",1.4136,6,128,18588
2476,Heartbreak Ridge (1986),12/5/1986,"A hard-nosed, hard-living Marine gunnery sergeant clashes with his superiors and his ex-wife as he takes command of a spoiled recon platoon with a bad attitude.",4.186,6.9,1055,10015
2477,Firewalker (1986),11/21/1986,A pair of adventurers try to track down an ancient Aztec/Mayan/Egyptian/Apache horde of gold.,1.882,5.263,186,12715
2478,¡Three Amigos! (1986),12/12/1986,A trio of unemployed silent film actors are mistaken for real heroes by a small Mexican village in search of someone to stop a malevolent bandit.,5.2862,6.3,1062,8388
2481,My Name Is Joe (1998),5/15/1998,"Two thirtysomethings, unemployed former alcoholic Joe and community health worker Sarah, start a romantic relationship in one of the toughest Glasgow neighbourhoods.",0.9684,7.254,199,8129
2482,Still Crazy (1998),10/30/1998,"In the 1970s, Strange Fruit were it. They lived the rock lifestyle to the max, groupies, drugs, internal tension and an ex front man dead from an overdose. Even their demise was glamorous; when lightning struck the stage during an outdoor festival. Twenty years on, these former rock gods they have now sunk deep into obscurity when the idea of a reunion tour is lodged in the head of Tony, former keyboard player of the Fruits. Tony sets out to find his former bandmates with the help of former manager Karen to see if they can recapture the magic and give themselves a second chance.",1.3861,6.759,112,1618
2483,"Day of the Beast, The (Día de la Bestia, El) (1995)",10/20/1995,"The story revolves around a Basque Roman Catholic priest dedicated to committing as many sins as possible, a death metal salesman from Carabanchel, and the Italian host of a TV show on the occult. These go on a literal ""trip"" through Christmas-time Madrid to hunt for and prevent the reincarnation of the Antichrist.",0.9562,7.259,563,10722
2485,She's All That (1999),1/29/1999,"High school hotshot Zach Siler is the envy of his peers. But his popularity declines sharply when his cheerleader girlfriend, Taylor, leaves him for sleazy reality-television star Brock Hudson. Desperate to revive his fading reputation, Siler agrees to a seemingly impossible challenge. He has six weeks to gain the trust of nerdy outcast Laney Boggs -- and help her to become the school's next prom queen.",3.642,6.317,2142,10314
2488,Peeping Tom (1960),1897-05-31,"A man peeping through a keyhole at an attractive young woman gets his comeuppance. This film, presumed lost, is often mistaken for Ferdinand Zecca's ""What Is Seen Through a Keyhole"" (1901).",0.0214,5.4,8,155858
2490,Payback (1999),10/12/2024,"Raja Reddy, a businessman. is betrayed by his friends, who kill his daughter and brother. Driven by vengeance, Raja meticulously plans and executes his revenge against each one of them.",0.0738,0,0,1354447
2491,Simply Irresistible (1999),2/5/1999,"After her mother's death, mediocre chef Amanda Shelton is having trouble attracting customers to her family's restaurant. While shopping for ingredients, she is given a magical crab by mysterious Gene O'Reilly. Afterward, Amanda's dishes suddenly become excellent, inducing strong emotional reactions in everyone who eats them. Tom Bartlett, who is preparing to open his own eatery, tries her cooking and falls in love.",1.0236,5.426,243,16172
2492,20 Dates (1998),1/1/1998,"Myles is divorced in L.A. He wants a love life and a film career. So he decides to go on 20 dates and find true love in front of a camera, making his first feature. His patient agent, Richard, finds a $60,000 investor, the shadowy Elie. Myles starts his search, sometimes telling his date she's being filmed, sometimes not. Elie wants sex and titillation, Myles wants it ""real."" Myles regularly talks with his old film teacher, Robert McKee, who wonders if love is possible in modern life. Half-way through the 20 dates, Myles meets Elisabeth; she's everything he desires and she likes him. Can he finish the 20 dates, satisfy Elie, and complete his film without losing Elisabeth?",0.3761,5,8,111794
2493,"Harmonists, The (1997)",12/25/1997,"Comedian Harmonists tells the story of a famous, German male sextet, five vocals and piano, the ""Comedian Harmonists"", from the day they meet first in 1927 to the day in 1934, when they become banned by the upcoming Nazis, because three of them are Jewish.",0.1939,6.7,62,9524
2494,"Last Days, The (1998)",3/27/1996,"A brief, fictionalized time period in the life of Professor Kant. The story is set in Kant's hometown, Konigsberg; it chronicles his last few years prior to his death in 1804 at the age of 80.",0.7129,6.5,5,66442
2495,"Fantastic Planet, The (Planète sauvage, La) (1973)",12/1/1973,"On the planet Ygam, the Draags, extremely technologically and spiritually advanced blue humanoids, consider the tiny Oms, human beings descendants of Terra's inhabitants, as ignorant animals. Those who live in slavery are treated as simple pets and used to entertain Draag children; those who live hidden in the hostile wilderness of the planet are periodically hunted and ruthlessly slaughtered as if they were vermin.",1.5846,7.6,1018,16306
2496,Blast from the Past (1999),2/12/1999,"Following a bomb scare in the 1960s that locked the Webers into their bomb shelter for 35 years, Adam now ventures forth into Los Angeles to obtain food and supplies for his family, and a non-mutant wife for himself.",3.7974,6.8,1140,11622
2497,Message in a Bottle (1999),5/1/2025,"A renowned sommelier finds a way to communicate with her past self in an attempt to correct the mistakes that have shaped her life. However, each message sent triggers unexpected consequences, altering not only her present but also the fates of those around her. What begins as an opportunity to make amends for the past becomes a race against time to prevent everything from spiraling out of control.",1.0497,7.538,13,1193647
2498,My Favorite Martian (1999),2/11/1999,"Ambitious television reporter Tim O'Hara stumbles upon a martian whose spaceship has accidentally crashed on Earth. Thinking this is his ticket to a Pulitzer Prize, Tim makes plans to expose the martian, who, posing as Tim's Uncle Martin, takes human form and has plans of his own. In fact, all of Tim's efforts to divulge the truth are systematically thwarted by the resourceful alien, who ultimately recruits Tim to help him repair his ship for a return to Mars.",1.783,5.6,320,9849
2500,Jawbreaker (1999),1/30/1999,"When an exclusive clique of teenage socialites accidentally murder their best friend on the morning of her birthday, the three girls responsible conspire to hide the truth.",2.0529,6.4,551,18892
2501,October Sky (1999),2/19/1999,"Homer Hickam is a kid with only one future in sight, to work in the local coal mine like his father. However, in October 1957 everything changes when the first artificial satellite, Sputnik, goes into orbit. When Homer sees the Soviet satellite streak overhead, he becomes inspired to learn how to build rockets. With the help of his friends, and the local nerd, Homer sets to do just that by trial and a lot of error. Unfortunately, most of the town, and especially Homer's father, thinks that they are wasting their time. Only one teacher understands their efforts and lets them know that they could become contenders in the national science fair with college scholarships being the prize. Now the gang must learn to perfect their craft and overcome the many problems facing them as they shoot for the stars.",3.2605,7.669,1313,13466
2502,Office Space (1999),2/19/1999,"A depressed white-collar worker tries hypnotherapy, only to find himself in a perpetual state of devil-may-care bliss that prompts him to start living by his own rules, and hatch a hapless attempt to embezzle money from his soul-killing employers.",3.3815,7.375,3165,1542
2503,"Apple, The (Sib) (1998)",12/18/1971,"A German businessman wants to buy land in southern Sweden for a gigantic amusement park, his new project called ""Deutschneyland"" (a wordplay of Deutschland and Disneyland). Some of the locals dislike the idea, including the magically talented Lindberg family, and work to frustrate the development plans.",1.2951,6,42,45983
2504,200 Cigarettes (1999),2/26/1999,"In 1981 New York City, a collection of twentysomethings try to cope with relationships, loneliness, desire and their individual neuroses on New Years Eve.",1.0076,5.839,171,15256
2505,8MM (1999),2/26/1999,"A small, seemingly innocuous plastic reel of film leads surveillance specialist Tom Welles down an increasingly dark and frightening path. With the help of the streetwise Max, he relentlessly follows a bizarre trail of evidence to determine the fate of a complete stranger. As his work turns into obsession, he drifts farther and farther away from his wife, family and simple life as a small-town PI.",6.3198,6.456,2119,8224
2506,"Other Sister, The (1999)",2/26/1999,"A mentally challenged girl proves herself to be every bit as capable as her ""perfect"" sister when she moves into an apartment and begins going to college.",1.5962,6.368,167,18417
2511,"Long Goodbye, The (1973)",4/2/2017,A middle-aged man who had emigrated many years ago and now is returning to Taiwan to help deal with the funeral affairs of a friend with whom he has not had contact for many years. But he is encountering many difficulties because he is not a relative and can not sign legal documents. This trip is a journey back to his hometown and about nostalgia; it is also an atonement for a late farewell.,1.1691,0,0,597495
2512,"Ballad of Narayama, The (Narayama bushiko) (1983)",4/29/1983,In a small village in a valley everyone who reaches the age of 70 must leave the village and go to a certain mountain top to die. If anyone should refuse they would disgrace their family. Old Orin is 69. This winter it is her turn to go to the mountain. But first she must make sure that her eldest son Tatsuhei finds a wife.,2.8246,7.53,182,42113
2513,Pet Sematary (1989),4/21/1989,"After the Creed family's cat is accidentally killed, a friendly neighbor advises its burial in a mysterious nearby cemetery.",5.7997,6.629,2258,8913
2514,Pet Sematary II (1992),8/28/1992,"The ""sematary"" is up to its old zombie-raising tricks again. This time, the protagonists are Jeff Matthews, whose mother died in a Hollywood stage accident, and Drew Gilbert, a boy coping with an abusive stepfather.",2.2687,5.463,569,10906
2515,Children of the Corn II: The Final Sacrifice (1993),1/29/1992,"When a tabloid reporter and his son travel to a quiet Midwestern town to investigate a gruesome massacre, they fall victim to a possessed orphan named Micah.",4.5112,4.7,259,25748
2516,Children of the Corn III (1994),9/12/1995,"After a couple adopts a pair of orphaned brothers, it becomes alarmingly clear the boys are much more than they seem.",4.4117,4.69,210,25749
2517,Christine (1983),12/19/1958,"Vienna, 1906. A passionate love story develops between Franz Lobheiner and the young Christine. Lobheiner is, however, currently seeing the married Baroness von Eggersdorf. Upon learning of his wife's infidelity, the Baron von Eggersdorf provokes a duel with Lobheiner. But the former is no longer a real threat to the Baron. Lobheiner is now passionately in love with Christine. How will this love quartet end?",1.4769,6.255,55,4956
2518,Night Shift (1982),9/7/2018,"Amy begins her first night shift in a hotel with a murderous past. Witnessing terrifying events and trapped within a loop, Amy must find a way to escape the flesh obsessed murderer and save residents of the hotel.",1.5112,5.6,30,569367
2520,Airport (1970),3/25/1970,"An airport manager tries to keep his terminals open during a snowstorm, while a suicide bomber plots to blow up a Boeing 707 airliner in flight.",2.94,6.4,412,10671
2521,Airport 1975 (1974),10/18/1974,"When an in-flight collision incapacitates the pilots of an airplane bound for Los Angeles, stewardess Nancy Pryor is forced to take over the controls. From the ground, her boyfriend Alan Murdock, a retired test pilot, tries to talk her through piloting and landing the 747 aircraft. Worse yet, the anxious passengers — among which are a noisy nun and a cranky man — are aggravating the already tense atmosphere.",4.3601,5.715,274,27932
2522,Airport '77 (1977),3/11/1977,"Flight 23 has crashed in the Bermuda Triangle after a hijacking gone wrong. Now the surviving passengers must brave panic, slow leaks, oxygen depletion, and more while attempting a daring plan, all while 200 feet underwater.",3.9411,5.591,308,7227
2523,Rollercoaster (1977),6/10/1977,"A young terrorist kills and injures patrons of a Norfolk amusement park by placing homemade explosives on the track of one of its roller coasters. After staging a similar incident in Pittsburgh, he sends a tape to a meeting of major amusement park executives in Chicago, demanding $1 million to make him stop.",3.1027,5.98,147,10670
2524,"Towering Inferno, The (1974)",12/14/1974,"At the opening party of a colossal—but poorly constructed—skyscraper, a massive fire breaks out, threatening to destroy the tower and everyone in it.",5.5228,7.011,972,5919
2525,Alligator (1980),11/14/1980,"A baby alligator is flushed down a toilet and survives by eating discarded lab animals that have been injected with growth hormones. The now gigantic animal escapes the city sewers and goes on a rampage, pursued by a cop and a big-game hunter.",2.1276,6.1,349,33518
2526,Meteor (1979),10/19/1979,"After a collision with a comet, a nearly 8km wide piece of the asteroid ""Orpheus"" is heading towards Earth. If it hits it will cause an incredible catastrophe which will probably extinguish mankind. To stop the meteor NASA wants to use the illegal nuclear weapon satellite ""Hercules"" but discovers soon that it doesn't have enough firepower. Their only chance to save the world is to join forces with the USSR who have also launched such an illegal satellite. But will both governments agree?",3.8332,5.1,151,40160
2527,Westworld (1973),1/1/2006,A group of settlers battle outcasts on the frontier lines.,0.4174,0,0,979476
2528,Logan's Run (1976),6/23/1976,"In the 23rd century, inhabitants of a domed city freely experience all of life's pleasures — but no one is allowed to live past 30. Citizens can try for a chance at being ""renewed"" in a civic ceremony on their 30th birthday. Escape is the only other option.",1.7079,6.6,987,10803
2529,Planet of the Apes (1968),2/7/1968,"Astronaut Taylor crash lands on a distant planet ruled by apes who use a primitive race of humans for experimentation and sport. Soon Taylor finds himself among the hunted, his life in the hands of a benevolent chimpanzee scientist.",9.8647,7.646,3731,871
2530,Beneath the Planet of the Apes (1970),4/23/1970,"The sole survivor of an interplanetary rescue mission lands on the planet of the apes, and uncovers a horrible secret beneath the surface.",5.3289,6.138,1390,1685
2531,Battle for the Planet of the Apes (1973),6/15/1973,"The fifth and final episode in the Planet of the Apes series. After the collapse of human civilization, a community of intelligent apes led by Caesar lives in harmony with a group of humans. Gorilla General Aldo tries to cause an ape civil war and a community of human mutants who live beneath a destroyed city try to conquer those whom they perceive as enemies. All leading to the finale.",4.2172,5.686,993,1705
2532,Conquest of the Planet of the Apes (1972),6/29/1972,"In a futuristic world that has embraced ape slavery, a chimpanzee named Caesar resurfaces after almost twenty years of hiding from the authorities, and prepares for a revolt against humanity.",3.5541,6.157,1022,1688
2533,Escape from the Planet of the Apes (1971),5/20/1971,"The world is shocked by the appearance of three talking chimpanzees, who arrived mysteriously in a spacecraft. Intrigued by their intelligence, humans use them for research - until the apes attempt to escape.",3.8554,6.37,1150,1687
2534,Avalanche (1978),11/1/1994,"Duncan is a murderous thief. When he jumps out of his plane, it crashes into the Rockies and produces an avalanche. A quiet family trapped inside their house will rescue him. They will have to survive the disaster and the madman.",1.5117,5.3,15,151366
2535,Earthquake (1974),11/15/1974,"Various interconnected people struggle to survive when an earthquake of unimaginable magnitude hits Los Angeles, California.",3.7704,6.1,340,11123
2537,Beyond the Poseidon Adventure (1979),5/18/1979,"After ""The Poseidon Adventure"", in which the ship got flipped over by a tidal wave, the ship drifts bottom-up in the sea. While the passengers are still on board waiting to be rescued, two rivaling salvage parties enter the ship on search for money, gold and a small amount of plutonium.",1.8541,5.1,129,31638
2538,Dancemaker (1998),12/1/1998,"A look at Paul Taylor and his dance company over several months in 1997. Preparation of Taylor's piece, ""Piazzolla Caldera,"" from conception and rehearsals to opening night at City Center, frames the film. The troupe's trip to India falls in the middle. Included are black and white footage of rehearsals, and, in color, interviews with Taylor, his dancers, dance critics and scholars, and those who manage the business side. There is also footage of a younger Taylor dancing and film of the troupe performing a dozen Taylor pieces. His genius, his roots, his method of working with dancers, and his sometimes difficult nature draw the attention of those who comment.",0.1652,5,5,113286
2539,Analyze This (1999),3/5/1999,"Countless wiseguy films are spoofed in this film that centers on the neuroses and angst of a powerful Mafia racketeer who suffers from panic attacks. When Paul Vitti needs help dealing with his role in the ""family,"" unlucky shrink Dr. Ben Sobel is given just days to resolve Vitti's emotional crisis and turn him into a happy, well-adjusted gangster.",5.187,6.506,1979,9535
2540,"Corruptor, The (1999)",3/12/1999,"Danny is a young cop partnered with Nick, a seasoned but ethically tainted veteran. As the two try to stop a gang war in Chinatown, Danny relies on Nick but grows increasingly uncomfortable with the way Nick gets things done.",1.9437,6.1,291,9455
2541,Cruel Intentions (1999),3/5/1999,"Slaking a thirst for dangerous games, Kathryn challenges her stepbrother, Sebastian, to deflower their headmaster's daughter before the summer ends. If he succeeds, the prize is the chance to bed Kathryn. But if he loses, Kathryn will claim his most prized possession.",10.5962,6.806,3393,796
2542,"Lock, Stock & Two Smoking Barrels (1998)",8/28/1998,A card shark and his unwillingly-enlisted friends need to make a lot of cash quick after losing a sketchy poker match. To do this they decide to pull a heist on a small-time gang who happen to be operating out of the flat next door.,2.7156,8.109,6854,100
2544,"School of Flesh, The (École de la chair, L') (1998)",11/18/1998,"Fashion executive Dominique's obsession for Quentin, a young bisexual hustler, fills her desire for physical love but leaves her taxed emotionally. Twists and turns in the relationship, along with the man's violent and abusive nature, force Dominique to reconcile the conflicts created by her passion. In this quest, Dominique is aided, and sometimes hindered, by friends, clients, and Quentin's former and current acquaintances.",4.4803,5.348,23,77936
2546,"Deep End of the Ocean, The (1999)",3/12/1999,"A three-year-old boy disappears during his mother's high school reunion. Nine years later, by chance, he turns up in the town in which the family has just relocated.",3.5982,6.548,503,30943
2548,"Rage: Carrie 2, The (1999)",3/12/1999,"Following the suicide of her only friend, outcast teen Rachel Lang's life begins a downward spiral that will not only affect her but take everyone around her down in horrifying fashion.",5.4196,5.6,427,7341
2549,Wing Commander (1999),3/11/1999,"In the mid-27th century, the Terran Confederation is at war with the vicious alien Kilrathi Empire. When the Kilrathi capture a crucial navigational device that could lead them to Earth, the Confederation’s only hope rests with a small group of young fighter pilots. Lieutenant Christopher Blair, along with his wingman Todd 'Maniac' Marshall and Commander Jeanette 'Angel' Deveraux, must intercept the alien fleet and prevent the destruction of mankind. Battling overwhelming odds and racing against time, they face not only external threats but also inner fears and rivalries as they fight to save Earth from annihilation.",1.6505,4.779,269,10350
2550,"Haunting, The (1963)",2/26/2023,"An engaged Muslim doctor, her fiancé, and their friends go on a holiday at St. Joseph’s Guesthouse, unaware that it was the site of a sacrifice of an innocent centuries before. They soon come to believe that it's haunted and causing them to go crazy, as their emotions spiral out of control.",9.3664,4.5,12,1092073
2551,Dead Ringers (1988),9/23/1988,"Elliot, a successful gynecologist, works at the same practice as his identical twin, Beverly. Elliot is attracted to many of his patients and has affairs with them. When he inevitably loses interest, he will give the woman over to Beverly, the meeker of the two, without the woman knowing the difference. Beverly falls hard for one of the patients, Claire, but when she inadvertently deceives him, he slips into a state of madness.",1.8167,7.1,936,9540
2552,My Boyfriend's Back (1993),8/6/1993,"Missy McCloud is the most beautiful girl in school and Johnny Dingle has been in love with her for years. One night, Johnny is killed trying to win her over, and soon he comes back from the dead, and wins Missy's heart.",0.5169,5.713,88,31503
2553,Village of the Damned (1960),4/28/1995,"An American village is visited by some unknown life form which leaves the women of the village pregnant. Nine months later, the babies are born, and they all look normal, but it doesn't take the ""parents"" long to realize that the kids are not human or humane.",4.7171,6.1,864,12122
2554,Children of the Damned (1963),1/10/1964,"Six children are found spread through out the world that not only have enormous intelligence, but identical intelligence and have a strange bond to each other.",1.7504,6.129,105,30202
2555,Baby Geniuses (1999),3/12/1999,"BabyCo is the world's leading manufacturer in baby products. However, what the public doesn't know, is that Drs Kinder and Heep, two of its most brilliant scientists, are tirelessly working in complete secrecy to crack the indecipherable code to 'baby talk': a highly sophisticated language, and the key to the secrets of the universe. Before long, problems arise when mischievous Sly, the smartest of the toddlers, escapes confinement, bent on uniting all babies to free those trapped in the laboratory. Now, Kinder and Heep must find Sly before it is too late.",3.0865,4.131,392,22345
2557,I Stand Alone (Seul contre tous) (1998),5/16/1998,"After completing jail time for beating up a man who tried to seduce his mentally-handicapped teenage daughter, The Butcher wants to start life anew. He institutionalizes his daughter and moves to the Lille suburbs with his mistress, who promises him a new butcher shop. Learning that she lied, The Butcher returns to Paris to find his daughter.",1.3474,7.4,538,1567
2558,Forces of Nature (1999),8/7/2012,"Determined to scare The Once-ler out of Truffula Valley, The Lorax decides to create the illusion of ominous forces of nature.",0.8956,5.2,36,125453
2559,"King and I, The (1999)",1/1/2007,"When LIU Yishou, nicknamed the ""Go King"" by his peers because of his skill in Weiqi (Go), finds himself without a job. And with no other skills to make a living, he then turns to teaching this strategic Chinese board game in a humble training school for children. Annoyed by her husband's passion for the game, LIU Yishou's wife leaves him, but their son, Xiao Chuan, wants to stay with his dad. Unexpectedly, LIU Yishou discovers that his son has a great talent for playing Weiqi and vows to support him in developing his gift for the game. A struggle then arises for the Go King to come up with the money to finance his son's studies of Weiqi.",0.7492,0,1,756887
2560,Ravenous (1999),3/16/1999,"Upon receiving reports of missing persons at Fort Spencer, a remote Army outpost on the Western frontier, Capt. John Boyd investigates. After arriving at his new post, Boyd and his regiment aid a wounded frontiersman who recounts a horrifying tale of a wagon train murdered by its supposed guide – a vicious U.S. Army colonel gone rogue. Fearing the worst, the regiment heads out into the wilderness to verify the gruesome claims.",3.271,6.8,650,10212
2561,True Crime (1999),3/19/1999,"Boozer, skirt chaser, careless father. You could create your own list of reporter Steve Everett's faults but there's no time. A San Quentin Death Row prisoner is slated to die at midnight – a man Everett has suddenly realized is innocent.",4.767,6.536,796,10354
2563,Dangerous Beauty (1998),2/20/1998,"Veronica is brilliant, gifted and beautiful, but the handsome aristocrat she loves, Marco Venier, cannot marry her because she is penniless and of questionable family. So Veronica's mother, Paola, teaches her to become a courtesan, one of the exotic companions favored by the richest and most powerful Venetian men. Veronica courageously uses her charms to change destiny -- and to give herself a chance at true love.",3.0855,7.058,285,8583
2565,"King and I, The (1956)",1/1/2007,"When LIU Yishou, nicknamed the ""Go King"" by his peers because of his skill in Weiqi (Go), finds himself without a job. And with no other skills to make a living, he then turns to teaching this strategic Chinese board game in a humble training school for children. Annoyed by her husband's passion for the game, LIU Yishou's wife leaves him, but their son, Xiao Chuan, wants to stay with his dad. Unexpectedly, LIU Yishou discovers that his son has a great talent for playing Weiqi and vows to support him in developing his gift for the game. A struggle then arises for the Go King to come up with the money to finance his son's studies of Weiqi.",0.7492,0,1,756887
2566,Doug's 1st Movie (1999),3/26/1999,Doug and his pal Skeeter set's out to find the monster of Lucky Duck Lake. Though things get really out of hand when some one blurts out that the monster is real.,0.5114,5.495,99,16508
2567,EDtv (1999),3/26/1999,Video store clerk Ed agrees to have his life filmed by a camera crew for a tv network.,2.3088,5.956,654,11374
2568,"Mod Squad, The (1999)",3/26/1999,Three youthful delinquents escape conviction for their crimes by teaming with the LAPD.,2.5586,4.295,127,16379
2570,"Walk on the Moon, A (1999)",1/29/1999,The world of a young housewife is turned upside down when she has an affair with a free-spirited blouse salesman.,2.8551,6.034,103,28029
2571,"Matrix, The (1999)",3/31/1999,"Set in the 22nd century, The Matrix tells the story of a computer hacker who joins a group of underground insurgents fighting the vast and powerful computers who now rule the earth.",20.7301,8.231,26737,603
2572,10 Things I Hate About You (1999),3/30/1999,"On the first day at his new school, Cameron instantly falls for Bianca, the gorgeous girl of his dreams. The only problem is that Bianca is forbidden to date until her ill-tempered, completely un-dateable older sister Kat goes out, too. In an attempt to solve his problem, Cameron singles out the only guy who could possibly be a match for Kat: a mysterious bad boy with a nasty reputation of his own.",12.485,7.596,8503,4951
2573,Tango (1998),8/9/1985,"A brief history of the emergence and artistic innovations of tango in 19th-century Argentina and Europe. The film offers a mosaic of tango melodies, art works, dance performances, historical footage, photographs of Buenos Aires at the turn of the 20th century, and texts by Celedonio Flores and Enrique Santos Discépolo.",1.7215,0,0,894541
2574,"Out-of-Towners, The (1999)",4/2/1999,"The adventures of married couple Henry and Nancy Clark, vexed by misfortune while in New York City for Henry's job interview.",1.1895,5.8,237,8970
2575,"Dreamlife of Angels, The (Vie rêvée des anges, La) (1998)",10/16/1998,"Isa and Marie bond while working in a French sweatshop and soon begin sharing an apartment that Marie is watching for a hospitalized mother and daughter. Marie, hoping to avoid a life of struggle and poverty, takes up with Chriss, a nightclub owner whose most attractive asset is his money. Isa recognizes the ultimate futility of the relationship and tries to keep Marie away from him, but her interference puts their friendship at risk.",0.7954,6.958,106,9840
2577,Metroland (1997),8/30/1997,"In late-1970s suburban London, Chris and Marion have settled into a comfortable yet all-too-predictable middle-class existence. Chris receives an unexpected visit from his free-spirited friend Toni, a reunion that reminds him of a more carefree time in 1960s Paris. Now, with lingering doubts about his marriage bubbling up, Chris must make the choice between revisiting his youthful abandon with Toni or facing the here and now with Marion.",1.8194,5.828,50,30950
2579,Following (1998),5/6/1999,"Bill, an idle, unemployed aspiring writer, walks the crowded streets of London following randomly chosen strangers, a seemingly innocent entertainment that becomes dangerous when he crosses paths with a mysterious character.",1.913,7.1,1708,11660
2580,Go (1999),1/16/2020,"Jack is a charismatic larrikin who has just discovered the one thing he's really good at — go-kart racing. With the support of his mentor, Patrick, an old race car driver with a secret past, and his best mates Colin and Mandy, Jack must learn to control his recklessness if he is to defeat the best drivers in Australia, including the ruthless champion Dean, and win the National title.",2.1313,6.827,326,520765
2581,Never Been Kissed (1999),4/9/1999,"Josie Geller, a baby-faced junior copywriter at the Chicago Sun-Times, must pose as a student at her former high school to research contemporary teenage culture. With the help of her brother, Rob, Josie infiltrates the inner circle of the most popular clique on campus. But she hits a major snag in her investigation -- not to mention her own failed love life -- when she falls for her dreamy English teacher, Sam Coulson.",3.4684,6.164,1528,11355
2582,Twin Dragons (Shuang long hui) (1992),1/15/1992,"Twins, separated at birth, end up as a Hong Kong gangster and a New York concert pianist. When the pianist travels to Hong Kong for a concert, the two inevitably get mistaken for each other.",3.984,6.7,403,18764
2583,Cookie's Fortune (1999),3/24/1999,Conflict arises in the small town of Holly Springs when an old woman's death causes a variety of reactions among family and friends.,1.4381,6.38,183,9465
2585,"Lovers of the Arctic Circle, The (Los Amantes del Círculo Polar) (1998)",9/4/1998,"Otto and Ana are kids when they meet each other. Their names are palindromes. They meet by chance, people are related by chance. A story of circular lives, with circular names, and a circular place where the day never ends in the midnight sun. There are things that never end, and Love is one of them.",1.5761,7.331,252,1414
2586,Goodbye Lover (1999),4/16/1999,Police investigate when a man having an affair with his brother's wife disappears suddenly.,2.1857,5.629,66,49981
2587,Life (1999),3/22/2017,"The six-member crew of the International Space Station is tasked with studying a sample from Mars that may be the first proof of extra-terrestrial life, which proves more intelligent than ever expected.",10.2063,6.445,7602,395992
2589,Friends & Lovers (1999),4/16/1999,"Friends for ten years, a group of twenty-somethings head for the ski slopes as guests of Ian's father. (Ian and dad are estranged because dad worked too many hours when Ian was a lad.) Dad has something to say, but Ian won't listen. Meanwhile, David is gay and virginal; Ian's business partner, Keaton, is unhappy that his sister Jane is pregnant with no plans to tell the father; Lisa is everybody's pal and no one's lover; John, stuck in adolescence, is always on the make. He brings German-born stunner, Carla, and promptly loses her affection to Hans, a fast-talking ski instructor. David meets Manny: they have chess in common. Soon, surprises abound as relationships take new turns.",0.3364,4.9,28,114719
2590,Hideous Kinky (1998),2/5/1999,"In 1972, disenchanted about the dreary conventions of English life, 25-year-old Julia heads for Morocco with her daughters, six-year-old Lucy and precocious eight-year-old Bea.",0.5885,6.1,89,10209
2593,"Monster, The (Mostro, Il) (1994)",6/9/2024,"In a cabin at a campsite deep in the forest, three girl scout children sit together and talk about scary stories, and encounter a small strange monster that comes into the cabin.",0.0071,0,0,1285451
2594,Open Your Eyes (Abre los ojos) (1997),,"Naturalist and amateur filmmaker Dorothy Maxey observes the wildlife in her native Norfolk capturing on Super 8 film a variety of interesting flora and fauna, including at Thompson Common where ponies wade into the pingos and steal the heads from the water violets, and in her own back garden stumbling across wrestling toads. The filmmaker even recalls a story of nursing a poorly mouse following a frosty night by returning home with it to kindly warm him up under the grill!",0,0,0,1150381
2596,SLC Punk! (1998),9/24/1998,"Two former geeks become 1980s punks, then party and go to concerts while deciding what to do with their lives.",1.679,7.134,397,6396
2597,Lost & Found (1999),11/25/2022,"A sensation to indies rock scene since 2000s and actively present today among fans even during their breaks. The first full-length documentary in the band’s history starts from the production base in LA for the first album in 16 years, and navigates the stories from how they started, took break after breaking through, and reunited with nationwide fans awaited.",1.2961,8.5,2,1043338
2598,Pushing Tin (1999),4/23/1999,Two air traffic controllers who thrive on living dangerously compete to outdo each other on several levels.,2.2748,5.9,414,12596
2599,Election (1999),4/23/1999,"Tracy Flick is running unopposed for this year’s high school student election. But Jim McAllister has a different plan. Partly to establish a more democratic election, and partly to satisfy some deep personal anger toward Tracy, Jim talks football player Paul Metzler to run for president as well.",2.3052,6.9,1114,9451
2600,eXistenZ (1999),4/14/1999,A game designer on the run from assassins must play her latest virtual reality creation with a marketing trainee to determine if the game has been damaged.,3.3778,6.8,2038,1946
2605,Entrapment (1999),4/29/1999,"Two thieves, who travel in elegant circles, try to outsmart each other and, in the process, end up falling in love.",3.943,6.232,2108,1844
2606,Idle Hands (1999),4/30/1999,"Anton is a cheerful but exceedingly non-ambitious 17-year-old stoner who lives to stay buzzed, watch TV, and moon over Molly, the beautiful girl who lives next door. However, it turns out that the old cliché about idle hands being the devil's playground has a kernel of truth after all.",1.4612,6.18,701,6552
2607,Get Real (1998),8/16/1998,"Sensitive rural town model student Steven Carter hides his gay feelings, except with his neighbor and best friend Linda. Suddenly his desperate search for partners leads to a blind date with golden boy John Dixon, bound for an Oxbridge career.",0.4107,7.022,183,24584
2609,"King of Masks, The (Bian Lian) (1996)",6/9/1995,Wang Bianlian is an aging street performer known as the King of Mask for his mastery of Sichuan Change Art in a true story. His wife left him with and infant son over 30 years ago. The son died from illness at age 10. This left Wang a melancholy loner aching for a male descendent to learn his rare and dying art.,2.4969,7.4,58,25471
2611,"Winslow Boy, The (1999)",9/24/1948,"In pre-WW1 England, a youngster is expelled from a naval academy over a petty theft, but his parents raise a political furor by demanding a trial.",1.5664,6.944,27,77822
2612,Mildred Pierce (1945),10/20/1945,A hard-working mother inches towards disaster as she divorces her husband and starts a successful restaurant business to support her spoiled daughter.,5.9019,7.623,416,3309
2613,Night of the Comet (1984),11/16/1984,"After a comet wipes out most of life on Earth, two Valley Girls find themselves fighting against cannibal zombies and a sinister group of scientists.",0.8681,6.214,407,18462
2614,Chopping Mall (a.k.a. Killbots) (1986),11/14/1986,"High-tech robots equipped with state-of-the-art security devices have been recruited as the new mechanical ""night watchmen"" for the Park Plaza Mall. When a jolting bolt of lightning short-circuits the main computer control, the robots turn into ""killbots"" on the loose after unsuspecting shoppers!",2.3737,5.842,383,28941
2615,My Science Project (1985),8/9/1985,"His high school teacher issues an ultimatum: turn in a science project or flunk. So Mike Harlan scavenges a military base's junk pile for a suitable gizmo. He finds one... and unwittingly unleashes the awesome power and energy of the unknown. Twisted dimensions. Time warps. A fantastic realm where the past, present, and future collide in a whirling vortex of startling adventure and superlative special effects.",2.2517,6.211,143,18252
2616,Dick Tracy (1990),4/5/1990,The comic strip detective finds his life vastly complicated when Breathless Mahoney makes advances towards him while he is trying to battle Big Boy Caprice's united mob.,1.7937,6.2,980,8592
2617,"Mummy, The (1999)",4/16/1999,Dashing legionnaire Rick O'Connell stumbles upon the hidden ruins of Hamunaptra while in the midst of a battle to claim the area in 1920s Egypt. It has been over three thousand years since former High Priest Imhotep suffered a fate worse than death as a punishment for a forbidden love—along with a curse that guarantees eternal doom upon the world if he is ever awoken.,13.32,6.95,9464,564
2618,"Castle, The (1997)",7/18/2025,"The Demon Slayer Corps are drawn into the Infinity Castle, where Tanjiro, Nezuko, and the Hashira face terrifying Upper Rank demons in a desperate fight as the final battle against Muzan Kibutsuji begins.",392.3121,7.2,96,1311031
2620,This Is My Father (1998),1/1/1998,"The story of William Putch and his life's work: The Totem Pole Playhouse. A summer theater inconspicuously tucked away in the blue mountains of south central Penna. With a career span of over 30 years and more than 300 productions, Putch brought the experience and culture of professional theater to a rural community known mostly for its farmland.",0,0,0,270928
2622,William Shakespeare's A Midsummer Night's Dream (1999),5/20/1999,"The lovely Hermia is to wed Demetrius, but she truly cares for Lysander. Hermia's friend, Helena, is in love with Demetrius, while other romantic entanglements abound in the woods, with married fairy rulers Titania and Oberon toying with various lovers and each other.",2.8257,6.375,384,10210
2623,Trippin' (1999),6/4/2021,"To rekindle their marriages, best friends-turned-in-laws Shanthi and Jennifer plan a couples' getaway. But it comes with all kinds of surprises.",0.5896,6.77,37,834500
2624,After Life (Wandafuru raifu) (1998),6/7/2024,"Retired martial arts world champion Alex Faulkner has settled into a simple life, when the disappearance of two of his students leads to an unthinkable discovery close to home. Just when all hope of finding the children is lost, he locates the imprisoned girls and unsurfaces an international child trafficking operation, which draws him back into the fight of his life against those behind it.",12.729,7.218,55,1289601
2625,Black Mask (Hak hap) (1996),10/16/2014,"A father must face his dark past when his gifted daughter has visions of a young girl reborn from her deceased mother. This award-winning metaphysical thriller combines elements of art house, avant-garde, surrealism, and experimental horror.",0.09,10,2,1200488
2628,Star Wars: Episode I - The Phantom Menace (1999),5/19/1999,"Anakin Skywalker, a young slave strong with the Force, is discovered on Tatooine. Meanwhile, the evil Sith have returned, enacting their plot for revenge against the Jedi.",10.0174,6.564,15197,1893
2629,"Love Letter, The (1999)",4/15/2017,"Bombing case at Nichiuri TV in autumn. The Satsuki Cup, which crowns the winner of Japan's Hyakunin Isshu, is currently being filmed inside the facility. The incident results in a big commotion and, while the building is burning to ashes, the only people left inside are Hattori and Toyama Kazuha. They get rescued just in time by Conan , who rushes to the scene. Both the identity and purposes of the bomber are unknown.",4.4159,6.572,111,438058
2630,Besieged (a.k.a. L' Assedio) (1998),3/19/2021,"What was supposed to be an exciting first date with a rich, handsome guy turns into a nightmare for a TV personality.",0.0311,0,0,1188293
2632,"Saragossa Manuscript, The (Rekopis znaleziony w Saragossie) (1965)",6/10/1965,"During the Napoleonic wars, a Spanish officer and an opposing officer find a book written by the former's grandfather.",1.891,7.9,139,8785
2633,"Mummy, The (1932)",4/16/1999,Dashing legionnaire Rick O'Connell stumbles upon the hidden ruins of Hamunaptra while in the midst of a battle to claim the area in 1920s Egypt. It has been over three thousand years since former High Priest Imhotep suffered a fate worse than death as a punishment for a forbidden love—along with a curse that guarantees eternal doom upon the world if he is ever awoken.,13.32,6.95,9464,564
2634,"Mummy, The (1959)",4/16/1999,Dashing legionnaire Rick O'Connell stumbles upon the hidden ruins of Hamunaptra while in the midst of a battle to claim the area in 1920s Egypt. It has been over three thousand years since former High Priest Imhotep suffered a fate worse than death as a punishment for a forbidden love—along with a curse that guarantees eternal doom upon the world if he is ever awoken.,13.32,6.95,9464,564
2639,Mommie Dearest (1981),9/16/1981,"Renowned film star Joan Crawford's abuse towards Christina, her adopted daughter, intensifies as her professional and romantic relationships turn sour.",2.5284,6.379,219,15660
2640,Superman (1978),7/9/2025,"Superman, a journalist in Metropolis, embarks on a journey to reconcile his Kryptonian heritage with his human upbringing as Clark Kent.",528.6858,7.5,2860,1061474
2641,Superman II (1980),12/12/1980,"Three Kryptonian criminals led by General Zod team up with Lex Luthor to conquer Earth, forcing a depowered Superman to regain his strength and stop them.",7.708,6.745,2382,8536
2642,Superman III (1983),6/17/1983,"Aiming to defeat the Man of Steel, wealthy executive Ross Webster hires bumbling but brilliant Gus Gorman to develop synthetic kryptonite, which yields some unexpected psychological effects. Between rekindling romance with his high school sweetheart and saving himself, Superman must contend with a powerful supercomputer.",3.9597,5.5,1778,9531
2643,Superman IV: The Quest for Peace (1987),7/24/1987,"With global superpowers engaged in an increasingly hostile arms race, Superman leads a crusade to rid the world of nuclear weapons. But Lex Luthor, recently sprung from jail, is declaring war on the Man of Steel and his quest to save the planet. Using a strand of Superman's hair, Luthor synthesizes a powerful ally known as Nuclear Man and ignites an epic battle spanning Earth and space.",5.7096,4.6,1327,11411
2644,Dracula (1931),7/30/2025,"The story of 15th century Prince Vladimir who curses God following the death of his beloved wife and is turned into a vampire. Later, in 19th century London, he discovers his wife’s doppelgänger and dooms himself by pursuing her.",25.4822,6.3,48,1246049
2648,Frankenstein (1931),12/2/1993,"In the early 19th century, Dr. Frankenstein discovers the secret of life – how to create a perfect man – powerful, intelligent and immune to disease. But something goes wrong in the laboratory and the doctor’s hideous creation disappears into the night. At first, Frankenstein hoped that the horrible monster would perish in the wilderness, but now he senses that it’s alive and sets out for him. Dr. Frankenstein tracks the creature to the Arctic, where the two must battle to decide who will become the master of the other’s life…or death.",1.9153,6.816,19,3042
2651,Frankenstein Meets the Wolf Man (1943),3/5/1943,"Grave robbers open the grave of the wolf man and awaken him. He doesn't like the idea of being immortal and killing people when the moon is full so tries to find Dr. Frankenstein, in the hopes that the doctor can cure him. Dr. Frankenstein has died; however, his monster is found.",2.4839,6.2,213,3076
2652,"Curse of Frankenstein, The (1957)",5/20/1957,Baron Victor Frankenstein has discovered life's secret and unleashed a blood-curdling chain of events resulting from his creation: a cursed creature with a horrid face — and a tendency to kill.,3.7423,6.8,315,3079
2654,"Wolf Man, The (1941)",2/7/1972,"A man has had a werewolf curse cast upon him. If he doesn't get rid of it, he turns into a killer werewolf when the moon is full.",0.3921,4.3,21,28406
2655,Howling II: Your Sister Is a Werewolf (1985),8/28/1985,"When a young journalist dies in violent circumstances, her brother soon learns, by way of the mysterious Stefan Crosscoe, that his sister has succumbed to the werewolf curse.",0.6485,4.911,213,29794
2656,Tarantula (1955),12/14/1955,"A rogue scientist near a small desert town arouses the suspicion of the town's doctor when his lab assistant is found dead from a case of acromegaly, which took only four days to develop.  As the doctor investigates, aided by the scientist's new female assistant, they discover that something is devouring local cattle and humans in increasingly large quantities.",1.8173,6.5,290,9077
2657,"Rocky Horror Picture Show, The (1975)",8/14/1975,"After getting a flat tire in the middle of nowhere, newly engaged couple Brad and Janet encounter the eerie mansion of the flamboyant, seductive Dr. Frank-N-Furter and a variety of eccentric characters. Through elaborate dance and rock music, the mad scientist unveils his latest creation: a perfect, muscular man.",5.9761,7.444,2942,36685
2659,It Came from Hollywood (1982),10/29/1982,"Dan Aykroyd, John Candy, Gilda Radner and Cheech and Chong present this compilation of classic bad films from the 50's, 60's and 70's. Special features on gorilla pictures, anti-marijuana films and a special tribute to the worst film maker of all-time, Ed Wood.",0.4022,5.2,26,30168
2660,"Thing from Another World, The (1951)",4/5/1951,Scientists and US Air Force officials fend off a blood-thirsty alien organism while investigating at a remote arctic outpost.,1.2318,6.7,640,10785
2661,It Came from Outer Space (1953),6/5/1953,"Author and amateur astronomer John Putnam and schoolteacher Ellen Fields witness an enormous meteorite come down near a small town in Arizona. Putnam becomes a local object of scorn when, after examining the object up close, he announces that it is a spacecraft, and that it is inhabited...",1.8017,6.309,230,19483
2662,"War of the Worlds, The (1953)",7/29/2025,"Will Radford is a top analyst for Homeland Security who tracks potential threats through a mass surveillance program, until one day an attack by an unknown entity leads him to question whether the government is hiding something from him... and from the rest of the world.",949.0707,4.3,466,755898
2664,Invasion of the Body Snatchers (1956),12/20/1978,"The residents of San Francisco are becoming drone-like shadows of their former selves, and as the phenomenon spreads, two Department of Health workers uncover the horrifying truth.",5.8505,7.221,1205,11850
2665,Earth vs. the Flying Saucers (1956),7/4/1956,"Test space rockets exploding at liftoff and increased reporting of UFO sightings culminate in a direct attempt by alien survivors of a dead, extra-galactic civilization to invade Earth from impervious flying saucers, using ray-weapons of mass destruction.",1.8416,6,170,18158
2668,Swamp Thing (1982),1/1/1982,"Mutated by his own secret formula, Dr. Alec Holland becomes Swamp Thing; a half-human, half-plant superhero who will stop at nothing to rescue government agent Alice Cable and defeat his evil arch nemesis...Even if it costs him his life.",2.7241,5.407,424,17918
2669,Pork Chop Hill (1959),5/29/1959,"Korean War, April 1953. Lieutenant Clemons, leader of the King company of the United States Infantry, is ordered to recapture Pork Chop Hill, occupied by a powerful Chinese Army force, while, just seventy miles away, at nearby the village of Panmunjom, a tense cease-fire conference is celebrated.",3.0331,6.5,67,37305
2670,Run Silent Run Deep (1958),3/27/1958,The captain of a submarine sunk by the Japanese during WWII is finally given a chance to skipper another sub after a year of working a desk job. His singleminded determination for revenge against the destroyer that sunk his previous vessel puts his new crew in unneccessary danger.,1.3858,6.9,171,18784
2671,Notting Hill (1999),5/21/1999,London bookstore owner William Thacker's quiet life turns upside down when a chance encounter with famous actress Anna Scott sparks an unlikely romance challenged by their vastly different worlds.,8.5505,7.265,6407,509
2672,"Thirteenth Floor, The (1999)",4/16/1999,"In Los Angeles, a wealthy man, known as Mr. Fuller, discovers a shocking secret about the world he lives in. Fearing for his life, he leaves a desperate message for a friend of his in the most unexpected place.",6.5119,7.069,1403,1090
2674,"Loss of Sexual Innocence, The (1999)",4/29/1999,The story of the sexual development of a filmmaker through three stages of his life.,0.7484,5.7,30,15059
2676,Instinct (1999),10/3/2019,"Nicoline, a criminal psychologist, begins work at a prison where one of her new cases, Idris — an apparently reformed sex offender — is preparing for release after five years of confinement. Despite her professional misgivings, she becomes infatuated with her charismatic, manipulative patient.",1.6504,4.971,51,530743
2677,Buena Vista Social Club (1999),5/26/2017,"In 1996, Cuban bandleader Juan de Marcos Gonzalez, British producer Nick Gold, and American guitarist Ry Cooder convened in Havana to produce a Cuban-Malian collaboration. When the Malians couldn’t get visas, the team turned their attention to reviving a forgotten generation of legendary son cubano musicians and formed an on-the-fly ensemble: the Buena Vista Social Club.  Two decades since that fateful first session, we catch up to these master musicians, as they reflect on the magical unfolding of their lives—from humble origins to the evolution and surprising revival of their careers, all against the backdrop of Cuba’s dramatic history. Brimming with unseen concert, rehearsal, and archival footage, this film is an emotional, shimmering celebration of music’s power to transcend age, ideologies, and class, and to connect us to each other through our souls.",1.4883,7.391,23,432605
2681,Free Enterprise (1998),6/4/1998,"Young filmmakers trying to hawk a movie titled ""Bradykillers"" about a serial killer who goes after victims Marcia, Jan, and Cindy meet their screen idol, William Shatner. The two young men, who idolize him and in their fantasies have seen him as a shadowy fairy godfather figure, are alarmed at the reality of the middle-aged non-Captain Kirk man that they meet.",0.8421,5.9,36,13533
2682,Limbo (1999),,"A feature-length adventure story about making difficult decisions, moving forward and starting over.",1.4736,0,0,1473283
2683,Austin Powers: The Spy Who Shagged Me (1999),6/8/1999,"When diabolical genius Dr. Evil travels back in time to steal superspy Austin Powers's ‘mojo,’ Austin must return to the swingin' '60s himself - with the help of American agent, Felicity Shagwell - to stop the dastardly plan. Once there, Austin faces off against Dr. Evil's army of minions to try to save the world in his own unbelievably groovy way.",8.683,6.287,3469,817
2686,"Red Violin, The (Violon rouge, Le) (1998)",11/13/1998,"300 years of a remarkable musical instrument. Crafted by the Italian master Bussotti (Cecchi) in 1681, the red violin has traveled through Austria, England, China, and Canada, leaving both beauty and tragedy in its wake. In Montreal, Samuel L Jackson plays an appraiser going over its complex history.",2.0334,7.365,431,14283
2687,Tarzan (1999),6/18/1999,"Tarzan was a small orphan who was raised by an ape named Kala since he was a child. He believed that this was his family, but on an expedition Jane Porter is rescued by Tarzan. He then finds out that he's human. Now Tarzan must make the decision as to which family he should belong to...",14.2482,7.4,7029,37135
2688,"General's Daughter, The (1999)",,,0.2182,0,0,1025396
2690,"Ideal Husband, An (1999)",12/20/1980,"British MP Sir Robert Chiltern is known for his honesty and integrity. To match his wife, Lady Chiltern, who is an example of high morality. However, the past of Sir Robert, as it turned out, is not at all perfect.  Famous socialite adventurer Laura Cheveley, with evidence of his long-standing dishonorable act, is trying to blackmail Chiltern. Not only Sir Robert's reputation and career are at stake, but also family happiness. His best friend comes to the rescue — Lord Goring.",1.655,5.3,6,311022
2691,"Legend of 1900, The (a.k.a. The Legend of the Pianist on the Ocean) (Leggenda del pianista sull'oceano) (1998)",10/28/1998,"The story of a virtuoso piano player who lives his entire life aboard an ocean liner. Born and raised on the ship, 1900 learned about the outside world through interactions with passengers, never setting foot on land, even for the love of his life. Years later, the ship may be destroyed, and a former band member fears that 1900 may still be aboard, willing to go down with the ship.",2.6632,8.3,2342,10376
2692,Run Lola Run (Lola rennt) (1998),8/20/1998,"Lola receives a phone call from her boyfriend Manni. He lost 100,000 DM in a subway train that belongs to a very bad guy. She has 20 minutes to raise this amount and meet Manni. Otherwise, he will rob a store to get the money. Three different alternatives may happen depending on some minor event along Lola's run.",2.8577,7.293,2398,104
2693,Trekkies (1997),10/18/1997,"Denise Crosby takes a first look at the huge fans of ""Star Trek"" from around America and how the series has affected and shaped their lives.",0.4563,6.358,61,15800
2694,Big Daddy (1999),6/25/1999,"A lazy law school grad adopts a kid to impress his girlfriend, but everything doesn't go as planned and he becomes the unlikely foster father.",3.9106,6.489,3378,9032
2695,"Boys, The (1998)",3/5/2016,"Sergio and Octavio discover each other in a game between seduction and desire during a night of celebration. At daybreak, each will have a piece of the other: their joint gay moments.",0.1937,4.4,5,511420
2696,"Dinner Game, The (Dîner de cons, Le) (1998)",4/15/1998,"For Pierre Brochant and his friends, Wednesday is “Idiots' Day”. The idea is simple: each person has to bring along an idiot. The one who brings the most spectacular idiot wins the prize. Tonight, Brochant is ecstatic. He has found a gem. The ultimate idiot, “A world champion idiot!”. What Brochant doesn’t know is that Pignon is a real jinx, a past master in the art of bringing on catastrophes...",2.3052,7.764,1981,9421
2697,My Son the Fanatic (1997),10/21/1997,Pakistani taxi-driver Parvez and prostitute Bettina find themselves trapped in the middle when Islamic fundamentalists decide to clean up their local town.,1.0246,5.1,14,55955
2698,Zone 39 (1997),5/4/1996,"In a time of misery and fear two enemies come together to prevent an apocalypse conspired by their leaders. 40 years of war between the Federated Republics and the New Territories Union has taken its toll. The cities are overcrowded, farming land is riddled with unexploded mines -- and still there is no hope of peace. In this hostile, decaying world of the future on thing remains constant for Lieutenant Leo Megaw; his love for his pregnant wife. Her access to classified information makes her an increasing liability for the government. When she's ambushed, Leo is forced into exile. As a border patrolman on the isolated outpost of Zone 39, ordered to kill anyone that tries to cross the border, he comes to understand that ultimate catastrophe forced upon his world by his government. The real enemy is not looming across the border but standing right behind him. Now he must reach across the border into enemy territory and form an alliance to save his world.",0.7413,5.583,12,67067
2699,Arachnophobia (1990),7/20/1990,"A large spider from the jungles of South America is accidentally transported in a crate with a dead body to America where it mates with a local spider. Soon after, the residents of a small California town disappear as the result of spider bites from the deadly spider offspring. It's up to a couple of doctors with the help of an insect exterminator to annihilate these eight legged freaks.",1.7186,6.436,1439,6488
2700,"South Park: Bigger, Longer and Uncut (1999)",6/24/1999,"In this feature film based on the hit animated series, the third graders of South Park sneak into an R-rated film by ultra-vulgar Canadian television personalities Terrance and Phillip, and emerge with expanded vocabularies that leave their parents and teachers scandalized. When outraged Americans try to censor the film, the controversy spirals into a call to wage war on Canada and Terrance and Phillip end up on death row, with the kids their only hope of rescue.",4.9484,7.277,2797,9473
2701,Wild Wild West (1999),6/30/1999,Legless Southern inventor Dr. Arliss Loveless plans to rekindle the Civil War by assassinating President Ulysses S. Grant. Only two men can stop him: gunfighter James West and master-of-disguise and inventor Artemus Gordon. The two must team up to thwart Loveless' plans.,5.4385,5.317,3416,8487
2702,Summer of Sam (1999),6/28/1999,"Spike Lee's take on the ""Son of Sam"" murders in New York City during the summer of 1977 centering on the residents of an Italian-American Northeast Bronx neighborhood who live in fear and distrust of one another.",1.7278,6.488,491,10279
2706,American Pie (1999),7/9/1999,"At a high-school party, four friends find that losing their collective virginity isn't as easy as they had thought. But they still believe that they need to do so before college. To motivate themselves, they enter a pact to all ""score"" by their senior prom.",14.4394,6.596,7941,2105
2707,Arlington Road (1999),3/19/1999,"Bedraggled college professor Michael Faraday has been vexed — and increasingly paranoid — since his wife's accidental death in a botched FBI operation. When a seemingly all-American couple set up house next door, Michael begin to suspect there’s more to them than meets the eye.",5.3111,7.018,1160,1073
2708,"Autumn Tale, An (Conte d'automne) (1998)",2/14/2019,The film tells a story of 2 girls who were born on the same day and unintentionally switched at birth. Their lives are completed changed due to the misplacement when they are returned to their respective families.,1.5892,9,1,578789
2709,Muppets From Space (1999),7/14/1999,"When Gonzo's breakfast cereal tells him that he's the descendant of aliens from another planet, his attempts at extraterrestrial communication get him kidnapped by a secret government agency, prompting the Muppets to spring into action. It's hard to believe Gonzo's story at first, but Kermit and friends soon find themselves on an epic journey into outer space filled with plenty of intergalactic misadventures.",1.6177,6.1,339,10208
2710,"Blair Witch Project, The (1999)",7/14/1999,"In October of 1994 three student filmmakers disappeared in the woods near Burkittsville, Maryland, while shooting a documentary. A year later their footage was found.",6.7125,6.361,5109,2667
2712,Eyes Wide Shut (1999),7/16/1999,"After Dr. Bill Harford's wife, Alice, admits to having sexual fantasies about a man she met, Bill becomes obsessed with having a sexual encounter. He discovers an underground sexual group and attends one of their meetings -- and quickly discovers that he is in over his head.",14.1701,7.484,6560,345
2713,Lake Placid (1999),7/15/1999,"When a man is eaten alive by an unknown creature, the local Game Warden teams up with a paleontologist from New York to find the beast. Add to the mix an eccentric philanthropist with a penchant for ""Crocs"", and here we go! This quiet, remote lake is suddenly the focus of an intense search for a crocodile with a taste for live animals...and people!",3.2101,5.9,1181,9825
2716,Ghostbusters (a.k.a. Ghost Busters) (1984),7/14/2016,"Following a ghost invasion of Manhattan, paranormal enthusiasts Erin Gilbert and Abby Yates, nuclear engineer Jillian Holtzmann, and subway worker Patty Tolan band together to stop the otherworldly threat.",11.666,5.347,6580,43074
2717,Ghostbusters II (1989),6/16/1989,The discovery of a massive river of ectoplasm and a resurgence of spectral activity allows the staff of Ghostbusters to revive the business.,7.177,6.591,4622,2978
2718,Drop Dead Gorgeous (1999),2/14/2017,"Set in New Jersey in 1938, ""Drop Dead, Gorgeous"" follows the stories of high-society woman Irene Moretti and private investigator Miles Marshall. After Irene's husband, mob boss Luca Moretti, is murdered, Irene hires Marshall to help her flee the country. Meanwhile, her husband's mob connections double-hire Marshall to track down the killer, creating problems for themselves, Irene, and ultimately for Marshall himself. This twenty-minute short film takes inspiration from the classic noir tradition.",0.0545,0,0,598407
2719,"Haunting, The (1999)",2/26/2023,"An engaged Muslim doctor, her fiancé, and their friends go on a holiday at St. Joseph’s Guesthouse, unaware that it was the site of a sacrifice of an innocent centuries before. They soon come to believe that it's haunted and causing them to go crazy, as their emotions spiral out of control.",9.3664,4.5,12,1092073
2720,Inspector Gadget (1999),7/23/1999,"John Brown is a bumbling but well-intentioned security guard who is badly injured in an explosion planned by an evil mastermind. He is taken to a laboratory, where Brenda, a leading robotics surgeon, replaces his damaged limbs with state-of-the-art gadgets and tools. Named ""Inspector Gadget"" by the press, John -- along with his niece, Penny, and her trusty dog, Brain -- uses his new powers to discover who was behind the explosion.",4.7279,4.503,1257,332
2722,Deep Blue Sea (1999),7/28/1999,"Researchers on the undersea lab Aquatica have genetically altered the brains of captive sharks to develop a cure for Alzheimer's disease. But there's an unexpected side effect: the sharks got smarter, faster, and more dangerous. After a big storm damages their remote research facility, they must fight for their lives.",8.2128,5.993,2521,8914
2723,Mystery Men (1999),8/6/1999,"When Champion City's hero Captain Amazing is kidnapped by the recently paroled supervillain Casanova Frankenstein, a trio of average, everyday superheroes -- Mr. Furious, the Shoveler and the Blue Raja -- assemble a new super team to save him.",1.726,5.814,867,9824
2724,Runaway Bride (1999),7/30/1999,"Having already left three grooms at the altar, Maggie Carpenter is branded ""the runaway bride"" by jaded New York journalist Ike Graham. But, after his facts are called into question, Ike races to Maggie's hometown to save his reputation and report on her upcoming fourth trip down the aisle – during which he's convinced she'll run again. Though he's there on a muckraking mission, Ike can't help but fall for this breathtaking heartbreaker.",2.9689,6.121,2081,4806
2725,Twin Falls Idaho (1999),7/30/1999,"Francis and Blake Falls are Siamese twins who live in a neat little room in a rundown hotel. While sharing some organs, Blake is always fit and Francis is very sickly. Into their world comes a young lady, who turns their world upside down. She gets involved with Blake, and convinces the two to attend a Halloween party, where they can pass themselves off as wearing a costume. Eventually Francis becomes really ill, and they have to be separated. They then face the physical and mental strains that come from their proposed separation.",1.6237,7.033,45,33430
2726,"Killing, The (1956)",10/12/2024,"Jair Soria, famously known as ""Shocker,"" was a central figure in Mexican wrestling's last golden age, becoming one of the sport's most iconic and prolific stars. At the peak of his career, however, his rise to fame took a dark turn as personal demons and addictions began to unravel both his life and the larger-than-life persona that made him a legend. Now locked in a battle not against rivals in the ring, but against himself, Shocker faces a daily struggle for redemption as he fights to reclaim his identity and confront his inner turmoil.",0.0847,6.75,2,1351873
2727,Killer's Kiss (1955),10/1/1955,"Davey Gordon, a New York City boxer at the end of his career, falls for dancer Gloria Price. However, their budding relationship is interrupted by Gloria's violent boss, Vincent Rapallo, who has eyes for Gloria. The two decide to skip town, but before they can, Vincent and his thugs abduct Gloria, and Davey is forced to search for her among the most squalid corners of the city, with his enemy hiding in the shadows.",1.5075,6.354,567,10056
2728,Spartacus (1960),10/13/1960,"The rebellious Thracian Spartacus, born and raised a slave, is sold to Gladiator trainer Batiatus. After weeks of being trained to kill for the arena, Spartacus turns on his owners and leads the other slaves in rebellion. As the rebels move from town to town, their numbers swell as escaped slaves join their ranks. Under the leadership of Spartacus, they make their way to southern Italy, where they will cross the sea and return to their homes.",6.5535,7.538,2260,967
2729,Lolita (1962),9/27/1997,"Humbert Humbert is a middle-aged British novelist who is both appalled by and attracted to the vulgarity of American culture. When he comes to stay at the boarding house run by Charlotte Haze, he soon becomes obsessed with Lolita, the woman's teenaged daughter.",8.6068,7.136,1870,9769
2730,Barry Lyndon (1975),12/18/1975,"An Irish rogue uses his cunning and wit to work his way up the social classes of 18th century England, transforming himself from the humble Redmond Barry into the noble Barry Lyndon.",6.7347,8.001,2985,3175
2731,"400 Blows, The (Les quatre cents coups) (1959)",6/3/1959,"For young Parisian boy Antoine Doinel, life is one difficult situation after another. Surrounded by inconsiderate adults, including his neglectful parents, Antoine spends his days with his best friend, Rene, trying to plan for a better life. When one of their schemes goes awry, Antoine ends up in trouble with the law, leading to even more conflicts with unsympathetic authority figures.",1.691,8,2223,147
2732,Jules and Jim (Jules et Jim) (1961),1/23/1962,"In the carefree days before World War I, introverted Austrian author Jules strikes up a friendship with the exuberant Frenchman Jim and both men fall for the impulsive and beautiful Catherine.",1.8858,7.555,1010,1628
2733,Vibes (1988),8/5/1988,"Medium Sylvia Pickel and psychometrist Nick Deezy meet at a psychic research facility in New York. Not long after, they're contacted by Harry Buscafusco, who offers them $50,000 to find his lost son in South America, in the heart of Incan territory where they discover an ancient mystical secret, and each other.",5.1307,5.669,77,21185
2734,"Mosquito Coast, The (1986)",11/26/1986,An inventor spurns his city life and moves his family into the jungles of Central America to make a utopia.,1.1109,6.4,485,11120
2735,"Golden Child, The (1986)",12/12/1986,"After a Tibetan boy, the mystical Golden Child, is kidnapped by the evil Sardo Numspa, humankind's fate hangs in the balance. On the other side of the world in Los Angeles, the priestess Kee Nang seeks the Chosen One, who will save the boy from death. When Nang sees social worker Chandler Jarrell on television discussing his ability to find missing children, she solicits his expertise, despite his skepticism over being ""chosen.""",2.5634,5.9,1118,10136
2736,Brighton Beach Memoirs (1986),12/26/1986,"Eugene, a young teenage Jewish boy, recalls his memoirs of his time as an adolescent youth. He lives with his parents, his aunt, two cousins, and his brother, Stanley, whom he looks up to and admires. He goes through the hardships of puberty, sexual fantasy, and living the life of a poor boy in a crowded house.",1.7167,6.5,54,32060
2737,Assassination (1987),8/18/1967,"John Chandler is sentenced to death only to re-emerge as his own brother, courtesy of the CIA who have arranged the subterfuge so they can use him as a double agent.",3.9629,4.8,4,104368
2738,Crimes of the Heart (1986),12/12/1986,Three sisters try to come to grips with the meaning of their mother's suicide.,1.3234,6.031,65,48259
2739,"Color Purple, The (1985)",2/1/2010,"An undercover Iranian intelligence officer investigates the political status of a college student, whose parents were active members of the mujahedin khalgh radical group.",0.3872,4.7,10,414086
2740,"Kindred, The (1986)",1/9/1987,"Amanda's deathbed request to her son, John, was for him to destroy all the lab notes etc. from her last experiment. She also blurts out he had a brother. At the funeral John meets Melissa, who claims to be his mother's biggest fan. Together with some of John's friends they go to Amanda's house, but none are prepared for what they find there.",2.5554,5.98,74,48660
2741,No Mercy (1986),9/1/2024,"The 2024 NXT No Mercy was a professional wrestling event produced by WWE. It was the second annual No Mercy held for the promotion's developmental brand NXT, and the 15th No Mercy event overall. It took place on Sunday, September 1, 2024, at the Ball Arena in Denver, Colorado.",2.2194,6.6,5,1316043
2742,Ménage (Tenue de soirée) (1986),9/2/1992,"Blanche is a maniac for the housekeeping. Colette, after having a sleepless night very eventfull, is coming to visit her.",0.2456,5,1,830211
2743,Native Son (1986),12/24/1986,"In 1940s Chicago, a young black man takes a job as a chauffeur to a white family, which takes a turn for the worse when he accidentally kills the teenage daughter of the couple and then tries to cover it up.",1.0191,5.208,12,108312
2744,Otello (1986),9/4/1986,"Based on Shakespeare's play, Verdi's opera depicts the devastating effects of jealousy, ""...the green-eyed monster which doth mock the meat it feeds upon"". Believing Otello has promoted the fast-rising Cassio over himself, Iago plots to destroy both Cassio and Otello. Iago convinces the jealous Otello that his beautiful wife Desdemona is unfaithful, and that Cassio is her lover. Jealousy is followed by tragedy, then retribution, ""Has Heaven no more thunderbolts?""",2.8077,5.9,10,198469
2745,"Mission, The (1986)",5/17/2025,"Ethan Hunt and team continue their search for the terrifying AI known as the Entity — which has infiltrated intelligence networks all over the globe — with the world's governments and a mysterious ghost from Hunt's past on their trail. Joined by new allies and armed with the means to shut the Entity down for good, Hunt is in a race against time to prevent the world as we know it from changing forever.",444.5995,7.3,1546,575265
2746,Little Shop of Horrors (1986),12/19/1986,"Seymour Krelborn is a nerdy orphan working at Mushnik's; a flower shop in urban Skid Row. He harbors a crush on fellow co-worker, Audrey Fulquard, and is berated by Mr. Mushnik daily. One day, Seymour finds a very mysterious unidentified plant which he calls Audrey II. The plant seems to have a craving for blood and soon begins to sing for his supper.",4.3115,7,1524,10776
2747,"Little Shop of Horrors, The (1960)",8/5/1960,"Seymour works in a skid row florist shop and is in love with his beautiful co-worker, Audrey. He creates a new plant that not only talks but cannot survive without human flesh and blood.",1.7762,6.265,425,24452
2748,Allan Quatermain and the Lost City of Gold (1987),12/17/1986,"After his brother Robeson disappears without a trace while exploring Africa in search of a legendary 'white tribe', Allan Quatermain decides to follow in his footsteps to learn what became of him. Soon after arriving, he discovers the Lost City of Gold, controlled by the evil lord Agon, and mined by his legions of white slaves.",1.9996,4.745,286,9710
2749,"Morning After, The (1986)",1/11/2015,The Morning After is a feature film that consists of 8 vignettes that are inter-cut throughout the film. The 8 vignettes are about when you wake up next to someone the next morning...,0.3945,3.8,9,420346
2750,Radio Days (1987),1/30/1987,"The Narrator tells us how the radio influenced his childhood in the days before TV. In the New York City of the late 1930s to the New Year's Eve 1944, this coming-of-age tale mixes the narrator's experiences with contemporary anecdotes and urban legends of the radio stars.",2.9578,7.053,600,30890
2751,From the Hip (1987),2/6/1987,"Apprentice lawyer Robin Weathers turns a civil suit into a headline grabbing charade. He must reexamine his scruples after his shenanigans win him a promotion in his firm, and he must now defend a college professor who is appearantly guilty of murder.",1.6829,5.9,43,24081
2752,Outrageous Fortune (1987),1/30/1987,"Refined actress Lauren Ames finally has a chance to study with the great theatre professor Stanislav Korzenowski. Sandy Brozinsky, a brash, loud actress, decides through happenstance to also study with Korzenowski. The two women end up dating the same man (who turns out to be a double agent) and follow him across the country to force him to choose between them.",2.3468,6,121,20242
2754,Deadtime Stories (1987),10/28/2009,"An anthology of three horror stories presented by George A. Romero.  In ""Valley of the Shadow,"" a woman searches for her missing husband in the jungles of South America, only to be in great danger herself. In ""Wet,"" a lonely man finds an empty box on the beach and opens it, with disastrous results. In ""House Call,"" a doctor is called to a rural farm house to diagnose a strange ailment. This segment is a short film directed by Tom Savini in 2004 as a failed television pilot.",0.4249,4.067,30,29429
2757,Frances (1982),12/3/1982,The true story of Frances Farmer's meteoric rise to fame in Hollywood and the tragic turn her life took when she was blacklisted.,3.0892,6.876,114,3526
2759,Dick (1999),8/4/1999,"Two high school girls wander off during a class trip to the White House and meet President Richard Nixon. They become the official dog walkers for Nixon's dog Checkers, and become his secret advisors during the Watergate scandal.",1.093,5.9,282,16406
2761,"Iron Giant, The (1999)",8/6/1999,"In the small town of Rockwell, Maine in October 1957, a giant metal machine befriends a nine-year-old boy and ultimately finds its humanity by unselfishly saving people from their own fears and prejudices.",10.8254,8,5857,10386
2762,"Sixth Sense, The (1999)",6/1/1929,"Carlos and his girlfriend Carmen are a happy and fun couple; however, his friend León and his girlfriend Luisa are quite the opposite; so Carlos recommends León to visit the mysterious Kamus —an artist, a drunkard, a philosopher—, in the hope that he can free him from his depressing and contagious existential pessimism…",0.1757,6,13,190328
2763,"Thomas Crown Affair, The (1999)",8/6/1999,"Bored billionaire executive Thomas Crown entertains himself by stealing a Monet from a reputed museum with an elaborate diversion. When Catherine Banning, the insurance company's investigator, takes an interest in Crown, he may have met his match, and a complicated back-and-forth game with seductive undertones begins between them.",6.4731,6.748,1253,913
2764,"Thomas Crown Affair, The (1968)",8/6/1999,"Bored billionaire executive Thomas Crown entertains himself by stealing a Monet from a reputed museum with an elaborate diversion. When Catherine Banning, the insurance company's investigator, takes an interest in Crown, he may have met his match, and a complicated back-and-forth game with seductive undertones begins between them.",6.4731,6.748,1253,913
2765,"Acid House, The (1998)",12/31/1998,"A surreal triptych adapted by ""Trainspotting"" author Irvine Welsh from his acclaimed collection of short stories. Combining a vicious sense of humor with hard-talking drama, the film reaches into the hearts and minds of the chemical generation, casting a dark and unholy light into the hidden corners of the human psyche.",0.8822,6.272,125,12229
2766,"Adventures of Sebastian Cole, The (1998)",9/11/1998,"Hank marries the divorced Joan, who's the mother of teens Sebastian and Jessica. After living with his new family for years, Hank announces that he's getting a sex change operation. The family deserts Hank, with Jessica going her own way and Sebastian staying with his mom. But Joan becomes an alcoholic, so Sebastian moves back in with Hank — now Henrietta — who turns out to be far more supportive than anyone else.",0.5167,5.1,16,67323
2769,"Yards, The (2000)",4/27/2000,"In the rail yards of Queens, contractors repair and rebuild the city's subway cars. These contracts are lucrative, so graft and corruption are rife. When Leo Handler gets out of prison, he finds his aunt married to Frank Olchin, one of the big contractors; he's battling with a minority-owned firm for contracts.",3.0953,6.209,477,19457
2770,Bowfinger (1999),8/12/1999,"On the verge of bankruptcy and desperate for his big break, aspiring filmmaker Bobby Bowfinger concocts a crazy plan to make his ultimate dream movie. Rallying a ragtag team that includes a starry-eyed ingenue, a has-been diva and a film studio gofer, he sets out to shoot a blockbuster featuring the biggest star in Hollywood, Kit Ramsey -- only without letting Ramsey know he's in the picture.",2.8415,6.175,896,11353
2771,Brokedown Palace (1999),8/13/1999,"Best friends Alice and Darlene take a trip to Thailand after graduating high school. In Thailand, they meet a captivating Australian man, who calls himself Nick Parks. Darlene is particularly smitten with Nick and convinces Alice to take Nick up on his offer to treat the two of them to what amounts to a day trip to Hong Kong. In the airport, the girls are seized by the police and shocked to discover that one of their bags contains heroin.",2.2106,6.428,395,17707
2772,Detroit Rock City (1999),8/13/1999,"In 1978, a Kiss concert was an epoch-making event. For the four teen fans in Detroit Rock City getting tickets to the sold-out show becomes the focal point of their existence. They'll do anything for tickets -- compete in a strip club's amateur-night contest, take on religious protesters, even rob a convenience store!",1.7707,6.74,423,9781
2774,Better Than Chocolate (1999),7/8/1999,"Not long after moving into her own place, Maggie finds herself with two unsolicited roommates: her recently divorced mother, Lila, and her young brother. The timing is especially bad, considering Maggie has fallen hard for an attractive woman, Kim, only hours before they move in. What could be a nonissue becomes increasingly complicated -- since Maggie's family is unaware of her sexual orientation, and Maggie is not open to sharing that information.",1.594,5.98,102,18212
2775,Head On (1998),8/13/1998,"Nineteen-year-old Ari confronts both his sexuality and his Greek family. Ari despises his once-beloved parents, former radical activists, for having entombed themselves in insular tradition. Ari is obsessed with gay sex, although he does make an unenthusiastic attempt to satisfy the sister of one of his best friends. While all of this is going on, he's facing problems with his traditional Greek parents, who have no clue about his sexual activities.",1.048,6.4,55,13817
2779,Heaven Can Wait (1978),8/18/2013,,0.5933,0,0,801267
2782,Pit and the Pendulum (1961),6/17/2009,"At the funeral of their mutual friend, mourners share stories about him that cross into fantasy.",0.4055,5,2,160107
2784,"Masque of the Red Death, The (1964)",10/27/1989,"With a deadly plague ravaging his Renaissance kingdom, Prince Prospero invites his friends to retire to the protection of his castle for ongoing revels, leaving the peasantry to die. But fate is not so easily escaped by the debauched nobility.",0.9823,4.385,13,30522
2786,Haunted Honeymoon (1986),7/25/1986,"Radio personalities Larry Abbot and Vickie Pearle are stars of a mystery show. Since they announced their engagement, Larry has been plagued by speech problems and, seeking out an unconventional cure, he returns to his boyhood home, a mansion in the countryside, bringing Vickie along. Larry reunites with numerous family members, but discovers that there are sinister things afoot within the walls of the creepy estate.",4.3205,5.4,160,24103
2787,Cat's Eye (1985),4/12/1985,"Three short stories linked by a stray cat that roams from one tale to the next, in this creepy triptych that begins as Dick tries to quit smoking by any means necessary. Next, we meet Johnny, an adulterous man who's forced by his lover's husband onto a building's hazardous ledge. Finally, Amanda is threatened by an evil gnome who throws suspicion on the family cat.",1.9619,6.713,686,10552
2788,Monty Python's And Now for Something Completely Different (1971),9/28/1971,A collection of Monty Python's Flying Circus skits from the first two seasons of their British TV series.,0.9113,7.226,550,9267
2789,Damien: Omen II (1978),6/9/1978,"Since the sudden and suspicious deaths of his parents, young Damien has been in the charge of his wealthy aunt and uncle and enrolled in a military school. Widely feared to be the Antichrist, he relentlessly plots to seize control of his uncle's business empire — and the world.",4.2741,6.423,771,10766
2790,"Final Conflict, The (a.k.a. Omen III: The Final Conflict) (1981)",2/6/1993,"A noble samurai serving the Shogun as 'Kogi Kaishaku-nin' (Official Executioner) is the target of a plot by the evil Yagyu Clan to take away his position and replace him with a member of their own family.  When his wife is murdered and evidence is produced that he was plotting against the Shogun the Code of Bushido calls for him and his son to commit sepuku. Instead he defies the Shogun's orders and takes up arms against his enemies, becoming an assassin for hire.",1.9532,7.6,12,361605
2791,Airplane! (1980),6/27/1980,An ex-fighter pilot forced to take over the controls of an airliner when the flight crew succumbs to food poisoning.,7.133,7.3,4759,813
2792,Airplane II: The Sequel (1982),12/10/1982,"A faulty computer causes a passenger space shuttle to head straight for the sun, and man-with-a-past Ted Striker must save the day and get the shuttle back on track – again – all the while trying to patch up his relationship with Elaine.",4.1488,6.1,1181,2665
2793,"American Werewolf in Paris, An (1997)",5/29/1997,An American man unwittingly gets involved with werewolves who have developed a serum allowing them to transform at will.,2.7084,5.971,714,9406
2794,European Vacation (aka National Lampoon's European Vacation) (1985),7/25/1985,"The Griswolds win a vacation to Europe on a game show, and so pack their bags for the continent. They do their best to catch the flavor of Europe, but they just don't know how to be be good tourists. Besides, they have trouble taking holidays in countries where they CAN speak the language.",2.0927,6.2,922,11418
2795,National Lampoon's Vacation (1983),7/29/1983,"Clark Griswold is on a quest to take his family to the Walley World theme park for a vacation, but things don't go exactly as planned.",4.6245,7.102,1630,11153
2796,Funny Farm (1988),6/3/1988,"Sportswriter Andy Farmer moves with his schoolteacher wife Elizabeth to the country in order to write a novel in relative seclusion. Of course, seclusion is the last thing the Farmers find in the small, eccentric town, where disaster awaits them at every turn.",1.1906,6.17,277,14170
2797,Big (1988),6/3/1988,When a young boy makes a wish at a carnival machine to be big—he wakes up the following morning to find that it has been granted and his body has grown older overnight. But he is still the same 13-year-old boy inside. Now he must learn how to cope with the unfamiliar world of grown-ups including getting a job and having his first romantic encounter with a woman.,7.3802,7.181,3776,2280
2798,Problem Child (1990),7/27/1990,"Ben Healy and his social climbing wife Flo adopt fun-loving seven year old Junior. But they soon discover he's a little monster as he turns a camping trip, a birthday party and even a baseball game into comic nightmares.",3.6841,6.151,871,11077
2799,Problem Child 2 (1991),7/3/1991,"Junior and his father, Ben, move from Cold River to Mortville. Junior becomes threatened by Ben's desire to date again and find a new mother for Junior, and sabotages each of his dates.",2.4458,5.885,633,28597
2800,Little Nemo: Adventures in Slumberland (1992),7/15/1989,"A little boy whose dreams transcend reality is sucked into his own fantasy, which is everything he has dreamed of, until he unleashes an old secret that may not only destroy this perfect dream world but reality itself.",2.1972,6.9,168,22611
2801,Oscar and Lucinda (a.k.a. Oscar & Lucinda) (1997),12/31/1997,"After a childhood of abuse by his evangelistic father, misfit Oscar Hopkins becomes an Anglican minister and develops a divine obsession with gambling. Lucinda Leplastrier is a rich Australian heiress shopping in London for materials for her newly acquired glass factory back home. Deciding to travel to Australia as a missionary, Oscar meets Lucinda aboard ship, and a mutual obsession blossoms. They make a wager that will alter each of their destinies.",1.2551,6.4,77,39780
2802,Tequila Sunrise (1988),12/2/1988,"In a seaside California town, best friends Mac and Nick are on opposite sides of the law. Mac is a former drug dealer trying to clean up his act, while Nick is a high-profile detective trying to take down a Mexican drug lord named Carlos. Soon Nick's loyalties are put to the test when he begins an affair with restaurateur Jo Ann  -- a love interest of Mac's -- unwittingly leading his friend into a police-orchestrated trap.",5.7086,6.063,533,10396
2803,"Pelican Brief, The (1993)",9/17/1993,"A law student's theory about the recent deaths of two Supreme Court justices embroils her in a far-reaching web of murder, corruption, and greed.",2.8055,6.593,1674,9944
2804,"Christmas Story, A (1983)",10/22/2018,"A charming Christmas tale of hope, forgiveness and faith that centers around a single mom, her seven year old daughter and a Salvation Army Santa Claus.",0.0578,5,10,567296
2805,Mickey Blue Eyes (1999),8/16/1999,"An English auctioneer proposes to the daughter of a mafia kingpin, only to realize that certain ""favors"" would be asked of him.",1.6309,5.682,570,10154
2806,Teaching Mrs. Tingle (1999),8/11/1999,"A bright high-school senior has her impending status as valedictorian jeopardized when her bitter history teacher, Mrs. Tingle, gives her a poor grade on a project.  When an attempt to get ahead in Mrs. Tingle's class goes awry, mayhem ensues and friendships, loyalties and trust are tested by the teacher's intricate mind-games.",1.9813,5.496,346,10342
2807,Universal Soldier: The Return (1999),8/5/1999,"Luc Deveraux, the heroic former Universal Soldier, is about to be thrown into action once again. When SETH, the supercomputer-controlled ultra-warrior, decides to take revenge and destroy its creators, only Luc can stop it. All hell breaks loose as Luc battles SETH and a deadly team of perfect soldiers in a struggle that pits man against machine and good against evil.",3.3066,5.918,1293,10366
2808,Universal Soldier (1992),7/10/1992,"An American soldier who had been killed during the Vietnam War is revived 25 years later by the military as a semi-android, UniSols, a high-tech soldier of the future. After the failure of the initiative to erase all the soldier's memories, he begins to experience flashbacks that are forcing him to recall his past.",7.8742,6.336,1781,9349
2810,Perfect Blue (1997),2/28/1998,"Encouraged by her managers, rising pop star Mima takes on a recurring role on a popular TV show, when suddenly her handlers and collaborators begin turning up murdered.",7.5759,8.3,2896,10494
2812,In Too Deep (1999),9/29/2023,"A couple are deeply grieving the death of their young daughter in their own ways, but the father’s obsession with memories of her is becoming dangerous.",0.0473,0,0,1175850
2813,"Source, The (1999)",7/1/2023,"After the defeat of the Revolution in 1927, white terror gripped Shanghai. Zhang Renya, an early member of the Chinese Communist Party, risked his life time and again to carry out thrilling yet effective work in Ningbo, Shanghai, Anhui and Jiangxi. With the calmness and meticulousness of a scholar and the toughness and perseverance of a warrior, he regarded the completion of his mission as his highest mission and firmly guarded the ""power code"" of the Party.",0.07,0,0,1142192
2815,Iron Eagle (1986),12/1/1995,"While Chappy Sinclair is saddled with a bunch of misfits and delinquents for his flight school, he turns to his protégé Doug Masters to assist him in rounding them into shape for an important competition. During their training, they stumble upon a group of subversive air force officers who are dealing in toxic waste as a sideline.",1.972,3.8,46,28737
2816,Iron Eagle II (1988),11/11/1988,Chappy Sinclair is called to gather together a mixed Soviet/U.S. strike force that will perform a surgical strike on a massively defended nuclear missile site in the Middle East. Chappy finds that getting the Soviet and U.S. Pilots to cooperate is only the most minor of his problems as he discovers someone in the Pentagon is actively sabotaging his mission.,0.823,4.5,90,11955
2817,Aces: Iron Eagle III (1992),1/9/1992,"Chappy discovers a drug-smuggling scheme at his own air base. It turns out that the lives of some village people in Peru are at stake, and he decides to fly there with ancient airplanes and friends to free them.",0.7536,4.1,69,2038
2818,Iron Eagle IV (1995),12/1/1995,"While Chappy Sinclair is saddled with a bunch of misfits and delinquents for his flight school, he turns to his protégé Doug Masters to assist him in rounding them into shape for an important competition. During their training, they stumble upon a group of subversive air force officers who are dealing in toxic waste as a sideline.",1.972,3.8,46,28737
2819,Three Days of the Condor (3 Days of the Condor) (1975),9/24/1975,"When bookish CIA researcher Joe Turner finds all his co-workers dead, he, together with a woman he has kidnapped, must work together to outwit those responsible until he determines who he can really trust.",3.5554,7.3,1233,11963
2820,Hamlet (1964),5/2/2020,,0.5195,0,0,1108022
2822,Medicine Man (1992),2/7/1992,"An eccentric scientist in the Amazon jungle rejects his research assistant for being a woman, but as bulldozers threaten their work on a potential cancer cure, they learn to collaborate and begin to fall in love.",1.9124,5.991,393,9096
2824,On the Ropes (1999),12/1/2016,"A story that reflects the Lebanese society through a family whose members' lives are suspended, like everything else in the country.",0.1156,0,0,730722
2826,"13th Warrior, The (1999)",8/13/1999,"A Muslim ambassador exiled from his homeland joins a group of Vikings, initially offended by their behavior but growing to respect them. As they travel together, they learn of a legendary evil closing in and must unite to confront this formidable force.",4.8324,6.688,1932,1911
2827,"Astronaut's Wife, The (1999)",8/27/1999,"When astronaut Spencer Armacost returns to Earth after a mission that nearly cost him his life, he decides to take a desk job in order to see his beautiful wife, Jillian, more often. Gradually, Jillian notices that Spencer's personality seems to have changed, but her concerns fade when she discovers that she's pregnant. As Jillian grows closer to becoming a mother, her suspicions about Spencer return. Why does it seem as if he's a different person?",2.0224,5.619,943,2900
2828,Dudley Do-Right (1999),8/27/1999,"Royal Canadian Mountie Dudley Do-right is busy keeping the peace in his small mountain town when his old rival, Snidely Whiplash, comes up with a plot to buy all the property in town, then start a phony gold rush by seeding the river with gold nuggets.",2.8261,4.097,192,17709
